2026-06-08 05:11:40,856 - MQTTClient - 99 - DEBUG - Published: Rpc/ - {"\u865a\u62df\u8bbe\u5907": {"\u4e00\u671f3\u53f7\u98ce\u673aSV\u503c": 65.0}}
2026-06-08 05:11:40,856 - MQTTClient - 177 - DEBUG - Message published (mid=19378)
2026-06-08 05:11:40,857 - MQTTClient - 99 - DEBUG - Published: Rpc/ - {"\u865a\u62df\u8bbe\u5907": {"\u4e8c\u671f1\u53f7\u98ce\u673a\u542f\u505c": 1}}
2026-06-08 05:11:40,862 - MQTTClient - 177 - DEBUG - Message published (mid=19379)
2026-06-08 05:11:40,875 - MQTTClient - 177 - DEBUG - Message published (mid=19380)
2026-06-08 05:11:40,875 - MQTTClient - 99 - DEBUG - Published: Rpc/ - {"\u865a\u62df\u8bbe\u5907": {"\u4e8c\u671f3\u53f7\u98ce\u673a\u542f\u505c": 1}}
2026-06-08 05:11:40,876 - MQTTClient - 99 - DEBUG - Published: Rpc/ - {"\u865a\u62df\u8bbe\u5907": {"\u4e8c\u671f1\u53f7\u98ce\u673aSV\u503c": 72.5}}
2026-06-08 05:11:40,876 - MQTTClient - 177 - DEBUG - Message published (mid=19381)
2026-06-08 05:11:40,880 - MQTTClient - 177 - DEBUG - Message published (mid=19382)
2026-06-08 05:11:40,880 - MQTTClient - 99 - DEBUG - Published: Rpc/ - {"\u865a\u62df\u8bbe\u5907": {"\u4e8c\u671f3\u53f7\u98ce\u673aSV\u503c": 75.5}}
2026-06-08 05:11:40,881 - MQTTClient - 99 - DEBUG - Published: Rpc/ - {"\u865a\u62df\u8bbe\u5907": {"\u4e8c\u671f6\u53f7\u98ce\u673a\u542f\u505c": 1}}
2026-06-08 05:11:40,881 - MQTTClient - 177 - DEBUG - Message published (mid=19383)
2026-06-08 05:11:40,884 - MQTTClient - 99 - DEBUG - Published: Rpc/ - {"\u865a\u62df\u8bbe\u5907": {"\u4e8c\u671f6\u53f7\u98ce\u673aSV\u503c": 75.5}}
2026-06-08 05:11:40,884 - MQTTClient - 177 - DEBUG - Message published (mid=19384)
2026-06-08 05:11:40,885 - MQTTClient - 99 - DEBUG - Published: /idms/api/v1/createControlX - {"type": "\u66dd\u6c14\u667a\u80fd\u4f53", "time": "2026-06-08 05:11:40", "algorithmVersion": "v1.0.0", "controller": "\u9ec4\u5188AI\u7b97\u6cd5\u63a7\u5236", "outputCommand": "\u4e00\u671f\u751f\u7269\u6c60#\u5b9e\u65f6\uff1a\u4e00\u671f\u6eb6\u89e3\u6c27\uff1a3.22mg/L\uff0c\u76ee\u6807\u503c\uff1a2mg/L#\u4e00\u671f1\u53f7\u98ce\u673a\u8fd0\u884c\uff0c\u53cd\u9988\uff1a75%\uff0c\u4e0a\u9650\uff1a100%\uff0c\u4e0b\u9650\uff1a55%\uff0c\u63a7\u5236\u8f93\u51fa\uff1a67.0%\u4e00\u671f2\u53f7\u98ce\u673a\u8fd0\u884c\uff0c\u53cd\u9988\uff1a70%\uff0c\u4e0a\u9650\uff1a100%\uff0c\u4e0b\u9650\uff1a55%\uff0c\u63a7\u5236\u8f93\u51fa\uff1a62.0%\u4e00\u671f3\u53f7\u98ce\u673a\u8fd0\u884c\uff0c\u53cd\u9988\uff1a70%\uff0c\u4e0a\u9650\uff1a100%\uff0c\u4e0b\u9650\uff1a55%\uff0c\u63a7\u5236\u8f93\u51fa\uff1a62.0%\u4e8c\u671f\u751f\u7269\u6c60#\u5b9e\u65f6\uff1a\u4e8c\u671f\u6eb6\u89e3\u6c27\uff1a2.26mg/L\uff0c\u76ee\u6807\u503c\uff1a2mg/L#\u4e8c\u671f1\u53f7\u98ce\u673a\u8fd0\u884c\uff0c\u53cd\u9988\uff1a75%\uff0c\u4e0a\u9650\uff1a98%\uff0c\u4e0b\u9650\uff1a55%\uff0c\u63a7\u5236\u8f93\u51fa\uff1a72.5%\u4e8c\u671f3\u53f7\u98ce\u673a\u8fd0\u884c\uff0c\u53cd\u9988\uff1a78%\uff0c\u4e0a\u9650\uff1a98%\uff0c\u4e0b\u9650\uff1a55%\uff0c\u63a7\u5236\u8f93\u51fa\uff1a75.5%\u4e8c\u671f6\u53f7\u98ce\u673a\u8fd0\u884c\uff0c\u53cd\u9988\uff1a78%\uff0c\u4e0a\u9650\uff1a98%\uff0c\u4e0b\u9650\uff1a55%\uff0c\u63a7\u5236\u8f93\u51fa\uff1a75.5%"}
2026-06-08 05:11:40,887 - MQTTClient - 177 - DEBUG - Message published (mid=19385)
2026-06-08 05:11:55,848 - MQTTClient - 99 - DEBUG - Published: Rpc/ - {"\u865a\u62df\u8bbe\u5907": {"\u4e00\u671f1\u53f7\u98ce\u673aSV\u503c": 67.0}}
2026-06-08 05:11:55,849 - MQTTClient - 177 - DEBUG - Message published (mid=19386)
2026-06-08 05:11:55,858 - MQTTClient - 99 - DEBUG - Published: Rpc/ - {"\u865a\u62df\u8bbe\u5907": {"\u4e00\u671f2\u53f7\u98ce\u673aSV\u503c": 62.0}}
2026-06-08 05:11:55,858 - MQTTClient - 177 - DEBUG - Message published (mid=19387)
2026-06-08 05:11:55,864 - MQTTClient - 99 - DEBUG - Published: Rpc/ - {"\u865a\u62df\u8bbe\u5907": {"\u4e00\u671f3\u53f7\u98ce\u673aSV\u503c": 62.0}}
2026-06-08 05:11:55,864 - MQTTClient - 177 - DEBUG - Message published (mid=19388)
2026-06-08 05:13:41,061 - MQTTClient - 99 - DEBUG - Published: Rpc/ - {"\u865a\u62df\u8bbe\u5907": {"\u4e00\u671f1\u53f7\u98ce\u673a\u542f\u505c": 1}}
2026-06-08 05:13:41,061 - MQTTClient - 177 - DEBUG - Message published (mid=19389)
2026-06-08 05:13:41,063 - MQTTClient - 99 - DEBUG - Published: Rpc/ - {"\u865a\u62df\u8bbe\u5907": {"\u4e00\u671f1\u53f7\u98ce\u673aSV\u503c": 67.0}}
2026-06-08 05:13:41,063 - MQTTClient - 177 - DEBUG - Message published (mid=19390)
2026-06-08 05:13:41,064 - MQTTClient - 99 - DEBUG - Published: Rpc/ - {"\u865a\u62df\u8bbe\u5907": {"\u4e00\u671f2\u53f7\u98ce\u673a\u542f\u505c": 1}}
2026-06-08 05:13:41,066 - MQTTClient - 177 - DEBUG - Message published (mid=19391)
2026-06-08 05:13:41,068 - MQTTClient - 99 - DEBUG - Published: Rpc/ - {"\u865a\u62df\u8bbe\u5907": {"\u4e00\u671f2\u53f7\u98ce\u673aSV\u503c": 67.0}}
2026-06-08 05:13:41,068 - MQTTClient - 177 - DEBUG - Message published (mid=19392)
2026-06-08 05:13:41,068 - MQTTClient - 99 - DEBUG - Published: Rpc/ - {"\u865a\u62df\u8bbe\u5907": {"\u4e00\u671f3\u53f7\u98ce\u673a\u542f\u505c": 1}}
2026-06-08 05:13:41,070 - MQTTClient - 177 - DEBUG - Message published (mid=19393)
2026-06-08 05:13:41,073 - MQTTClient - 99 - DEBUG - Published: Rpc/ - {"\u865a\u62df\u8bbe\u5907": {"\u4e00\u671f3\u53f7\u98ce\u673aSV\u503c": 67.0}}
2026-06-08 05:13:41,073 - MQTTClient - 177 - DEBUG - Message published (mid=19394)
2026-06-08 05:13:41,073 - MQTTClient - 99 - DEBUG - Published: Rpc/ - {"\u865a\u62df\u8bbe\u5907": {"\u4e8c\u671f1\u53f7\u98ce\u673a\u542f\u505c": 1}}
2026-06-08 05:13:41,075 - MQTTClient - 177 - DEBUG - Message published (mid=19395)
2026-06-08 05:13:41,078 - MQTTClient - 99 - DEBUG - Published: Rpc/ - {"\u865a\u62df\u8bbe\u5907": {"\u4e8c\u671f3\u53f7\u98ce\u673a\u542f\u505c": 1}}
2026-06-08 05:13:41,078 - MQTTClient - 177 - DEBUG - Message published (mid=19396)
2026-06-08 05:13:41,082 - MQTTClient - 177 - DEBUG - Message published (mid=19397)
2026-06-08 05:13:41,083 - MQTTClient - 99 - DEBUG - Published: Rpc/ - {"\u865a\u62df\u8bbe\u5907": {"\u4e8c\u671f6\u53f7\u98ce\u673a\u542f\u505c": 1}}
2026-06-08 05:13:41,087 - MQTTClient - 177 - DEBUG - Message published (mid=19398)
2026-06-08 05:13:41,087 - MQTTClient - 99 - DEBUG - Published: /idms/api/v1/createControlX - {"type": "\u66dd\u6c14\u667a\u80fd\u4f53", "time": "2026-06-08 05:13:41", "algorithmVersion": "v1.0.0", "controller": "\u9ec4\u5188AI\u7b97\u6cd5\u63a7\u5236", "outputCommand": "\u4e00\u671f\u751f\u7269\u6c60#\u5b9e\u65f6\uff1a\u4e00\u671f\u6eb6\u89e3\u6c27\uff1a3.45mg/L\uff0c\u76ee\u6807\u503c\uff1a2mg/L#\u4e00\u671f1\u53f7\u98ce\u673a\u8fd0\u884c\uff0c\u53cd\u9988\uff1a72%\uff0c\u4e0a\u9650\uff1a100%\uff0c\u4e0b\u9650\uff1a55%\uff0c\u63a7\u5236\u8f93\u51fa\uff1a64.0%\u4e00\u671f2\u53f7\u98ce\u673a\u8fd0\u884c\uff0c\u53cd\u9988\uff1a72%\uff0c\u4e0a\u9650\uff1a100%\uff0c\u4e0b\u9650\uff1a55%\uff0c\u63a7\u5236\u8f93\u51fa\uff1a64.0%\u4e00\u671f3\u53f7\u98ce\u673a\u8fd0\u884c\uff0c\u53cd\u9988\uff1a72%\uff0c\u4e0a\u9650\uff1a100%\uff0c\u4e0b\u9650\uff1a55%\uff0c\u63a7\u5236\u8f93\u51fa\uff1a64.0%\u4e8c\u671f\u751f\u7269\u6c60#\u5b9e\u65f6\uff1a\u4e8c\u671f\u6eb6\u89e3\u6c27\uff1a2.04mg/L\uff0c\u76ee\u6807\u503c\uff1a2mg/L#\u4e8c\u671f1\u53f7\u98ce\u673a\u8fd0\u884c\uff0c\u53cd\u9988\uff1a75%\uff0c\u4e0a\u9650\uff1a98%\uff0c\u4e0b\u9650\uff1a55%\uff0c\u63a7\u5236\u8f93\u51fa\uff1a75.0%\u4e8c\u671f3\u53f7\u98ce\u673a\u8fd0\u884c\uff0c\u53cd\u9988\uff1a78%\uff0c\u4e0a\u9650\uff1a98%\uff0c\u4e0b\u9650\uff1a55%\uff0c\u63a7\u5236\u8f93\u51fa\uff1a78.0%\u4e8c\u671f6\u53f7\u98ce\u673a\u8fd0\u884c\uff0c\u53cd\u9988\uff1a78%\uff0c\u4e0a\u9650\uff1a98%\uff0c\u4e0b\u9650\uff1a55%\uff0c\u63a7\u5236\u8f93\u51fa\uff1a78.0%"}
2026-06-08 05:13:56,067 - MQTTClient - 99 - DEBUG - Published: Rpc/ - {"\u865a\u62df\u8bbe\u5907": {"\u4e00\u671f1\u53f7\u98ce\u673aSV\u503c": 64.0}}
2026-06-08 05:13:56,067 - MQTTClient - 177 - DEBUG - Message published (mid=19399)
2026-06-08 05:13:56,071 - MQTTClient - 99 - DEBUG - Published: Rpc/ - {"\u865a\u62df\u8bbe\u5907": {"\u4e00\u671f2\u53f7\u98ce\u673aSV\u503c": 64.0}}
2026-06-08 05:13:56,071 - MQTTClient - 177 - DEBUG - Message published (mid=19400)
2026-06-08 05:13:56,077 - MQTTClient - 177 - DEBUG - Message published (mid=19401)
2026-06-08 05:13:56,078 - MQTTClient - 99 - DEBUG - Published: Rpc/ - {"\u865a\u62df\u8bbe\u5907": {"\u4e00\u671f3\u53f7\u98ce\u673aSV\u503c": 64.0}}
2026-06-08 05:15:41,273 - MQTTClient - 177 - DEBUG - Message published (mid=19402)
2026-06-08 05:15:41,273 - MQTTClient - 99 - DEBUG - Published: Rpc/ - {"\u865a\u62df\u8bbe\u5907": {"\u4e00\u671f1\u53f7\u98ce\u673a\u542f\u505c": 1}}
2026-06-08 05:15:41,276 - MQTTClient - 99 - DEBUG - Published: Rpc/ - {"\u865a\u62df\u8bbe\u5907": {"\u4e00\u671f1\u53f7\u98ce\u673aSV\u503c": 67.0}}
2026-06-08 05:15:41,276 - MQTTClient - 177 - DEBUG - Message published (mid=19403)
2026-06-08 05:15:41,278 - MQTTClient - 99 - DEBUG - Published: Rpc/ - {"\u865a\u62df\u8bbe\u5907": {"\u4e00\u671f2\u53f7\u98ce\u673a\u542f\u505c": 1}}
2026-06-08 05:15:41,279 - MQTTClient - 177 - DEBUG - Message published (mid=19404)
2026-06-08 05:15:41,282 - MQTTClient - 99 - DEBUG - Published: Rpc/ - {"\u865a\u62df\u8bbe\u5907": {"\u4e00\u671f2\u53f7\u98ce\u673aSV\u503c": 67.0}}
2026-06-08 05:15:41,282 - MQTTClient - 177 - DEBUG - Message published (mid=19405)
2026-06-08 05:15:41,282 - MQTTClient - 99 - DEBUG - Published: Rpc/ - {"\u865a\u62df\u8bbe\u5907": {"\u4e00\u671f3\u53f7\u98ce\u673a\u542f\u505c": 1}}
2026-06-08 05:15:41,284 - MQTTClient - 177 - DEBUG - Message published (mid=19406)
2026-06-08 05:15:41,287 - MQTTClient - 177 - DEBUG - Message published (mid=19407)
2026-06-08 05:15:41,288 - MQTTClient - 99 - DEBUG - Published: Rpc/ - {"\u865a\u62df\u8bbe\u5907": {"\u4e00\u671f3\u53f7\u98ce\u673aSV\u503c": 67.0}}
2026-06-08 05:15:41,290 - MQTTClient - 177 - DEBUG - Message published (mid=19408)
2026-06-08 05:15:41,290 - MQTTClient - 99 - DEBUG - Published: Rpc/ - {"\u865a\u62df\u8bbe\u5907": {"\u4e8c\u671f1\u53f7\u98ce\u673a\u542f\u505c": 1}}
2026-06-08 05:15:41,295 - MQTTClient - 99 - DEBUG - Published: Rpc/ - {"\u865a\u62df\u8bbe\u5907": {"\u4e8c\u671f3\u53f7\u98ce\u673a\u542f\u505c": 1}}
2026-06-08 05:15:41,295 - MQTTClient - 177 - DEBUG - Message published (mid=19409)
2026-06-08 05:15:41,298 - MQTTClient - 99 - DEBUG - Published: Rpc/ - {"\u865a\u62df\u8bbe\u5907": {"\u4e8c\u671f6\u53f7\u98ce\u673a\u542f\u505c": 1}}
2026-06-08 05:15:41,298 - MQTTClient - 177 - DEBUG - Message published (mid=19410)
2026-06-08 05:15:41,304 - MQTTClient - 177 - DEBUG - Message published (mid=19411)
2026-06-08 05:15:41,305 - MQTTClient - 99 - DEBUG - Published: /idms/api/v1/createControlX - {"type": "\u66dd\u6c14\u667a\u80fd\u4f53", "time": "2026-06-08 05:15:41", "algorithmVersion": "v1.0.0", "controller": "\u9ec4\u5188AI\u7b97\u6cd5\u63a7\u5236", "outputCommand": "\u4e00\u671f\u751f\u7269\u6c60#\u5b9e\u65f6\uff1a\u4e00\u671f\u6eb6\u89e3\u6c27\uff1a3.69mg/L\uff0c\u76ee\u6807\u503c\uff1a2mg/L#\u4e00\u671f1\u53f7\u98ce\u673a\u8fd0\u884c\uff0c\u53cd\u9988\uff1a72%\uff0c\u4e0a\u9650\uff1a100%\uff0c\u4e0b\u9650\uff1a55%\uff0c\u63a7\u5236\u8f93\u51fa\uff1a64.0%\u4e00\u671f2\u53f7\u98ce\u673a\u8fd0\u884c\uff0c\u53cd\u9988\uff1a72%\uff0c\u4e0a\u9650\uff1a100%\uff0c\u4e0b\u9650\uff1a55%\uff0c\u63a7\u5236\u8f93\u51fa\uff1a64.0%\u4e00\u671f3\u53f7\u98ce\u673a\u8fd0\u884c\uff0c\u53cd\u9988\uff1a72%\uff0c\u4e0a\u9650\uff1a100%\uff0c\u4e0b\u9650\uff1a55%\uff0c\u63a7\u5236\u8f93\u51fa\uff1a64.0%\u4e8c\u671f\u751f\u7269\u6c60#\u5b9e\u65f6\uff1a\u4e8c\u671f\u6eb6\u89e3\u6c27\uff1a2.07mg/L\uff0c\u76ee\u6807\u503c\uff1a2mg/L#\u4e8c\u671f1\u53f7\u98ce\u673a\u8fd0\u884c\uff0c\u53cd\u9988\uff1a75%\uff0c\u4e0a\u9650\uff1a98%\uff0c\u4e0b\u9650\uff1a55%\uff0c\u63a7\u5236\u8f93\u51fa\uff1a75.0%\u4e8c\u671f3\u53f7\u98ce\u673a\u8fd0\u884c\uff0c\u53cd\u9988\uff1a78%\uff0c\u4e0a\u9650\uff1a98%\uff0c\u4e0b\u9650\uff1a55%\uff0c\u63a7\u5236\u8f93\u51fa\uff1a78.0%\u4e8c\u671f6\u53f7\u98ce\u673a\u8fd0\u884c\uff0c\u53cd\u9988\uff1a78%\uff0c\u4e0a\u9650\uff1a98%\uff0c\u4e0b\u9650\uff1a55%\uff0c\u63a7\u5236\u8f93\u51fa\uff1a78.0%"}
2026-06-08 05:15:56,280 - MQTTClient - 99 - DEBUG - Published: Rpc/ - {"\u865a\u62df\u8bbe\u5907": {"\u4e00\u671f1\u53f7\u98ce\u673aSV\u503c": 64.0}}
2026-06-08 05:15:56,280 - MQTTClient - 177 - DEBUG - Message published (mid=19412)
2026-06-08 05:15:56,285 - MQTTClient - 177 - DEBUG - Message published (mid=19413)
2026-06-08 05:15:56,285 - MQTTClient - 99 - DEBUG - Published: Rpc/ - {"\u865a\u62df\u8bbe\u5907": {"\u4e00\u671f2\u53f7\u98ce\u673aSV\u503c": 64.0}}
2026-06-08 05:15:56,298 - MQTTClient - 177 - DEBUG - Message published (mid=19414)
2026-06-08 05:15:56,299 - MQTTClient - 99 - DEBUG - Published: Rpc/ - {"\u865a\u62df\u8bbe\u5907": {"\u4e00\u671f3\u53f7\u98ce\u673aSV\u503c": 64.0}}
2026-06-08 05:17:41,464 - MQTTClient - 99 - DEBUG - Published: Rpc/ - {"\u865a\u62df\u8bbe\u5907": {"\u4e00\u671f1\u53f7\u98ce\u673a\u542f\u505c": 1}}
2026-06-08 05:17:41,464 - MQTTClient - 177 - DEBUG - Message published (mid=19415)
2026-06-08 05:17:41,467 - MQTTClient - 99 - DEBUG - Published: Rpc/ - {"\u865a\u62df\u8bbe\u5907": {"\u4e00\u671f1\u53f7\u98ce\u673aSV\u503c": 65.0}}
2026-06-08 05:17:41,467 - MQTTClient - 177 - DEBUG - Message published (mid=19416)
2026-06-08 05:17:41,468 - MQTTClient - 99 - DEBUG - Published: Rpc/ - {"\u865a\u62df\u8bbe\u5907": {"\u4e00\u671f2\u53f7\u98ce\u673a\u542f\u505c": 1}}
2026-06-08 05:17:41,469 - MQTTClient - 177 - DEBUG - Message published (mid=19417)
2026-06-08 05:17:41,472 - MQTTClient - 99 - DEBUG - Published: Rpc/ - {"\u865a\u62df\u8bbe\u5907": {"\u4e00\u671f2\u53f7\u98ce\u673aSV\u503c": 65.0}}
2026-06-08 05:17:41,472 - MQTTClient - 177 - DEBUG - Message published (mid=19418)
2026-06-08 05:17:41,473 - MQTTClient - 99 - DEBUG - Published: Rpc/ - {"\u865a\u62df\u8bbe\u5907": {"\u4e00\u671f3\u53f7\u98ce\u673a\u542f\u505c": 1}}
2026-06-08 05:17:41,475 - MQTTClient - 177 - DEBUG - Message published (mid=19419)
2026-06-08 05:17:41,479 - MQTTClient - 99 - DEBUG - Published: Rpc/ - {"\u865a\u62df\u8bbe\u5907": {"\u4e00\u671f3\u53f7\u98ce\u673aSV\u503c": 65.0}}
2026-06-08 05:17:41,479 - MQTTClient - 177 - DEBUG - Message published (mid=19420)
2026-06-08 05:17:41,481 - MQTTClient - 99 - DEBUG - Published: Rpc/ - {"\u865a\u62df\u8bbe\u5907": {"\u4e8c\u671f1\u53f7\u98ce\u673a\u542f\u505c": 1}}
2026-06-08 05:17:41,482 - MQTTClient - 177 - DEBUG - Message published (mid=19421)
2026-06-08 05:17:41,484 - MQTTClient - 99 - DEBUG - Published: Rpc/ - {"\u865a\u62df\u8bbe\u5907": {"\u4e8c\u671f1\u53f7\u98ce\u673aSV\u503c": 71.0}}
2026-06-08 05:17:41,484 - MQTTClient - 177 - DEBUG - Message published (mid=19422)
2026-06-08 05:17:41,484 - MQTTClient - 99 - DEBUG - Published: Rpc/ - {"\u865a\u62df\u8bbe\u5907": {"\u4e8c\u671f3\u53f7\u98ce\u673a\u542f\u505c": 1}}
2026-06-08 05:17:41,486 - MQTTClient - 177 - DEBUG - Message published (mid=19423)
2026-06-08 05:17:41,489 - MQTTClient - 99 - DEBUG - Published: Rpc/ - {"\u865a\u62df\u8bbe\u5907": {"\u4e8c\u671f3\u53f7\u98ce\u673aSV\u503c": 74.0}}
2026-06-08 05:17:41,489 - MQTTClient - 177 - DEBUG - Message published (mid=19424)
2026-06-08 05:17:41,490 - MQTTClient - 99 - DEBUG - Published: Rpc/ - {"\u865a\u62df\u8bbe\u5907": {"\u4e8c\u671f6\u53f7\u98ce\u673a\u542f\u505c": 1}}
2026-06-08 05:17:41,492 - MQTTClient - 177 - DEBUG - Message published (mid=19425)
2026-06-08 05:17:41,494 - MQTTClient - 99 - DEBUG - Published: Rpc/ - {"\u865a\u62df\u8bbe\u5907": {"\u4e8c\u671f6\u53f7\u98ce\u673aSV\u503c": 74.0}}
2026-06-08 05:17:41,494 - MQTTClient - 177 - DEBUG - Message published (mid=19426)
2026-06-08 05:17:41,495 - MQTTClient - 99 - DEBUG - Published: /idms/api/v1/createControlX - {"type": "\u66dd\u6c14\u667a\u80fd\u4f53", "time": "2026-06-08 05:17:41", "algorithmVersion": "v1.0.0", "controller": "\u9ec4\u5188AI\u7b97\u6cd5\u63a7\u5236", "outputCommand": "\u4e00\u671f\u751f\u7269\u6c60#\u5b9e\u65f6\uff1a\u4e00\u671f\u6eb6\u89e3\u6c27\uff1a3.69mg/L\uff0c\u76ee\u6807\u503c\uff1a2mg/L#\u4e00\u671f1\u53f7\u98ce\u673a\u8fd0\u884c\uff0c\u53cd\u9988\uff1a70%\uff0c\u4e0a\u9650\uff1a100%\uff0c\u4e0b\u9650\uff1a55%\uff0c\u63a7\u5236\u8f93\u51fa\uff1a62.0%\u4e00\u671f2\u53f7\u98ce\u673a\u8fd0\u884c\uff0c\u53cd\u9988\uff1a70%\uff0c\u4e0a\u9650\uff1a100%\uff0c\u4e0b\u9650\uff1a55%\uff0c\u63a7\u5236\u8f93\u51fa\uff1a62.0%\u4e00\u671f3\u53f7\u98ce\u673a\u8fd0\u884c\uff0c\u53cd\u9988\uff1a70%\uff0c\u4e0a\u9650\uff1a100%\uff0c\u4e0b\u9650\uff1a55%\uff0c\u63a7\u5236\u8f93\u51fa\uff1a62.0%\u4e8c\u671f\u751f\u7269\u6c60#\u5b9e\u65f6\uff1a\u4e8c\u671f\u6eb6\u89e3\u6c27\uff1a2.48mg/L\uff0c\u76ee\u6807\u503c\uff1a2mg/L#\u4e8c\u671f1\u53f7\u98ce\u673a\u8fd0\u884c\uff0c\u53cd\u9988\uff1a75%\uff0c\u4e0a\u9650\uff1a98%\uff0c\u4e0b\u9650\uff1a55%\uff0c\u63a7\u5236\u8f93\u51fa\uff1a71.0%\u4e8c\u671f3\u53f7\u98ce\u673a\u8fd0\u884c\uff0c\u53cd\u9988\uff1a78%\uff0c\u4e0a\u9650\uff1a98%\uff0c\u4e0b\u9650\uff1a55%\uff0c\u63a7\u5236\u8f93\u51fa\uff1a74.0%\u4e8c\u671f6\u53f7\u98ce\u673a\u8fd0\u884c\uff0c\u53cd\u9988\uff1a78%\uff0c\u4e0a\u9650\uff1a98%\uff0c\u4e0b\u9650\uff1a55%\uff0c\u63a7\u5236\u8f93\u51fa\uff1a74.0%"}
2026-06-08 05:17:41,496 - MQTTClient - 177 - DEBUG - Message published (mid=19427)
2026-06-08 05:17:56,471 - MQTTClient - 99 - DEBUG - Published: Rpc/ - {"\u865a\u62df\u8bbe\u5907": {"\u4e00\u671f1\u53f7\u98ce\u673aSV\u503c": 62.0}}
2026-06-08 05:17:56,472 - MQTTClient - 177 - DEBUG - Message published (mid=19428)
2026-06-08 05:17:56,491 - MQTTClient - 99 - DEBUG - Published: Rpc/ - {"\u865a\u62df\u8bbe\u5907": {"\u4e00\u671f2\u53f7\u98ce\u673aSV\u503c": 62.0}}
2026-06-08 05:17:56,491 - MQTTClient - 99 - DEBUG - Published: Rpc/ - {"\u865a\u62df\u8bbe\u5907": {"\u4e00\u671f3\u53f7\u98ce\u673aSV\u503c": 62.0}}
2026-06-08 05:17:56,491 - MQTTClient - 177 - DEBUG - Message published (mid=19429)
2026-06-08 05:17:56,496 - MQTTClient - 177 - DEBUG - Message published (mid=19430)
2026-06-08 05:19:41,698 - MQTTClient - 99 - DEBUG - Published: Rpc/ - {"\u865a\u62df\u8bbe\u5907": {"\u4e00\u671f1\u53f7\u98ce\u673a\u542f\u505c": 1}}
2026-06-08 05:19:41,698 - MQTTClient - 177 - DEBUG - Message published (mid=19431)
2026-06-08 05:19:41,701 - MQTTClient - 177 - DEBUG - Message published (mid=19432)
2026-06-08 05:19:41,702 - MQTTClient - 99 - DEBUG - Published: Rpc/ - {"\u865a\u62df\u8bbe\u5907": {"\u4e00\u671f1\u53f7\u98ce\u673aSV\u503c": 65.0}}
2026-06-08 05:19:41,704 - MQTTClient - 177 - DEBUG - Message published (mid=19433)
2026-06-08 05:19:41,705 - MQTTClient - 99 - DEBUG - Published: Rpc/ - {"\u865a\u62df\u8bbe\u5907": {"\u4e00\u671f2\u53f7\u98ce\u673a\u542f\u505c": 1}}
2026-06-08 05:19:41,709 - MQTTClient - 177 - DEBUG - Message published (mid=19434)
2026-06-08 05:19:41,709 - MQTTClient - 99 - DEBUG - Published: Rpc/ - {"\u865a\u62df\u8bbe\u5907": {"\u4e00\u671f2\u53f7\u98ce\u673aSV\u503c": 65.0}}
2026-06-08 05:19:41,710 - MQTTClient - 99 - DEBUG - Published: Rpc/ - {"\u865a\u62df\u8bbe\u5907": {"\u4e00\u671f3\u53f7\u98ce\u673a\u542f\u505c": 1}}
2026-06-08 05:19:41,710 - MQTTClient - 177 - DEBUG - Message published (mid=19435)
2026-06-08 05:19:41,714 - MQTTClient - 177 - DEBUG - Message published (mid=19436)
2026-06-08 05:19:41,714 - MQTTClient - 99 - DEBUG - Published: Rpc/ - {"\u865a\u62df\u8bbe\u5907": {"\u4e00\u671f3\u53f7\u98ce\u673aSV\u503c": 65.0}}
2026-06-08 05:19:41,714 - MQTTClient - 99 - DEBUG - Published: Rpc/ - {"\u865a\u62df\u8bbe\u5907": {"\u4e8c\u671f1\u53f7\u98ce\u673a\u542f\u505c": 1}}
2026-06-08 05:19:41,715 - MQTTClient - 177 - DEBUG - Message published (mid=19437)
2026-06-08 05:19:41,719 - MQTTClient - 177 - DEBUG - Message published (mid=19438)
2026-06-08 05:19:41,719 - MQTTClient - 99 - DEBUG - Published: Rpc/ - {"\u865a\u62df\u8bbe\u5907": {"\u4e8c\u671f1\u53f7\u98ce\u673aSV\u503c": 71.0}}
2026-06-08 05:19:41,720 - MQTTClient - 99 - DEBUG - Published: Rpc/ - {"\u865a\u62df\u8bbe\u5907": {"\u4e8c\u671f3\u53f7\u98ce\u673a\u542f\u505c": 1}}
2026-06-08 05:19:41,720 - MQTTClient - 177 - DEBUG - Message published (mid=19439)
2026-06-08 05:19:41,723 - MQTTClient - 99 - DEBUG - Published: Rpc/ - {"\u865a\u62df\u8bbe\u5907": {"\u4e8c\u671f3\u53f7\u98ce\u673aSV\u503c": 74.0}}
2026-06-08 05:19:41,724 - MQTTClient - 177 - DEBUG - Message published (mid=19440)
2026-06-08 05:19:41,724 - MQTTClient - 99 - DEBUG - Published: Rpc/ - {"\u865a\u62df\u8bbe\u5907": {"\u4e8c\u671f6\u53f7\u98ce\u673a\u542f\u505c": 1}}
2026-06-08 05:19:41,725 - MQTTClient - 177 - DEBUG - Message published (mid=19441)
2026-06-08 05:19:41,727 - MQTTClient - 99 - DEBUG - Published: Rpc/ - {"\u865a\u62df\u8bbe\u5907": {"\u4e8c\u671f6\u53f7\u98ce\u673aSV\u503c": 74.0}}
2026-06-08 05:19:41,728 - MQTTClient - 177 - DEBUG - Message published (mid=19442)
2026-06-08 05:19:41,728 - MQTTClient - 99 - DEBUG - Published: /idms/api/v1/createControlX - {"type": "\u66dd\u6c14\u667a\u80fd\u4f53", "time": "2026-06-08 05:19:41", "algorithmVersion": "v1.0.0", "controller": "\u9ec4\u5188AI\u7b97\u6cd5\u63a7\u5236", "outputCommand": "\u4e00\u671f\u751f\u7269\u6c60#\u5b9e\u65f6\uff1a\u4e00\u671f\u6eb6\u89e3\u6c27\uff1a3.92mg/L\uff0c\u76ee\u6807\u503c\uff1a2mg/L#\u4e00\u671f1\u53f7\u98ce\u673a\u8fd0\u884c\uff0c\u53cd\u9988\uff1a70%\uff0c\u4e0a\u9650\uff1a100%\uff0c\u4e0b\u9650\uff1a55%\uff0c\u63a7\u5236\u8f93\u51fa\uff1a62.0%\u4e00\u671f2\u53f7\u98ce\u673a\u8fd0\u884c\uff0c\u53cd\u9988\uff1a70%\uff0c\u4e0a\u9650\uff1a100%\uff0c\u4e0b\u9650\uff1a55%\uff0c\u63a7\u5236\u8f93\u51fa\uff1a62.0%\u4e00\u671f3\u53f7\u98ce\u673a\u8fd0\u884c\uff0c\u53cd\u9988\uff1a70%\uff0c\u4e0a\u9650\uff1a100%\uff0c\u4e0b\u9650\uff1a55%\uff0c\u63a7\u5236\u8f93\u51fa\uff1a62.0%\u4e8c\u671f\u751f\u7269\u6c60#\u5b9e\u65f6\uff1a\u4e8c\u671f\u6eb6\u89e3\u6c27\uff1a2.69mg/L\uff0c\u76ee\u6807\u503c\uff1a2mg/L#\u4e8c\u671f1\u53f7\u98ce\u673a\u8fd0\u884c\uff0c\u53cd\u9988\uff1a75%\uff0c\u4e0a\u9650\uff1a98%\uff0c\u4e0b\u9650\uff1a55%\uff0c\u63a7\u5236\u8f93\u51fa\uff1a71.0%\u4e8c\u671f3\u53f7\u98ce\u673a\u8fd0\u884c\uff0c\u53cd\u9988\uff1a78%\uff0c\u4e0a\u9650\uff1a98%\uff0c\u4e0b\u9650\uff1a55%\uff0c\u63a7\u5236\u8f93\u51fa\uff1a74.0%\u4e8c\u671f6\u53f7\u98ce\u673a\u8fd0\u884c\uff0c\u53cd\u9988\uff1a78%\uff0c\u4e0a\u9650\uff1a98%\uff0c\u4e0b\u9650\uff1a55%\uff0c\u63a7\u5236\u8f93\u51fa\uff1a74.0%"}
2026-06-08 05:19:41,730 - MQTTClient - 177 - DEBUG - Message published (mid=19443)
2026-06-08 05:19:56,709 - MQTTClient - 99 - DEBUG - Published: Rpc/ - {"\u865a\u62df\u8bbe\u5907": {"\u4e00\u671f1\u53f7\u98ce\u673aSV\u503c": 62.0}}
2026-06-08 05:19:56,710 - MQTTClient - 177 - DEBUG - Message published (mid=19444)
2026-06-08 05:19:56,713 - MQTTClient - 99 - DEBUG - Published: Rpc/ - {"\u865a\u62df\u8bbe\u5907": {"\u4e00\u671f2\u53f7\u98ce\u673aSV\u503c": 62.0}}
2026-06-08 05:19:56,713 - MQTTClient - 177 - DEBUG - Message published (mid=19445)
2026-06-08 05:19:56,718 - MQTTClient - 99 - DEBUG - Published: Rpc/ - {"\u865a\u62df\u8bbe\u5907": {"\u4e00\u671f3\u53f7\u98ce\u673aSV\u503c": 62.0}}
2026-06-08 05:19:56,718 - MQTTClient - 177 - DEBUG - Message published (mid=19446)
2026-06-08 05:21:41,855 - MQTTClient - 99 - DEBUG - Published: Rpc/ - {"\u865a\u62df\u8bbe\u5907": {"\u4e00\u671f1\u53f7\u98ce\u673a\u542f\u505c": 1}}
2026-06-08 05:21:41,855 - MQTTClient - 177 - DEBUG - Message published (mid=19447)
2026-06-08 05:21:41,858 - MQTTClient - 99 - DEBUG - Published: Rpc/ - {"\u865a\u62df\u8bbe\u5907": {"\u4e00\u671f1\u53f7\u98ce\u673aSV\u503c": 65.0}}
2026-06-08 05:21:41,859 - MQTTClient - 177 - DEBUG - Message published (mid=19448)
2026-06-08 05:21:41,861 - MQTTClient - 177 - DEBUG - Message published (mid=19449)
2026-06-08 05:21:41,861 - MQTTClient - 99 - DEBUG - Published: Rpc/ - {"\u865a\u62df\u8bbe\u5907": {"\u4e00\u671f2\u53f7\u98ce\u673a\u542f\u505c": 1}}
2026-06-08 05:21:41,866 - MQTTClient - 177 - DEBUG - Message published (mid=19450)
2026-06-08 05:21:41,867 - MQTTClient - 99 - DEBUG - Published: Rpc/ - {"\u865a\u62df\u8bbe\u5907": {"\u4e00\u671f2\u53f7\u98ce\u673aSV\u503c": 65.0}}
2026-06-08 05:21:41,868 - MQTTClient - 177 - DEBUG - Message published (mid=19451)
2026-06-08 05:21:41,868 - MQTTClient - 99 - DEBUG - Published: Rpc/ - {"\u865a\u62df\u8bbe\u5907": {"\u4e00\u671f3\u53f7\u98ce\u673a\u542f\u505c": 1}}
2026-06-08 05:21:41,872 - MQTTClient - 177 - DEBUG - Message published (mid=19452)
2026-06-08 05:21:41,873 - MQTTClient - 99 - DEBUG - Published: Rpc/ - {"\u865a\u62df\u8bbe\u5907": {"\u4e00\u671f3\u53f7\u98ce\u673aSV\u503c": 65.0}}
2026-06-08 05:21:41,873 - MQTTClient - 99 - DEBUG - Published: Rpc/ - {"\u865a\u62df\u8bbe\u5907": {"\u4e8c\u671f1\u53f7\u98ce\u673a\u542f\u505c": 1}}
2026-06-08 05:21:41,874 - MQTTClient - 177 - DEBUG - Message published (mid=19453)
2026-06-08 05:21:41,878 - MQTTClient - 99 - DEBUG - Published: Rpc/ - {"\u865a\u62df\u8bbe\u5907": {"\u4e8c\u671f1\u53f7\u98ce\u673aSV\u503c": 71.0}}
2026-06-08 05:21:41,878 - MQTTClient - 177 - DEBUG - Message published (mid=19454)
2026-06-08 05:21:41,878 - MQTTClient - 99 - DEBUG - Published: Rpc/ - {"\u865a\u62df\u8bbe\u5907": {"\u4e8c\u671f3\u53f7\u98ce\u673a\u542f\u505c": 1}}
2026-06-08 05:21:41,880 - MQTTClient - 177 - DEBUG - Message published (mid=19455)
2026-06-08 05:21:41,882 - MQTTClient - 177 - DEBUG - Message published (mid=19456)
2026-06-08 05:21:41,882 - MQTTClient - 99 - DEBUG - Published: Rpc/ - {"\u865a\u62df\u8bbe\u5907": {"\u4e8c\u671f3\u53f7\u98ce\u673aSV\u503c": 74.0}}
2026-06-08 05:21:41,884 - MQTTClient - 99 - DEBUG - Published: Rpc/ - {"\u865a\u62df\u8bbe\u5907": {"\u4e8c\u671f6\u53f7\u98ce\u673a\u542f\u505c": 1}}
2026-06-08 05:21:41,885 - MQTTClient - 177 - DEBUG - Message published (mid=19457)
2026-06-08 05:21:41,887 - MQTTClient - 177 - DEBUG - Message published (mid=19458)
2026-06-08 05:21:41,888 - MQTTClient - 99 - DEBUG - Published: Rpc/ - {"\u865a\u62df\u8bbe\u5907": {"\u4e8c\u671f6\u53f7\u98ce\u673aSV\u503c": 74.0}}
2026-06-08 05:21:41,887 - MQTTClient - 99 - DEBUG - Published: /idms/api/v1/createControlX - {"type": "\u66dd\u6c14\u667a\u80fd\u4f53", "time": "2026-06-08 05:21:41", "algorithmVersion": "v1.0.0", "controller": "\u9ec4\u5188AI\u7b97\u6cd5\u63a7\u5236", "outputCommand": "\u4e00\u671f\u751f\u7269\u6c60#\u5b9e\u65f6\uff1a\u4e00\u671f\u6eb6\u89e3\u6c27\uff1a4.21mg/L\uff0c\u76ee\u6807\u503c\uff1a2mg/L#\u4e00\u671f1\u53f7\u98ce\u673a\u8fd0\u884c\uff0c\u53cd\u9988\uff1a70%\uff0c\u4e0a\u9650\uff1a100%\uff0c\u4e0b\u9650\uff1a55%\uff0c\u63a7\u5236\u8f93\u51fa\uff1a62.0%\u4e00\u671f2\u53f7\u98ce\u673a\u8fd0\u884c\uff0c\u53cd\u9988\uff1a70%\uff0c\u4e0a\u9650\uff1a100%\uff0c\u4e0b\u9650\uff1a55%\uff0c\u63a7\u5236\u8f93\u51fa\uff1a62.0%\u4e00\u671f3\u53f7\u98ce\u673a\u8fd0\u884c\uff0c\u53cd\u9988\uff1a70%\uff0c\u4e0a\u9650\uff1a100%\uff0c\u4e0b\u9650\uff1a55%\uff0c\u63a7\u5236\u8f93\u51fa\uff1a62.0%\u4e8c\u671f\u751f\u7269\u6c60#\u5b9e\u65f6\uff1a\u4e8c\u671f\u6eb6\u89e3\u6c27\uff1a2.61mg/L\uff0c\u76ee\u6807\u503c\uff1a2mg/L#\u4e8c\u671f1\u53f7\u98ce\u673a\u8fd0\u884c\uff0c\u53cd\u9988\uff1a75%\uff0c\u4e0a\u9650\uff1a98%\uff0c\u4e0b\u9650\uff1a55%\uff0c\u63a7\u5236\u8f93\u51fa\uff1a71.0%\u4e8c\u671f3\u53f7\u98ce\u673a\u8fd0\u884c\uff0c\u53cd\u9988\uff1a78%\uff0c\u4e0a\u9650\uff1a98%\uff0c\u4e0b\u9650\uff1a55%\uff0c\u63a7\u5236\u8f93\u51fa\uff1a74.0%\u4e8c\u671f6\u53f7\u98ce\u673a\u8fd0\u884c\uff0c\u53cd\u9988\uff1a78%\uff0c\u4e0a\u9650\uff1a98%\uff0c\u4e0b\u9650\uff1a55%\uff0c\u63a7\u5236\u8f93\u51fa\uff1a74.0%"}
2026-06-08 05:21:41,889 - MQTTClient - 177 - DEBUG - Message published (mid=19459)
2026-06-08 05:21:56,864 - MQTTClient - 99 - DEBUG - Published: Rpc/ - {"\u865a\u62df\u8bbe\u5907": {"\u4e00\u671f1\u53f7\u98ce\u673aSV\u503c": 62.0}}
2026-06-08 05:21:56,864 - MQTTClient - 177 - DEBUG - Message published (mid=19460)
2026-06-08 05:21:56,872 - MQTTClient - 99 - DEBUG - Published: Rpc/ - {"\u865a\u62df\u8bbe\u5907": {"\u4e00\u671f2\u53f7\u98ce\u673aSV\u503c": 62.0}}
2026-06-08 05:21:56,872 - MQTTClient - 177 - DEBUG - Message published (mid=19461)
2026-06-08 05:21:56,876 - MQTTClient - 177 - DEBUG - Message published (mid=19462)
2026-06-08 05:21:56,877 - MQTTClient - 99 - DEBUG - Published: Rpc/ - {"\u865a\u62df\u8bbe\u5907": {"\u4e00\u671f3\u53f7\u98ce\u673aSV\u503c": 62.0}}
2026-06-08 05:23:42,037 - MQTTClient - 177 - DEBUG - Message published (mid=19463)
2026-06-08 05:23:42,038 - MQTTClient - 99 - DEBUG - Published: Rpc/ - {"\u865a\u62df\u8bbe\u5907": {"\u4e00\u671f1\u53f7\u98ce\u673a\u542f\u505c": 1}}
2026-06-08 05:23:42,041 - MQTTClient - 177 - DEBUG - Message published (mid=19464)
2026-06-08 05:23:42,041 - MQTTClient - 99 - DEBUG - Published: Rpc/ - {"\u865a\u62df\u8bbe\u5907": {"\u4e00\u671f1\u53f7\u98ce\u673aSV\u503c": 62.0}}
2026-06-08 05:23:42,043 - MQTTClient - 177 - DEBUG - Message published (mid=19465)
2026-06-08 05:23:42,043 - MQTTClient - 99 - DEBUG - Published: Rpc/ - {"\u865a\u62df\u8bbe\u5907": {"\u4e00\u671f2\u53f7\u98ce\u673a\u542f\u505c": 1}}
2026-06-08 05:23:42,045 - MQTTClient - 177 - DEBUG - Message published (mid=19466)
2026-06-08 05:23:42,045 - MQTTClient - 99 - DEBUG - Published: Rpc/ - {"\u865a\u62df\u8bbe\u5907": {"\u4e00\u671f2\u53f7\u98ce\u673aSV\u503c": 62.0}}
2026-06-08 05:23:42,049 - MQTTClient - 177 - DEBUG - Message published (mid=19467)
2026-06-08 05:23:42,049 - MQTTClient - 99 - DEBUG - Published: Rpc/ - {"\u865a\u62df\u8bbe\u5907": {"\u4e00\u671f3\u53f7\u98ce\u673a\u542f\u505c": 1}}
2026-06-08 05:23:42,055 - MQTTClient - 177 - DEBUG - Message published (mid=19468)
2026-06-08 05:23:42,055 - MQTTClient - 99 - DEBUG - Published: Rpc/ - {"\u865a\u62df\u8bbe\u5907": {"\u4e00\u671f3\u53f7\u98ce\u673aSV\u503c": 62.0}}
2026-06-08 05:23:42,055 - MQTTClient - 99 - DEBUG - Published: Rpc/ - {"\u865a\u62df\u8bbe\u5907": {"\u4e8c\u671f1\u53f7\u98ce\u673a\u542f\u505c": 1}}
2026-06-08 05:23:42,056 - MQTTClient - 177 - DEBUG - Message published (mid=19469)
2026-06-08 05:23:42,059 - MQTTClient - 99 - DEBUG - Published: Rpc/ - {"\u865a\u62df\u8bbe\u5907": {"\u4e8c\u671f1\u53f7\u98ce\u673aSV\u503c": 71.0}}
2026-06-08 05:23:42,060 - MQTTClient - 177 - DEBUG - Message published (mid=19470)
2026-06-08 05:23:42,064 - MQTTClient - 177 - DEBUG - Message published (mid=19471)
2026-06-08 05:23:42,064 - MQTTClient - 99 - DEBUG - Published: Rpc/ - {"\u865a\u62df\u8bbe\u5907": {"\u4e8c\u671f3\u53f7\u98ce\u673a\u542f\u505c": 1}}
2026-06-08 05:23:42,081 - MQTTClient - 177 - DEBUG - Message published (mid=19472)
2026-06-08 05:23:42,082 - MQTTClient - 99 - DEBUG - Published: Rpc/ - {"\u865a\u62df\u8bbe\u5907": {"\u4e8c\u671f3\u53f7\u98ce\u673aSV\u503c": 74.0}}
2026-06-08 05:23:42,082 - MQTTClient - 99 - DEBUG - Published: Rpc/ - {"\u865a\u62df\u8bbe\u5907": {"\u4e8c\u671f6\u53f7\u98ce\u673a\u542f\u505c": 1}}
2026-06-08 05:23:42,083 - MQTTClient - 177 - DEBUG - Message published (mid=19473)
2026-06-08 05:23:42,086 - MQTTClient - 99 - DEBUG - Published: Rpc/ - {"\u865a\u62df\u8bbe\u5907": {"\u4e8c\u671f6\u53f7\u98ce\u673aSV\u503c": 74.0}}
2026-06-08 05:23:42,087 - MQTTClient - 177 - DEBUG - Message published (mid=19474)
2026-06-08 05:23:42,087 - MQTTClient - 99 - DEBUG - Published: /idms/api/v1/createControlX - {"type": "\u66dd\u6c14\u667a\u80fd\u4f53", "time": "2026-06-08 05:23:42", "algorithmVersion": "v1.0.0", "controller": "\u9ec4\u5188AI\u7b97\u6cd5\u63a7\u5236", "outputCommand": "\u4e00\u671f\u751f\u7269\u6c60#\u5b9e\u65f6\uff1a\u4e00\u671f\u6eb6\u89e3\u6c27\uff1a4.29mg/L\uff0c\u76ee\u6807\u503c\uff1a2mg/L#\u4e00\u671f1\u53f7\u98ce\u673a\u8fd0\u884c\uff0c\u53cd\u9988\uff1a67%\uff0c\u4e0a\u9650\uff1a100%\uff0c\u4e0b\u9650\uff1a55%\uff0c\u63a7\u5236\u8f93\u51fa\uff1a59.0%\u4e00\u671f2\u53f7\u98ce\u673a\u8fd0\u884c\uff0c\u53cd\u9988\uff1a67%\uff0c\u4e0a\u9650\uff1a100%\uff0c\u4e0b\u9650\uff1a55%\uff0c\u63a7\u5236\u8f93\u51fa\uff1a59.0%\u4e00\u671f3\u53f7\u98ce\u673a\u8fd0\u884c\uff0c\u53cd\u9988\uff1a67%\uff0c\u4e0a\u9650\uff1a100%\uff0c\u4e0b\u9650\uff1a55%\uff0c\u63a7\u5236\u8f93\u51fa\uff1a59.0%\u4e8c\u671f\u751f\u7269\u6c60#\u5b9e\u65f6\uff1a\u4e8c\u671f\u6eb6\u89e3\u6c27\uff1a2.63mg/L\uff0c\u76ee\u6807\u503c\uff1a2mg/L#\u4e8c\u671f1\u53f7\u98ce\u673a\u8fd0\u884c\uff0c\u53cd\u9988\uff1a75%\uff0c\u4e0a\u9650\uff1a98%\uff0c\u4e0b\u9650\uff1a55%\uff0c\u63a7\u5236\u8f93\u51fa\uff1a71.0%\u4e8c\u671f3\u53f7\u98ce\u673a\u8fd0\u884c\uff0c\u53cd\u9988\uff1a78%\uff0c\u4e0a\u9650\uff1a98%\uff0c\u4e0b\u9650\uff1a55%\uff0c\u63a7\u5236\u8f93\u51fa\uff1a74.0%\u4e8c\u671f6\u53f7\u98ce\u673a\u8fd0\u884c\uff0c\u53cd\u9988\uff1a78%\uff0c\u4e0a\u9650\uff1a98%\uff0c\u4e0b\u9650\uff1a55%\uff0c\u63a7\u5236\u8f93\u51fa\uff1a74.0%"}
2026-06-08 05:23:42,088 - MQTTClient - 177 - DEBUG - Message published (mid=19475)
2026-06-08 05:23:57,045 - MQTTClient - 99 - DEBUG - Published: Rpc/ - {"\u865a\u62df\u8bbe\u5907": {"\u4e00\u671f1\u53f7\u98ce\u673aSV\u503c": 59.0}}
2026-06-08 05:23:57,046 - MQTTClient - 177 - DEBUG - Message published (mid=19476)
2026-06-08 05:23:57,054 - MQTTClient - 99 - DEBUG - Published: Rpc/ - {"\u865a\u62df\u8bbe\u5907": {"\u4e00\u671f2\u53f7\u98ce\u673aSV\u503c": 59.0}}
2026-06-08 05:23:57,054 - MQTTClient - 177 - DEBUG - Message published (mid=19477)
2026-06-08 05:23:57,059 - MQTTClient - 99 - DEBUG - Published: Rpc/ - {"\u865a\u62df\u8bbe\u5907": {"\u4e00\u671f3\u53f7\u98ce\u673aSV\u503c": 59.0}}
2026-06-08 05:23:57,059 - MQTTClient - 177 - DEBUG - Message published (mid=19478)
2026-06-08 05:25:42,241 - MQTTClient - 99 - DEBUG - Published: Rpc/ - {"\u865a\u62df\u8bbe\u5907": {"\u4e00\u671f1\u53f7\u98ce\u673a\u542f\u505c": 1}}
2026-06-08 05:25:42,241 - MQTTClient - 177 - DEBUG - Message published (mid=19479)
2026-06-08 05:25:42,244 - MQTTClient - 177 - DEBUG - Message published (mid=19480)
2026-06-08 05:25:42,245 - MQTTClient - 99 - DEBUG - Published: Rpc/ - {"\u865a\u62df\u8bbe\u5907": {"\u4e00\u671f1\u53f7\u98ce\u673aSV\u503c": 57.0}}
2026-06-08 05:25:42,246 - MQTTClient - 177 - DEBUG - Message published (mid=19481)
2026-06-08 05:25:42,246 - MQTTClient - 99 - DEBUG - Published: Rpc/ - {"\u865a\u62df\u8bbe\u5907": {"\u4e00\u671f2\u53f7\u98ce\u673a\u542f\u505c": 1}}
2026-06-08 05:25:42,251 - MQTTClient - 99 - DEBUG - Published: Rpc/ - {"\u865a\u62df\u8bbe\u5907": {"\u4e00\u671f2\u53f7\u98ce\u673aSV\u503c": 57.0}}
2026-06-08 05:25:42,251 - MQTTClient - 177 - DEBUG - Message published (mid=19482)
2026-06-08 05:25:42,251 - MQTTClient - 99 - DEBUG - Published: Rpc/ - {"\u865a\u62df\u8bbe\u5907": {"\u4e00\u671f3\u53f7\u98ce\u673a\u542f\u505c": 1}}
2026-06-08 05:25:42,254 - MQTTClient - 177 - DEBUG - Message published (mid=19483)
2026-06-08 05:25:42,258 - MQTTClient - 99 - DEBUG - Published: Rpc/ - {"\u865a\u62df\u8bbe\u5907": {"\u4e00\u671f3\u53f7\u98ce\u673aSV\u503c": 57.0}}
2026-06-08 05:25:42,258 - MQTTClient - 177 - DEBUG - Message published (mid=19484)
2026-06-08 05:25:42,258 - MQTTClient - 99 - DEBUG - Published: Rpc/ - {"\u865a\u62df\u8bbe\u5907": {"\u4e8c\u671f1\u53f7\u98ce\u673a\u542f\u505c": 1}}
2026-06-08 05:25:42,262 - MQTTClient - 177 - DEBUG - Message published (mid=19485)
2026-06-08 05:25:42,265 - MQTTClient - 99 - DEBUG - Published: Rpc/ - {"\u865a\u62df\u8bbe\u5907": {"\u4e8c\u671f1\u53f7\u98ce\u673aSV\u503c": 71.0}}
2026-06-08 05:25:42,266 - MQTTClient - 177 - DEBUG - Message published (mid=19486)
2026-06-08 05:25:42,266 - MQTTClient - 99 - DEBUG - Published: Rpc/ - {"\u865a\u62df\u8bbe\u5907": {"\u4e8c\u671f3\u53f7\u98ce\u673a\u542f\u505c": 1}}
2026-06-08 05:25:42,269 - MQTTClient - 177 - DEBUG - Message published (mid=19487)
2026-06-08 05:25:42,272 - MQTTClient - 177 - DEBUG - Message published (mid=19488)
2026-06-08 05:25:42,273 - MQTTClient - 99 - DEBUG - Published: Rpc/ - {"\u865a\u62df\u8bbe\u5907": {"\u4e8c\u671f3\u53f7\u98ce\u673aSV\u503c": 74.0}}
2026-06-08 05:25:42,274 - MQTTClient - 99 - DEBUG - Published: Rpc/ - {"\u865a\u62df\u8bbe\u5907": {"\u4e8c\u671f6\u53f7\u98ce\u673a\u542f\u505c": 1}}
2026-06-08 05:25:42,274 - MQTTClient - 177 - DEBUG - Message published (mid=19489)
2026-06-08 05:25:42,276 - MQTTClient - 99 - DEBUG - Published: Rpc/ - {"\u865a\u62df\u8bbe\u5907": {"\u4e8c\u671f6\u53f7\u98ce\u673aSV\u503c": 74.0}}
2026-06-08 05:25:42,277 - MQTTClient - 177 - DEBUG - Message published (mid=19490)
2026-06-08 05:25:42,277 - MQTTClient - 99 - DEBUG - Published: /idms/api/v1/createControlX - {"type": "\u66dd\u6c14\u667a\u80fd\u4f53", "time": "2026-06-08 05:25:42", "algorithmVersion": "v1.0.0", "controller": "\u9ec4\u5188AI\u7b97\u6cd5\u63a7\u5236", "outputCommand": "\u4e00\u671f\u751f\u7269\u6c60#\u5b9e\u65f6\uff1a\u4e00\u671f\u6eb6\u89e3\u6c27\uff1a4.22mg/L\uff0c\u76ee\u6807\u503c\uff1a2mg/L#\u4e00\u671f1\u53f7\u98ce\u673a\u8fd0\u884c\uff0c\u53cd\u9988\uff1a62%\uff0c\u4e0a\u9650\uff1a100%\uff0c\u4e0b\u9650\uff1a55%\uff0c\u63a7\u5236\u8f93\u51fa\uff1a55.0%\u4e00\u671f2\u53f7\u98ce\u673a\u8fd0\u884c\uff0c\u53cd\u9988\uff1a62%\uff0c\u4e0a\u9650\uff1a100%\uff0c\u4e0b\u9650\uff1a55%\uff0c\u63a7\u5236\u8f93\u51fa\uff1a55.0%\u4e00\u671f3\u53f7\u98ce\u673a\u8fd0\u884c\uff0c\u53cd\u9988\uff1a62%\uff0c\u4e0a\u9650\uff1a100%\uff0c\u4e0b\u9650\uff1a55%\uff0c\u63a7\u5236\u8f93\u51fa\uff1a55.0%\u4e8c\u671f\u751f\u7269\u6c60#\u5b9e\u65f6\uff1a\u4e8c\u671f\u6eb6\u89e3\u6c27\uff1a2.69mg/L\uff0c\u76ee\u6807\u503c\uff1a2mg/L#\u4e8c\u671f1\u53f7\u98ce\u673a\u8fd0\u884c\uff0c\u53cd\u9988\uff1a75%\uff0c\u4e0a\u9650\uff1a98%\uff0c\u4e0b\u9650\uff1a55%\uff0c\u63a7\u5236\u8f93\u51fa\uff1a71.0%\u4e8c\u671f3\u53f7\u98ce\u673a\u8fd0\u884c\uff0c\u53cd\u9988\uff1a78%\uff0c\u4e0a\u9650\uff1a98%\uff0c\u4e0b\u9650\uff1a55%\uff0c\u63a7\u5236\u8f93\u51fa\uff1a74.0%\u4e8c\u671f6\u53f7\u98ce\u673a\u8fd0\u884c\uff0c\u53cd\u9988\uff1a78%\uff0c\u4e0a\u9650\uff1a98%\uff0c\u4e0b\u9650\uff1a55%\uff0c\u63a7\u5236\u8f93\u51fa\uff1a74.0%"}
2026-06-08 05:25:42,280 - MQTTClient - 177 - DEBUG - Message published (mid=19491)
2026-06-08 05:25:57,250 - MQTTClient - 99 - DEBUG - Published: Rpc/ - {"\u865a\u62df\u8bbe\u5907": {"\u4e00\u671f1\u53f7\u98ce\u673aSV\u503c": 55.0}}
2026-06-08 05:25:57,250 - MQTTClient - 177 - DEBUG - Message published (mid=19492)
2026-06-08 05:25:57,256 - MQTTClient - 99 - DEBUG - Published: Rpc/ - {"\u865a\u62df\u8bbe\u5907": {"\u4e00\u671f2\u53f7\u98ce\u673aSV\u503c": 55.0}}
2026-06-08 05:25:57,256 - MQTTClient - 177 - DEBUG - Message published (mid=19493)
2026-06-08 05:25:57,264 - MQTTClient - 99 - DEBUG - Published: Rpc/ - {"\u865a\u62df\u8bbe\u5907": {"\u4e00\u671f3\u53f7\u98ce\u673aSV\u503c": 55.0}}
2026-06-08 05:25:57,264 - MQTTClient - 177 - DEBUG - Message published (mid=19494)
2026-06-08 05:27:42,451 - MQTTClient - 177 - DEBUG - Message published (mid=19495)
2026-06-08 05:27:42,453 - MQTTClient - 99 - DEBUG - Published: Rpc/ - {"\u865a\u62df\u8bbe\u5907": {"\u4e00\u671f1\u53f7\u98ce\u673a\u542f\u505c": 1}}
2026-06-08 05:27:42,456 - MQTTClient - 99 - DEBUG - Published: Rpc/ - {"\u865a\u62df\u8bbe\u5907": {"\u4e00\u671f1\u53f7\u98ce\u673aSV\u503c": 57.0}}
2026-06-08 05:27:42,456 - MQTTClient - 177 - DEBUG - Message published (mid=19496)
2026-06-08 05:27:42,456 - MQTTClient - 99 - DEBUG - Published: Rpc/ - {"\u865a\u62df\u8bbe\u5907": {"\u4e00\u671f2\u53f7\u98ce\u673a\u542f\u505c": 1}}
2026-06-08 05:27:42,458 - MQTTClient - 177 - DEBUG - Message published (mid=19497)
2026-06-08 05:27:42,460 - MQTTClient - 99 - DEBUG - Published: Rpc/ - {"\u865a\u62df\u8bbe\u5907": {"\u4e00\u671f2\u53f7\u98ce\u673aSV\u503c": 57.0}}
2026-06-08 05:27:42,460 - MQTTClient - 177 - DEBUG - Message published (mid=19498)
2026-06-08 05:27:42,461 - MQTTClient - 99 - DEBUG - Published: Rpc/ - {"\u865a\u62df\u8bbe\u5907": {"\u4e00\u671f3\u53f7\u98ce\u673a\u542f\u505c": 1}}
2026-06-08 05:27:42,463 - MQTTClient - 177 - DEBUG - Message published (mid=19499)
2026-06-08 05:27:42,466 - MQTTClient - 177 - DEBUG - Message published (mid=19500)
2026-06-08 05:27:42,467 - MQTTClient - 99 - DEBUG - Published: Rpc/ - {"\u865a\u62df\u8bbe\u5907": {"\u4e00\u671f3\u53f7\u98ce\u673aSV\u503c": 57.0}}
2026-06-08 05:27:42,468 - MQTTClient - 177 - DEBUG - Message published (mid=19501)
2026-06-08 05:27:42,468 - MQTTClient - 99 - DEBUG - Published: Rpc/ - {"\u865a\u62df\u8bbe\u5907": {"\u4e8c\u671f1\u53f7\u98ce\u673a\u542f\u505c": 1}}
2026-06-08 05:27:42,473 - MQTTClient - 99 - DEBUG - Published: Rpc/ - {"\u865a\u62df\u8bbe\u5907": {"\u4e8c\u671f1\u53f7\u98ce\u673aSV\u503c": 71.0}}
2026-06-08 05:27:42,473 - MQTTClient - 177 - DEBUG - Message published (mid=19502)
2026-06-08 05:27:42,473 - MQTTClient - 99 - DEBUG - Published: Rpc/ - {"\u865a\u62df\u8bbe\u5907": {"\u4e8c\u671f3\u53f7\u98ce\u673a\u542f\u505c": 1}}
2026-06-08 05:27:42,475 - MQTTClient - 177 - DEBUG - Message published (mid=19503)
2026-06-08 05:27:42,478 - MQTTClient - 177 - DEBUG - Message published (mid=19504)
2026-06-08 05:27:42,478 - MQTTClient - 99 - DEBUG - Published: Rpc/ - {"\u865a\u62df\u8bbe\u5907": {"\u4e8c\u671f3\u53f7\u98ce\u673aSV\u503c": 74.0}}
2026-06-08 05:27:42,479 - MQTTClient - 177 - DEBUG - Message published (mid=19505)
2026-06-08 05:27:42,479 - MQTTClient - 99 - DEBUG - Published: Rpc/ - {"\u865a\u62df\u8bbe\u5907": {"\u4e8c\u671f6\u53f7\u98ce\u673a\u542f\u505c": 1}}
2026-06-08 05:27:42,484 - MQTTClient - 99 - DEBUG - Published: Rpc/ - {"\u865a\u62df\u8bbe\u5907": {"\u4e8c\u671f6\u53f7\u98ce\u673aSV\u503c": 74.0}}
2026-06-08 05:27:42,484 - MQTTClient - 177 - DEBUG - Message published (mid=19506)
2026-06-08 05:27:42,485 - MQTTClient - 99 - DEBUG - Published: /idms/api/v1/createControlX - {"type": "\u66dd\u6c14\u667a\u80fd\u4f53", "time": "2026-06-08 05:27:42", "algorithmVersion": "v1.0.0", "controller": "\u9ec4\u5188AI\u7b97\u6cd5\u63a7\u5236", "outputCommand": "\u4e00\u671f\u751f\u7269\u6c60#\u5b9e\u65f6\uff1a\u4e00\u671f\u6eb6\u89e3\u6c27\uff1a4.28mg/L\uff0c\u76ee\u6807\u503c\uff1a2mg/L#\u4e00\u671f1\u53f7\u98ce\u673a\u8fd0\u884c\uff0c\u53cd\u9988\uff1a62%\uff0c\u4e0a\u9650\uff1a100%\uff0c\u4e0b\u9650\uff1a55%\uff0c\u63a7\u5236\u8f93\u51fa\uff1a55.0%\u4e00\u671f2\u53f7\u98ce\u673a\u8fd0\u884c\uff0c\u53cd\u9988\uff1a62%\uff0c\u4e0a\u9650\uff1a100%\uff0c\u4e0b\u9650\uff1a55%\uff0c\u63a7\u5236\u8f93\u51fa\uff1a55.0%\u4e00\u671f3\u53f7\u98ce\u673a\u8fd0\u884c\uff0c\u53cd\u9988\uff1a62%\uff0c\u4e0a\u9650\uff1a100%\uff0c\u4e0b\u9650\uff1a55%\uff0c\u63a7\u5236\u8f93\u51fa\uff1a55.0%\u4e8c\u671f\u751f\u7269\u6c60#\u5b9e\u65f6\uff1a\u4e8c\u671f\u6eb6\u89e3\u6c27\uff1a2.6mg/L\uff0c\u76ee\u6807\u503c\uff1a2mg/L#\u4e8c\u671f1\u53f7\u98ce\u673a\u8fd0\u884c\uff0c\u53cd\u9988\uff1a75%\uff0c\u4e0a\u9650\uff1a98%\uff0c\u4e0b\u9650\uff1a55%\uff0c\u63a7\u5236\u8f93\u51fa\uff1a71.0%\u4e8c\u671f3\u53f7\u98ce\u673a\u8fd0\u884c\uff0c\u53cd\u9988\uff1a78%\uff0c\u4e0a\u9650\uff1a98%\uff0c\u4e0b\u9650\uff1a55%\uff0c\u63a7\u5236\u8f93\u51fa\uff1a74.0%\u4e8c\u671f6\u53f7\u98ce\u673a\u8fd0\u884c\uff0c\u53cd\u9988\uff1a78%\uff0c\u4e0a\u9650\uff1a98%\uff0c\u4e0b\u9650\uff1a55%\uff0c\u63a7\u5236\u8f93\u51fa\uff1a74.0%"}
2026-06-08 05:27:42,486 - MQTTClient - 177 - DEBUG - Message published (mid=19507)
2026-06-08 05:27:57,458 - MQTTClient - 99 - DEBUG - Published: Rpc/ - {"\u865a\u62df\u8bbe\u5907": {"\u4e00\u671f1\u53f7\u98ce\u673aSV\u503c": 55.0}}
2026-06-08 05:27:57,459 - MQTTClient - 177 - DEBUG - Message published (mid=19508)
2026-06-08 05:27:57,470 - MQTTClient - 99 - DEBUG - Published: Rpc/ - {"\u865a\u62df\u8bbe\u5907": {"\u4e00\u671f2\u53f7\u98ce\u673aSV\u503c": 55.0}}
2026-06-08 05:27:57,471 - MQTTClient - 177 - DEBUG - Message published (mid=19509)
2026-06-08 05:27:57,472 - MQTTClient - 99 - DEBUG - Published: Rpc/ - {"\u865a\u62df\u8bbe\u5907": {"\u4e00\u671f3\u53f7\u98ce\u673aSV\u503c": 55.0}}
2026-06-08 05:27:57,474 - MQTTClient - 177 - DEBUG - Message published (mid=19510)
2026-06-08 05:29:42,617 - MQTTClient - 99 - DEBUG - Published: Rpc/ - {"\u865a\u62df\u8bbe\u5907": {"\u4e00\u671f1\u53f7\u98ce\u673a\u542f\u505c": 1}}
2026-06-08 05:29:42,617 - MQTTClient - 177 - DEBUG - Message published (mid=19511)
2026-06-08 05:29:42,628 - MQTTClient - 99 - DEBUG - Published: Rpc/ - {"\u865a\u62df\u8bbe\u5907": {"\u4e00\u671f2\u53f7\u98ce\u673a\u542f\u505c": 1}}
2026-06-08 05:29:42,630 - MQTTClient - 177 - DEBUG - Message published (mid=19512)
2026-06-08 05:29:42,634 - MQTTClient - 99 - DEBUG - Published: Rpc/ - {"\u865a\u62df\u8bbe\u5907": {"\u4e00\u671f3\u53f7\u98ce\u673a\u542f\u505c": 1}}
2026-06-08 05:29:42,635 - MQTTClient - 177 - DEBUG - Message published (mid=19513)
2026-06-08 05:29:42,638 - MQTTClient - 177 - DEBUG - Message published (mid=19514)
2026-06-08 05:29:42,638 - MQTTClient - 99 - DEBUG - Published: Rpc/ - {"\u865a\u62df\u8bbe\u5907": {"\u4e8c\u671f1\u53f7\u98ce\u673a\u542f\u505c": 1}}
2026-06-08 05:29:42,643 - MQTTClient - 99 - DEBUG - Published: Rpc/ - {"\u865a\u62df\u8bbe\u5907": {"\u4e8c\u671f1\u53f7\u98ce\u673aSV\u503c": 71.0}}
2026-06-08 05:29:42,643 - MQTTClient - 177 - DEBUG - Message published (mid=19515)
2026-06-08 05:29:42,643 - MQTTClient - 99 - DEBUG - Published: Rpc/ - {"\u865a\u62df\u8bbe\u5907": {"\u4e8c\u671f3\u53f7\u98ce\u673a\u542f\u505c": 1}}
2026-06-08 05:29:42,645 - MQTTClient - 177 - DEBUG - Message published (mid=19516)
2026-06-08 05:29:42,647 - MQTTClient - 177 - DEBUG - Message published (mid=19517)
2026-06-08 05:29:42,647 - MQTTClient - 99 - DEBUG - Published: Rpc/ - {"\u865a\u62df\u8bbe\u5907": {"\u4e8c\u671f3\u53f7\u98ce\u673aSV\u503c": 74.0}}
2026-06-08 05:29:42,648 - MQTTClient - 99 - DEBUG - Published: Rpc/ - {"\u865a\u62df\u8bbe\u5907": {"\u4e8c\u671f6\u53f7\u98ce\u673a\u542f\u505c": 1}}
2026-06-08 05:29:42,648 - MQTTClient - 177 - DEBUG - Message published (mid=19518)
2026-06-08 05:29:42,651 - MQTTClient - 177 - DEBUG - Message published (mid=19519)
2026-06-08 05:29:42,652 - MQTTClient - 99 - DEBUG - Published: Rpc/ - {"\u865a\u62df\u8bbe\u5907": {"\u4e8c\u671f6\u53f7\u98ce\u673aSV\u503c": 74.0}}
2026-06-08 05:29:42,654 - MQTTClient - 177 - DEBUG - Message published (mid=19520)
2026-06-08 05:29:42,654 - MQTTClient - 99 - DEBUG - Published: /idms/api/v1/createControlX - {"type": "\u66dd\u6c14\u667a\u80fd\u4f53", "time": "2026-06-08 05:29:42", "algorithmVersion": "v1.0.0", "controller": "\u9ec4\u5188AI\u7b97\u6cd5\u63a7\u5236", "outputCommand": "\u4e00\u671f\u751f\u7269\u6c60#\u5b9e\u65f6\uff1a\u4e00\u671f\u6eb6\u89e3\u6c27\uff1a4.53mg/L\uff0c\u76ee\u6807\u503c\uff1a2mg/L#\u4e00\u671f1\u53f7\u98ce\u673a\u8fd0\u884c\uff0c\u53cd\u9988\uff1a55%\uff0c\u4e0a\u9650\uff1a100%\uff0c\u4e0b\u9650\uff1a55%\uff0c\u63a7\u5236\u8f93\u51fa\uff1a55.0%\u4e00\u671f2\u53f7\u98ce\u673a\u8fd0\u884c\uff0c\u53cd\u9988\uff1a55%\uff0c\u4e0a\u9650\uff1a100%\uff0c\u4e0b\u9650\uff1a55%\uff0c\u63a7\u5236\u8f93\u51fa\uff1a55.0%\u4e00\u671f3\u53f7\u98ce\u673a\u8fd0\u884c\uff0c\u53cd\u9988\uff1a55%\uff0c\u4e0a\u9650\uff1a100%\uff0c\u4e0b\u9650\uff1a55%\uff0c\u63a7\u5236\u8f93\u51fa\uff1a55.0%\u4e8c\u671f\u751f\u7269\u6c60#\u5b9e\u65f6\uff1a\u4e8c\u671f\u6eb6\u89e3\u6c27\uff1a2.55mg/L\uff0c\u76ee\u6807\u503c\uff1a2mg/L#\u4e8c\u671f1\u53f7\u98ce\u673a\u8fd0\u884c\uff0c\u53cd\u9988\uff1a75%\uff0c\u4e0a\u9650\uff1a98%\uff0c\u4e0b\u9650\uff1a55%\uff0c\u63a7\u5236\u8f93\u51fa\uff1a71.0%\u4e8c\u671f3\u53f7\u98ce\u673a\u8fd0\u884c\uff0c\u53cd\u9988\uff1a78%\uff0c\u4e0a\u9650\uff1a98%\uff0c\u4e0b\u9650\uff1a55%\uff0c\u63a7\u5236\u8f93\u51fa\uff1a74.0%\u4e8c\u671f6\u53f7\u98ce\u673a\u8fd0\u884c\uff0c\u53cd\u9988\uff1a78%\uff0c\u4e0a\u9650\uff1a98%\uff0c\u4e0b\u9650\uff1a55%\uff0c\u63a7\u5236\u8f93\u51fa\uff1a74.0%"}
2026-06-08 05:31:42,805 - MQTTClient - 99 - DEBUG - Published: Rpc/ - {"\u865a\u62df\u8bbe\u5907": {"\u4e00\u671f1\u53f7\u98ce\u673a\u542f\u505c": 1}}
2026-06-08 05:31:42,805 - MQTTClient - 177 - DEBUG - Message published (mid=19521)
2026-06-08 05:31:42,809 - MQTTClient - 177 - DEBUG - Message published (mid=19522)
2026-06-08 05:31:42,810 - MQTTClient - 99 - DEBUG - Published: Rpc/ - {"\u865a\u62df\u8bbe\u5907": {"\u4e00\u671f1\u53f7\u98ce\u673aSV\u503c": 55.0}}
2026-06-08 05:31:42,811 - MQTTClient - 99 - DEBUG - Published: Rpc/ - {"\u865a\u62df\u8bbe\u5907": {"\u4e00\u671f2\u53f7\u98ce\u673a\u542f\u505c": 1}}
2026-06-08 05:31:42,811 - MQTTClient - 177 - DEBUG - Message published (mid=19523)
2026-06-08 05:31:42,815 - MQTTClient - 177 - DEBUG - Message published (mid=19524)
2026-06-08 05:31:42,815 - MQTTClient - 99 - DEBUG - Published: Rpc/ - {"\u865a\u62df\u8bbe\u5907": {"\u4e00\u671f3\u53f7\u98ce\u673a\u542f\u505c": 1}}
2026-06-08 05:31:42,816 - MQTTClient - 99 - DEBUG - Published: Rpc/ - {"\u865a\u62df\u8bbe\u5907": {"\u4e00\u671f2\u53f7\u98ce\u673aSV\u503c": 55.0}}
2026-06-08 05:31:42,816 - MQTTClient - 177 - DEBUG - Message published (mid=19525)
2026-06-08 05:31:42,819 - MQTTClient - 99 - DEBUG - Published: Rpc/ - {"\u865a\u62df\u8bbe\u5907": {"\u4e00\u671f3\u53f7\u98ce\u673aSV\u503c": 55.0}}
2026-06-08 05:31:42,819 - MQTTClient - 177 - DEBUG - Message published (mid=19526)
2026-06-08 05:31:42,820 - MQTTClient - 99 - DEBUG - Published: Rpc/ - {"\u865a\u62df\u8bbe\u5907": {"\u4e8c\u671f1\u53f7\u98ce\u673a\u542f\u505c": 1}}
2026-06-08 05:31:42,821 - MQTTClient - 177 - DEBUG - Message published (mid=19527)
2026-06-08 05:31:42,825 - MQTTClient - 177 - DEBUG - Message published (mid=19528)
2026-06-08 05:31:42,825 - MQTTClient - 99 - DEBUG - Published: Rpc/ - {"\u865a\u62df\u8bbe\u5907": {"\u4e8c\u671f1\u53f7\u98ce\u673aSV\u503c": 71.0}}
2026-06-08 05:31:42,827 - MQTTClient - 177 - DEBUG - Message published (mid=19529)
2026-06-08 05:31:42,827 - MQTTClient - 99 - DEBUG - Published: Rpc/ - {"\u865a\u62df\u8bbe\u5907": {"\u4e8c\u671f3\u53f7\u98ce\u673a\u542f\u505c": 1}}
2026-06-08 05:31:42,832 - MQTTClient - 99 - DEBUG - Published: Rpc/ - {"\u865a\u62df\u8bbe\u5907": {"\u4e8c\u671f3\u53f7\u98ce\u673aSV\u503c": 74.0}}
2026-06-08 05:31:42,832 - MQTTClient - 177 - DEBUG - Message published (mid=19530)
2026-06-08 05:31:42,832 - MQTTClient - 99 - DEBUG - Published: Rpc/ - {"\u865a\u62df\u8bbe\u5907": {"\u4e8c\u671f6\u53f7\u98ce\u673a\u542f\u505c": 1}}
2026-06-08 05:31:42,834 - MQTTClient - 177 - DEBUG - Message published (mid=19531)
2026-06-08 05:31:42,836 - MQTTClient - 99 - DEBUG - Published: Rpc/ - {"\u865a\u62df\u8bbe\u5907": {"\u4e8c\u671f6\u53f7\u98ce\u673aSV\u503c": 74.0}}
2026-06-08 05:31:42,836 - MQTTClient - 177 - DEBUG - Message published (mid=19532)
2026-06-08 05:31:42,837 - MQTTClient - 99 - DEBUG - Published: /idms/api/v1/createControlX - {"type": "\u66dd\u6c14\u667a\u80fd\u4f53", "time": "2026-06-08 05:31:42", "algorithmVersion": "v1.0.0", "controller": "\u9ec4\u5188AI\u7b97\u6cd5\u63a7\u5236", "outputCommand": "\u4e00\u671f\u751f\u7269\u6c60#\u5b9e\u65f6\uff1a\u4e00\u671f\u6eb6\u89e3\u6c27\uff1a4.44mg/L\uff0c\u76ee\u6807\u503c\uff1a2mg/L#\u4e00\u671f1\u53f7\u98ce\u673a\u8fd0\u884c\uff0c\u53cd\u9988\uff1a56%\uff0c\u4e0a\u9650\uff1a100%\uff0c\u4e0b\u9650\uff1a55%\uff0c\u63a7\u5236\u8f93\u51fa\uff1a55.0%\u4e00\u671f2\u53f7\u98ce\u673a\u8fd0\u884c\uff0c\u53cd\u9988\uff1a56%\uff0c\u4e0a\u9650\uff1a100%\uff0c\u4e0b\u9650\uff1a55%\uff0c\u63a7\u5236\u8f93\u51fa\uff1a55.0%\u4e00\u671f3\u53f7\u98ce\u673a\u8fd0\u884c\uff0c\u53cd\u9988\uff1a56%\uff0c\u4e0a\u9650\uff1a100%\uff0c\u4e0b\u9650\uff1a55%\uff0c\u63a7\u5236\u8f93\u51fa\uff1a55.0%\u4e8c\u671f\u751f\u7269\u6c60#\u5b9e\u65f6\uff1a\u4e8c\u671f\u6eb6\u89e3\u6c27\uff1a2.67mg/L\uff0c\u76ee\u6807\u503c\uff1a2mg/L#\u4e8c\u671f1\u53f7\u98ce\u673a\u8fd0\u884c\uff0c\u53cd\u9988\uff1a75%\uff0c\u4e0a\u9650\uff1a98%\uff0c\u4e0b\u9650\uff1a55%\uff0c\u63a7\u5236\u8f93\u51fa\uff1a71.0%\u4e8c\u671f3\u53f7\u98ce\u673a\u8fd0\u884c\uff0c\u53cd\u9988\uff1a78%\uff0c\u4e0a\u9650\uff1a98%\uff0c\u4e0b\u9650\uff1a55%\uff0c\u63a7\u5236\u8f93\u51fa\uff1a74.0%\u4e8c\u671f6\u53f7\u98ce\u673a\u8fd0\u884c\uff0c\u53cd\u9988\uff1a78%\uff0c\u4e0a\u9650\uff1a98%\uff0c\u4e0b\u9650\uff1a55%\uff0c\u63a7\u5236\u8f93\u51fa\uff1a74.0%"}
2026-06-08 05:31:42,839 - MQTTClient - 177 - DEBUG - Message published (mid=19533)
2026-06-08 05:33:42,970 - MQTTClient - 99 - DEBUG - Published: Rpc/ - {"\u865a\u62df\u8bbe\u5907": {"\u4e00\u671f1\u53f7\u98ce\u673a\u542f\u505c": 1}}
2026-06-08 05:33:42,970 - MQTTClient - 177 - DEBUG - Message published (mid=19534)
2026-06-08 05:33:42,974 - MQTTClient - 99 - DEBUG - Published: Rpc/ - {"\u865a\u62df\u8bbe\u5907": {"\u4e00\u671f2\u53f7\u98ce\u673a\u542f\u505c": 1}}
2026-06-08 05:33:42,974 - MQTTClient - 177 - DEBUG - Message published (mid=19535)
2026-06-08 05:33:42,979 - MQTTClient - 99 - DEBUG - Published: Rpc/ - {"\u865a\u62df\u8bbe\u5907": {"\u4e00\u671f3\u53f7\u98ce\u673a\u542f\u505c": 1}}
2026-06-08 05:33:42,979 - MQTTClient - 177 - DEBUG - Message published (mid=19536)
2026-06-08 05:33:42,982 - MQTTClient - 99 - DEBUG - Published: Rpc/ - {"\u865a\u62df\u8bbe\u5907": {"\u4e8c\u671f1\u53f7\u98ce\u673a\u542f\u505c": 1}}
2026-06-08 05:33:42,982 - MQTTClient - 177 - DEBUG - Message published (mid=19537)
2026-06-08 05:33:42,985 - MQTTClient - 177 - DEBUG - Message published (mid=19538)
2026-06-08 05:33:42,985 - MQTTClient - 99 - DEBUG - Published: Rpc/ - {"\u865a\u62df\u8bbe\u5907": {"\u4e8c\u671f1\u53f7\u98ce\u673aSV\u503c": 71.0}}
2026-06-08 05:33:42,986 - MQTTClient - 99 - DEBUG - Published: Rpc/ - {"\u865a\u62df\u8bbe\u5907": {"\u4e8c\u671f3\u53f7\u98ce\u673a\u542f\u505c": 1}}
2026-06-08 05:33:42,986 - MQTTClient - 177 - DEBUG - Message published (mid=19539)
2026-06-08 05:33:42,992 - MQTTClient - 99 - DEBUG - Published: Rpc/ - {"\u865a\u62df\u8bbe\u5907": {"\u4e8c\u671f3\u53f7\u98ce\u673aSV\u503c": 74.0}}
2026-06-08 05:33:42,992 - MQTTClient - 177 - DEBUG - Message published (mid=19540)
2026-06-08 05:33:42,992 - MQTTClient - 99 - DEBUG - Published: Rpc/ - {"\u865a\u62df\u8bbe\u5907": {"\u4e8c\u671f6\u53f7\u98ce\u673a\u542f\u505c": 1}}
2026-06-08 05:33:42,994 - MQTTClient - 177 - DEBUG - Message published (mid=19541)
2026-06-08 05:33:42,996 - MQTTClient - 177 - DEBUG - Message published (mid=19542)
2026-06-08 05:33:42,996 - MQTTClient - 99 - DEBUG - Published: Rpc/ - {"\u865a\u62df\u8bbe\u5907": {"\u4e8c\u671f6\u53f7\u98ce\u673aSV\u503c": 74.0}}
2026-06-08 05:33:42,997 - MQTTClient - 99 - DEBUG - Published: /idms/api/v1/createControlX - {"type": "\u66dd\u6c14\u667a\u80fd\u4f53", "time": "2026-06-08 05:33:42", "algorithmVersion": "v1.0.0", "controller": "\u9ec4\u5188AI\u7b97\u6cd5\u63a7\u5236", "outputCommand": "\u4e00\u671f\u751f\u7269\u6c60#\u5b9e\u65f6\uff1a\u4e00\u671f\u6eb6\u89e3\u6c27\uff1a4.44mg/L\uff0c\u76ee\u6807\u503c\uff1a2mg/L#\u4e00\u671f1\u53f7\u98ce\u673a\u8fd0\u884c\uff0c\u53cd\u9988\uff1a55%\uff0c\u4e0a\u9650\uff1a100%\uff0c\u4e0b\u9650\uff1a55%\uff0c\u63a7\u5236\u8f93\u51fa\uff1a55.0%\u4e00\u671f2\u53f7\u98ce\u673a\u8fd0\u884c\uff0c\u53cd\u9988\uff1a55%\uff0c\u4e0a\u9650\uff1a100%\uff0c\u4e0b\u9650\uff1a55%\uff0c\u63a7\u5236\u8f93\u51fa\uff1a55.0%\u4e00\u671f3\u53f7\u98ce\u673a\u8fd0\u884c\uff0c\u53cd\u9988\uff1a55%\uff0c\u4e0a\u9650\uff1a100%\uff0c\u4e0b\u9650\uff1a55%\uff0c\u63a7\u5236\u8f93\u51fa\uff1a55.0%\u4e8c\u671f\u751f\u7269\u6c60#\u5b9e\u65f6\uff1a\u4e8c\u671f\u6eb6\u89e3\u6c27\uff1a2.52mg/L\uff0c\u76ee\u6807\u503c\uff1a2mg/L#\u4e8c\u671f1\u53f7\u98ce\u673a\u8fd0\u884c\uff0c\u53cd\u9988\uff1a75%\uff0c\u4e0a\u9650\uff1a98%\uff0c\u4e0b\u9650\uff1a55%\uff0c\u63a7\u5236\u8f93\u51fa\uff1a71.0%\u4e8c\u671f3\u53f7\u98ce\u673a\u8fd0\u884c\uff0c\u53cd\u9988\uff1a78%\uff0c\u4e0a\u9650\uff1a98%\uff0c\u4e0b\u9650\uff1a55%\uff0c\u63a7\u5236\u8f93\u51fa\uff1a74.0%\u4e8c\u671f6\u53f7\u98ce\u673a\u8fd0\u884c\uff0c\u53cd\u9988\uff1a78%\uff0c\u4e0a\u9650\uff1a98%\uff0c\u4e0b\u9650\uff1a55%\uff0c\u63a7\u5236\u8f93\u51fa\uff1a74.0%"}
2026-06-08 05:33:42,997 - MQTTClient - 177 - DEBUG - Message published (mid=19543)
2026-06-08 05:35:43,157 - MQTTClient - 177 - DEBUG - Message published (mid=19544)
2026-06-08 05:35:43,158 - MQTTClient - 99 - DEBUG - Published: Rpc/ - {"\u865a\u62df\u8bbe\u5907": {"\u4e00\u671f1\u53f7\u98ce\u673a\u542f\u505c": 1}}
2026-06-08 05:35:43,163 - MQTTClient - 177 - DEBUG - Message published (mid=19545)
2026-06-08 05:35:43,163 - MQTTClient - 99 - DEBUG - Published: Rpc/ - {"\u865a\u62df\u8bbe\u5907": {"\u4e00\u671f2\u53f7\u98ce\u673a\u542f\u505c": 1}}
2026-06-08 05:35:43,168 - MQTTClient - 177 - DEBUG - Message published (mid=19546)
2026-06-08 05:35:43,168 - MQTTClient - 99 - DEBUG - Published: Rpc/ - {"\u865a\u62df\u8bbe\u5907": {"\u4e00\u671f3\u53f7\u98ce\u673a\u542f\u505c": 1}}
2026-06-08 05:35:43,171 - MQTTClient - 177 - DEBUG - Message published (mid=19547)
2026-06-08 05:35:43,171 - MQTTClient - 99 - DEBUG - Published: Rpc/ - {"\u865a\u62df\u8bbe\u5907": {"\u4e8c\u671f1\u53f7\u98ce\u673a\u542f\u505c": 1}}
2026-06-08 05:35:43,175 - MQTTClient - 99 - DEBUG - Published: Rpc/ - {"\u865a\u62df\u8bbe\u5907": {"\u4e8c\u671f1\u53f7\u98ce\u673aSV\u503c": 71.0}}
2026-06-08 05:35:43,176 - MQTTClient - 177 - DEBUG - Message published (mid=19548)
2026-06-08 05:35:43,176 - MQTTClient - 99 - DEBUG - Published: Rpc/ - {"\u865a\u62df\u8bbe\u5907": {"\u4e8c\u671f3\u53f7\u98ce\u673a\u542f\u505c": 1}}
2026-06-08 05:35:43,177 - MQTTClient - 177 - DEBUG - Message published (mid=19549)
2026-06-08 05:35:43,180 - MQTTClient - 177 - DEBUG - Message published (mid=19550)
2026-06-08 05:35:43,180 - MQTTClient - 99 - DEBUG - Published: Rpc/ - {"\u865a\u62df\u8bbe\u5907": {"\u4e8c\u671f3\u53f7\u98ce\u673aSV\u503c": 74.0}}
2026-06-08 05:35:43,182 - MQTTClient - 99 - DEBUG - Published: Rpc/ - {"\u865a\u62df\u8bbe\u5907": {"\u4e8c\u671f6\u53f7\u98ce\u673a\u542f\u505c": 1}}
2026-06-08 05:35:43,183 - MQTTClient - 177 - DEBUG - Message published (mid=19551)
2026-06-08 05:35:43,188 - MQTTClient - 177 - DEBUG - Message published (mid=19552)
2026-06-08 05:35:43,189 - MQTTClient - 99 - DEBUG - Published: Rpc/ - {"\u865a\u62df\u8bbe\u5907": {"\u4e8c\u671f6\u53f7\u98ce\u673aSV\u503c": 74.0}}
2026-06-08 05:35:43,190 - MQTTClient - 177 - DEBUG - Message published (mid=19553)
2026-06-08 05:35:43,191 - MQTTClient - 99 - DEBUG - Published: /idms/api/v1/createControlX - {"type": "\u66dd\u6c14\u667a\u80fd\u4f53", "time": "2026-06-08 05:35:43", "algorithmVersion": "v1.0.0", "controller": "\u9ec4\u5188AI\u7b97\u6cd5\u63a7\u5236", "outputCommand": "\u4e00\u671f\u751f\u7269\u6c60#\u5b9e\u65f6\uff1a\u4e00\u671f\u6eb6\u89e3\u6c27\uff1a4.31mg/L\uff0c\u76ee\u6807\u503c\uff1a2mg/L#\u4e00\u671f1\u53f7\u98ce\u673a\u8fd0\u884c\uff0c\u53cd\u9988\uff1a55%\uff0c\u4e0a\u9650\uff1a100%\uff0c\u4e0b\u9650\uff1a55%\uff0c\u63a7\u5236\u8f93\u51fa\uff1a55.0%\u4e00\u671f2\u53f7\u98ce\u673a\u8fd0\u884c\uff0c\u53cd\u9988\uff1a55%\uff0c\u4e0a\u9650\uff1a100%\uff0c\u4e0b\u9650\uff1a55%\uff0c\u63a7\u5236\u8f93\u51fa\uff1a55.0%\u4e00\u671f3\u53f7\u98ce\u673a\u8fd0\u884c\uff0c\u53cd\u9988\uff1a55%\uff0c\u4e0a\u9650\uff1a100%\uff0c\u4e0b\u9650\uff1a55%\uff0c\u63a7\u5236\u8f93\u51fa\uff1a55.0%\u4e8c\u671f\u751f\u7269\u6c60#\u5b9e\u65f6\uff1a\u4e8c\u671f\u6eb6\u89e3\u6c27\uff1a2.44mg/L\uff0c\u76ee\u6807\u503c\uff1a2mg/L#\u4e8c\u671f1\u53f7\u98ce\u673a\u8fd0\u884c\uff0c\u53cd\u9988\uff1a75%\uff0c\u4e0a\u9650\uff1a98%\uff0c\u4e0b\u9650\uff1a55%\uff0c\u63a7\u5236\u8f93\u51fa\uff1a71.0%\u4e8c\u671f3\u53f7\u98ce\u673a\u8fd0\u884c\uff0c\u53cd\u9988\uff1a78%\uff0c\u4e0a\u9650\uff1a98%\uff0c\u4e0b\u9650\uff1a55%\uff0c\u63a7\u5236\u8f93\u51fa\uff1a74.0%\u4e8c\u671f6\u53f7\u98ce\u673a\u8fd0\u884c\uff0c\u53cd\u9988\uff1a78%\uff0c\u4e0a\u9650\uff1a98%\uff0c\u4e0b\u9650\uff1a55%\uff0c\u63a7\u5236\u8f93\u51fa\uff1a74.0%"}
2026-06-08 05:37:43,333 - MQTTClient - 177 - DEBUG - Message published (mid=19554)
2026-06-08 05:37:43,333 - MQTTClient - 99 - DEBUG - Published: Rpc/ - {"\u865a\u62df\u8bbe\u5907": {"\u4e00\u671f1\u53f7\u98ce\u673a\u542f\u505c": 1}}
2026-06-08 05:37:43,336 - MQTTClient - 99 - DEBUG - Published: Rpc/ - {"\u865a\u62df\u8bbe\u5907": {"\u4e00\u671f2\u53f7\u98ce\u673a\u542f\u505c": 1}}
2026-06-08 05:37:43,337 - MQTTClient - 177 - DEBUG - Message published (mid=19555)
2026-06-08 05:37:43,342 - MQTTClient - 177 - DEBUG - Message published (mid=19556)
2026-06-08 05:37:43,342 - MQTTClient - 99 - DEBUG - Published: Rpc/ - {"\u865a\u62df\u8bbe\u5907": {"\u4e00\u671f3\u53f7\u98ce\u673a\u542f\u505c": 1}}
2026-06-08 05:37:43,347 - MQTTClient - 177 - DEBUG - Message published (mid=19557)
2026-06-08 05:37:43,347 - MQTTClient - 99 - DEBUG - Published: Rpc/ - {"\u865a\u62df\u8bbe\u5907": {"\u4e8c\u671f1\u53f7\u98ce\u673a\u542f\u505c": 1}}
2026-06-08 05:37:43,353 - MQTTClient - 177 - DEBUG - Message published (mid=19558)
2026-06-08 05:37:43,353 - MQTTClient - 99 - DEBUG - Published: Rpc/ - {"\u865a\u62df\u8bbe\u5907": {"\u4e8c\u671f1\u53f7\u98ce\u673aSV\u503c": 71.0}}
2026-06-08 05:37:43,354 - MQTTClient - 177 - DEBUG - Message published (mid=19559)
2026-06-08 05:37:43,354 - MQTTClient - 99 - DEBUG - Published: Rpc/ - {"\u865a\u62df\u8bbe\u5907": {"\u4e8c\u671f3\u53f7\u98ce\u673a\u542f\u505c": 1}}
2026-06-08 05:37:43,358 - MQTTClient - 177 - DEBUG - Message published (mid=19560)
2026-06-08 05:37:43,359 - MQTTClient - 99 - DEBUG - Published: Rpc/ - {"\u865a\u62df\u8bbe\u5907": {"\u4e8c\u671f3\u53f7\u98ce\u673aSV\u503c": 74.0}}
2026-06-08 05:37:43,361 - MQTTClient - 177 - DEBUG - Message published (mid=19561)
2026-06-08 05:37:43,361 - MQTTClient - 99 - DEBUG - Published: Rpc/ - {"\u865a\u62df\u8bbe\u5907": {"\u4e8c\u671f6\u53f7\u98ce\u673a\u542f\u505c": 1}}
2026-06-08 05:37:43,365 - MQTTClient - 99 - DEBUG - Published: Rpc/ - {"\u865a\u62df\u8bbe\u5907": {"\u4e8c\u671f6\u53f7\u98ce\u673aSV\u503c": 74.0}}
2026-06-08 05:37:43,366 - MQTTClient - 177 - DEBUG - Message published (mid=19562)
2026-06-08 05:37:43,368 - MQTTClient - 99 - DEBUG - Published: /idms/api/v1/createControlX - {"type": "\u66dd\u6c14\u667a\u80fd\u4f53", "time": "2026-06-08 05:37:43", "algorithmVersion": "v1.0.0", "controller": "\u9ec4\u5188AI\u7b97\u6cd5\u63a7\u5236", "outputCommand": "\u4e00\u671f\u751f\u7269\u6c60#\u5b9e\u65f6\uff1a\u4e00\u671f\u6eb6\u89e3\u6c27\uff1a4.39mg/L\uff0c\u76ee\u6807\u503c\uff1a2mg/L#\u4e00\u671f1\u53f7\u98ce\u673a\u8fd0\u884c\uff0c\u53cd\u9988\uff1a55%\uff0c\u4e0a\u9650\uff1a100%\uff0c\u4e0b\u9650\uff1a55%\uff0c\u63a7\u5236\u8f93\u51fa\uff1a55.0%\u4e00\u671f2\u53f7\u98ce\u673a\u8fd0\u884c\uff0c\u53cd\u9988\uff1a55%\uff0c\u4e0a\u9650\uff1a100%\uff0c\u4e0b\u9650\uff1a55%\uff0c\u63a7\u5236\u8f93\u51fa\uff1a55.0%\u4e00\u671f3\u53f7\u98ce\u673a\u8fd0\u884c\uff0c\u53cd\u9988\uff1a55%\uff0c\u4e0a\u9650\uff1a100%\uff0c\u4e0b\u9650\uff1a55%\uff0c\u63a7\u5236\u8f93\u51fa\uff1a55.0%\u4e8c\u671f\u751f\u7269\u6c60#\u5b9e\u65f6\uff1a\u4e8c\u671f\u6eb6\u89e3\u6c27\uff1a2.4mg/L\uff0c\u76ee\u6807\u503c\uff1a2mg/L#\u4e8c\u671f1\u53f7\u98ce\u673a\u8fd0\u884c\uff0c\u53cd\u9988\uff1a75%\uff0c\u4e0a\u9650\uff1a98%\uff0c\u4e0b\u9650\uff1a55%\uff0c\u63a7\u5236\u8f93\u51fa\uff1a71.0%\u4e8c\u671f3\u53f7\u98ce\u673a\u8fd0\u884c\uff0c\u53cd\u9988\uff1a78%\uff0c\u4e0a\u9650\uff1a98%\uff0c\u4e0b\u9650\uff1a55%\uff0c\u63a7\u5236\u8f93\u51fa\uff1a74.0%\u4e8c\u671f6\u53f7\u98ce\u673a\u8fd0\u884c\uff0c\u53cd\u9988\uff1a78%\uff0c\u4e0a\u9650\uff1a98%\uff0c\u4e0b\u9650\uff1a55%\uff0c\u63a7\u5236\u8f93\u51fa\uff1a74.0%"}
2026-06-08 05:37:43,368 - MQTTClient - 177 - DEBUG - Message published (mid=19563)
2026-06-08 05:39:43,541 - MQTTClient - 99 - DEBUG - Published: Rpc/ - {"\u865a\u62df\u8bbe\u5907": {"\u4e00\u671f1\u53f7\u98ce\u673a\u542f\u505c": 1}}
2026-06-08 05:39:43,541 - MQTTClient - 177 - DEBUG - Message published (mid=19564)
2026-06-08 05:39:43,545 - MQTTClient - 99 - DEBUG - Published: Rpc/ - {"\u865a\u62df\u8bbe\u5907": {"\u4e00\u671f2\u53f7\u98ce\u673a\u542f\u505c": 1}}
2026-06-08 05:39:43,545 - MQTTClient - 177 - DEBUG - Message published (mid=19565)
2026-06-08 05:39:43,549 - MQTTClient - 177 - DEBUG - Message published (mid=19566)
2026-06-08 05:39:43,550 - MQTTClient - 99 - DEBUG - Published: Rpc/ - {"\u865a\u62df\u8bbe\u5907": {"\u4e00\u671f3\u53f7\u98ce\u673a\u542f\u505c": 1}}
2026-06-08 05:39:43,555 - MQTTClient - 177 - DEBUG - Message published (mid=19567)
2026-06-08 05:39:43,555 - MQTTClient - 99 - DEBUG - Published: Rpc/ - {"\u865a\u62df\u8bbe\u5907": {"\u4e8c\u671f1\u53f7\u98ce\u673a\u542f\u505c": 1}}
2026-06-08 05:39:43,557 - MQTTClient - 99 - DEBUG - Published: Rpc/ - {"\u865a\u62df\u8bbe\u5907": {"\u4e8c\u671f1\u53f7\u98ce\u673aSV\u503c": 71.0}}
2026-06-08 05:39:43,557 - MQTTClient - 177 - DEBUG - Message published (mid=19568)
2026-06-08 05:39:43,558 - MQTTClient - 99 - DEBUG - Published: Rpc/ - {"\u865a\u62df\u8bbe\u5907": {"\u4e8c\u671f3\u53f7\u98ce\u673a\u542f\u505c": 1}}
2026-06-08 05:39:43,559 - MQTTClient - 177 - DEBUG - Message published (mid=19569)
2026-06-08 05:39:43,561 - MQTTClient - 99 - DEBUG - Published: Rpc/ - {"\u865a\u62df\u8bbe\u5907": {"\u4e8c\u671f3\u53f7\u98ce\u673aSV\u503c": 74.0}}
2026-06-08 05:39:43,561 - MQTTClient - 177 - DEBUG - Message published (mid=19570)
2026-06-08 05:39:43,562 - MQTTClient - 99 - DEBUG - Published: Rpc/ - {"\u865a\u62df\u8bbe\u5907": {"\u4e8c\u671f6\u53f7\u98ce\u673a\u542f\u505c": 1}}
2026-06-08 05:39:43,564 - MQTTClient - 177 - DEBUG - Message published (mid=19571)
2026-06-08 05:39:43,568 - MQTTClient - 99 - DEBUG - Published: Rpc/ - {"\u865a\u62df\u8bbe\u5907": {"\u4e8c\u671f6\u53f7\u98ce\u673aSV\u503c": 74.0}}
2026-06-08 05:39:43,568 - MQTTClient - 177 - DEBUG - Message published (mid=19572)
2026-06-08 05:39:43,568 - MQTTClient - 99 - DEBUG - Published: /idms/api/v1/createControlX - {"type": "\u66dd\u6c14\u667a\u80fd\u4f53", "time": "2026-06-08 05:39:43", "algorithmVersion": "v1.0.0", "controller": "\u9ec4\u5188AI\u7b97\u6cd5\u63a7\u5236", "outputCommand": "\u4e00\u671f\u751f\u7269\u6c60#\u5b9e\u65f6\uff1a\u4e00\u671f\u6eb6\u89e3\u6c27\uff1a4.54mg/L\uff0c\u76ee\u6807\u503c\uff1a2mg/L#\u4e00\u671f1\u53f7\u98ce\u673a\u8fd0\u884c\uff0c\u53cd\u9988\uff1a55%\uff0c\u4e0a\u9650\uff1a100%\uff0c\u4e0b\u9650\uff1a55%\uff0c\u63a7\u5236\u8f93\u51fa\uff1a55.0%\u4e00\u671f2\u53f7\u98ce\u673a\u8fd0\u884c\uff0c\u53cd\u9988\uff1a55%\uff0c\u4e0a\u9650\uff1a100%\uff0c\u4e0b\u9650\uff1a55%\uff0c\u63a7\u5236\u8f93\u51fa\uff1a55.0%\u4e00\u671f3\u53f7\u98ce\u673a\u8fd0\u884c\uff0c\u53cd\u9988\uff1a55%\uff0c\u4e0a\u9650\uff1a100%\uff0c\u4e0b\u9650\uff1a55%\uff0c\u63a7\u5236\u8f93\u51fa\uff1a55.0%\u4e8c\u671f\u751f\u7269\u6c60#\u5b9e\u65f6\uff1a\u4e8c\u671f\u6eb6\u89e3\u6c27\uff1a2.4mg/L\uff0c\u76ee\u6807\u503c\uff1a2mg/L#\u4e8c\u671f1\u53f7\u98ce\u673a\u8fd0\u884c\uff0c\u53cd\u9988\uff1a75%\uff0c\u4e0a\u9650\uff1a98%\uff0c\u4e0b\u9650\uff1a55%\uff0c\u63a7\u5236\u8f93\u51fa\uff1a71.0%\u4e8c\u671f3\u53f7\u98ce\u673a\u8fd0\u884c\uff0c\u53cd\u9988\uff1a78%\uff0c\u4e0a\u9650\uff1a98%\uff0c\u4e0b\u9650\uff1a55%\uff0c\u63a7\u5236\u8f93\u51fa\uff1a74.0%\u4e8c\u671f6\u53f7\u98ce\u673a\u8fd0\u884c\uff0c\u53cd\u9988\uff1a78%\uff0c\u4e0a\u9650\uff1a98%\uff0c\u4e0b\u9650\uff1a55%\uff0c\u63a7\u5236\u8f93\u51fa\uff1a74.0%"}
2026-06-08 05:39:43,569 - MQTTClient - 177 - DEBUG - Message published (mid=19573)
2026-06-08 05:41:43,726 - MQTTClient - 99 - DEBUG - Published: Rpc/ - {"\u865a\u62df\u8bbe\u5907": {"\u4e00\u671f1\u53f7\u98ce\u673a\u542f\u505c": 1}}
2026-06-08 05:41:43,726 - MQTTClient - 177 - DEBUG - Message published (mid=19574)
2026-06-08 05:41:43,736 - MQTTClient - 177 - DEBUG - Message published (mid=19575)
2026-06-08 05:41:43,736 - MQTTClient - 99 - DEBUG - Published: Rpc/ - {"\u865a\u62df\u8bbe\u5907": {"\u4e00\u671f2\u53f7\u98ce\u673a\u542f\u505c": 1}}
2026-06-08 05:41:43,740 - MQTTClient - 99 - DEBUG - Published: Rpc/ - {"\u865a\u62df\u8bbe\u5907": {"\u4e00\u671f3\u53f7\u98ce\u673a\u542f\u505c": 1}}
2026-06-08 05:41:43,740 - MQTTClient - 177 - DEBUG - Message published (mid=19576)
2026-06-08 05:41:43,746 - MQTTClient - 99 - DEBUG - Published: Rpc/ - {"\u865a\u62df\u8bbe\u5907": {"\u4e8c\u671f1\u53f7\u98ce\u673a\u542f\u505c": 1}}
2026-06-08 05:41:43,746 - MQTTClient - 177 - DEBUG - Message published (mid=19577)
2026-06-08 05:41:43,749 - MQTTClient - 177 - DEBUG - Message published (mid=19578)
2026-06-08 05:41:43,749 - MQTTClient - 99 - DEBUG - Published: Rpc/ - {"\u865a\u62df\u8bbe\u5907": {"\u4e8c\u671f1\u53f7\u98ce\u673aSV\u503c": 71.0}}
2026-06-08 05:41:43,750 - MQTTClient - 99 - DEBUG - Published: Rpc/ - {"\u865a\u62df\u8bbe\u5907": {"\u4e8c\u671f3\u53f7\u98ce\u673a\u542f\u505c": 1}}
2026-06-08 05:41:43,750 - MQTTClient - 177 - DEBUG - Message published (mid=19579)
2026-06-08 05:41:43,754 - MQTTClient - 177 - DEBUG - Message published (mid=19580)
2026-06-08 05:41:43,755 - MQTTClient - 99 - DEBUG - Published: Rpc/ - {"\u865a\u62df\u8bbe\u5907": {"\u4e8c\u671f3\u53f7\u98ce\u673aSV\u503c": 74.0}}
2026-06-08 05:41:43,754 - MQTTClient - 99 - DEBUG - Published: Rpc/ - {"\u865a\u62df\u8bbe\u5907": {"\u4e8c\u671f6\u53f7\u98ce\u673a\u542f\u505c": 1}}
2026-06-08 05:41:43,755 - MQTTClient - 177 - DEBUG - Message published (mid=19581)
2026-06-08 05:41:43,760 - MQTTClient - 99 - DEBUG - Published: Rpc/ - {"\u865a\u62df\u8bbe\u5907": {"\u4e8c\u671f6\u53f7\u98ce\u673aSV\u503c": 74.0}}
2026-06-08 05:41:43,760 - MQTTClient - 177 - DEBUG - Message published (mid=19582)
2026-06-08 05:41:43,761 - MQTTClient - 99 - DEBUG - Published: /idms/api/v1/createControlX - {"type": "\u66dd\u6c14\u667a\u80fd\u4f53", "time": "2026-06-08 05:41:43", "algorithmVersion": "v1.0.0", "controller": "\u9ec4\u5188AI\u7b97\u6cd5\u63a7\u5236", "outputCommand": "\u4e00\u671f\u751f\u7269\u6c60#\u5b9e\u65f6\uff1a\u4e00\u671f\u6eb6\u89e3\u6c27\uff1a4.41mg/L\uff0c\u76ee\u6807\u503c\uff1a2mg/L#\u4e00\u671f1\u53f7\u98ce\u673a\u8fd0\u884c\uff0c\u53cd\u9988\uff1a55%\uff0c\u4e0a\u9650\uff1a100%\uff0c\u4e0b\u9650\uff1a55%\uff0c\u63a7\u5236\u8f93\u51fa\uff1a55.0%\u4e00\u671f2\u53f7\u98ce\u673a\u8fd0\u884c\uff0c\u53cd\u9988\uff1a55%\uff0c\u4e0a\u9650\uff1a100%\uff0c\u4e0b\u9650\uff1a55%\uff0c\u63a7\u5236\u8f93\u51fa\uff1a55.0%\u4e00\u671f3\u53f7\u98ce\u673a\u8fd0\u884c\uff0c\u53cd\u9988\uff1a55%\uff0c\u4e0a\u9650\uff1a100%\uff0c\u4e0b\u9650\uff1a55%\uff0c\u63a7\u5236\u8f93\u51fa\uff1a55.0%\u4e8c\u671f\u751f\u7269\u6c60#\u5b9e\u65f6\uff1a\u4e8c\u671f\u6eb6\u89e3\u6c27\uff1a2.41mg/L\uff0c\u76ee\u6807\u503c\uff1a2mg/L#\u4e8c\u671f1\u53f7\u98ce\u673a\u8fd0\u884c\uff0c\u53cd\u9988\uff1a75%\uff0c\u4e0a\u9650\uff1a98%\uff0c\u4e0b\u9650\uff1a55%\uff0c\u63a7\u5236\u8f93\u51fa\uff1a71.0%\u4e8c\u671f3\u53f7\u98ce\u673a\u8fd0\u884c\uff0c\u53cd\u9988\uff1a78%\uff0c\u4e0a\u9650\uff1a98%\uff0c\u4e0b\u9650\uff1a55%\uff0c\u63a7\u5236\u8f93\u51fa\uff1a74.0%\u4e8c\u671f6\u53f7\u98ce\u673a\u8fd0\u884c\uff0c\u53cd\u9988\uff1a78%\uff0c\u4e0a\u9650\uff1a98%\uff0c\u4e0b\u9650\uff1a55%\uff0c\u63a7\u5236\u8f93\u51fa\uff1a74.0%"}
2026-06-08 05:41:43,762 - MQTTClient - 177 - DEBUG - Message published (mid=19583)
2026-06-08 05:43:43,907 - MQTTClient - 177 - DEBUG - Message published (mid=19584)
2026-06-08 05:43:43,907 - MQTTClient - 99 - DEBUG - Published: Rpc/ - {"\u865a\u62df\u8bbe\u5907": {"\u4e00\u671f1\u53f7\u98ce\u673a\u542f\u505c": 1}}
2026-06-08 05:43:43,910 - MQTTClient - 99 - DEBUG - Published: Rpc/ - {"\u865a\u62df\u8bbe\u5907": {"\u4e00\u671f1\u53f7\u98ce\u673aSV\u503c": 55.0}}
2026-06-08 05:43:43,910 - MQTTClient - 177 - DEBUG - Message published (mid=19585)
2026-06-08 05:43:43,911 - MQTTClient - 99 - DEBUG - Published: Rpc/ - {"\u865a\u62df\u8bbe\u5907": {"\u4e00\u671f2\u53f7\u98ce\u673a\u542f\u505c": 1}}
2026-06-08 05:43:43,912 - MQTTClient - 177 - DEBUG - Message published (mid=19586)
2026-06-08 05:43:43,914 - MQTTClient - 177 - DEBUG - Message published (mid=19587)
2026-06-08 05:43:43,915 - MQTTClient - 99 - DEBUG - Published: Rpc/ - {"\u865a\u62df\u8bbe\u5907": {"\u4e00\u671f2\u53f7\u98ce\u673aSV\u503c": 55.0}}
2026-06-08 05:43:43,916 - MQTTClient - 99 - DEBUG - Published: Rpc/ - {"\u865a\u62df\u8bbe\u5907": {"\u4e00\u671f3\u53f7\u98ce\u673a\u542f\u505c": 1}}
2026-06-08 05:43:43,916 - MQTTClient - 177 - DEBUG - Message published (mid=19588)
2026-06-08 05:43:43,918 - MQTTClient - 99 - DEBUG - Published: Rpc/ - {"\u865a\u62df\u8bbe\u5907": {"\u4e00\u671f3\u53f7\u98ce\u673aSV\u503c": 55.0}}
2026-06-08 05:43:43,919 - MQTTClient - 177 - DEBUG - Message published (mid=19589)
2026-06-08 05:43:43,919 - MQTTClient - 99 - DEBUG - Published: Rpc/ - {"\u865a\u62df\u8bbe\u5907": {"\u4e8c\u671f1\u53f7\u98ce\u673a\u542f\u505c": 1}}
2026-06-08 05:43:43,921 - MQTTClient - 177 - DEBUG - Message published (mid=19590)
2026-06-08 05:43:43,923 - MQTTClient - 99 - DEBUG - Published: Rpc/ - {"\u865a\u62df\u8bbe\u5907": {"\u4e8c\u671f1\u53f7\u98ce\u673aSV\u503c": 72.0}}
2026-06-08 05:43:43,923 - MQTTClient - 177 - DEBUG - Message published (mid=19591)
2026-06-08 05:43:43,923 - MQTTClient - 99 - DEBUG - Published: Rpc/ - {"\u865a\u62df\u8bbe\u5907": {"\u4e8c\u671f3\u53f7\u98ce\u673a\u542f\u505c": 1}}
2026-06-08 05:43:43,926 - MQTTClient - 177 - DEBUG - Message published (mid=19592)
2026-06-08 05:43:43,930 - MQTTClient - 177 - DEBUG - Message published (mid=19593)
2026-06-08 05:43:43,930 - MQTTClient - 99 - DEBUG - Published: Rpc/ - {"\u865a\u62df\u8bbe\u5907": {"\u4e8c\u671f3\u53f7\u98ce\u673aSV\u503c": 75.0}}
2026-06-08 05:43:43,930 - MQTTClient - 99 - DEBUG - Published: Rpc/ - {"\u865a\u62df\u8bbe\u5907": {"\u4e8c\u671f6\u53f7\u98ce\u673a\u542f\u505c": 1}}
2026-06-08 05:43:43,932 - MQTTClient - 177 - DEBUG - Message published (mid=19594)
2026-06-08 05:43:43,935 - MQTTClient - 177 - DEBUG - Message published (mid=19595)
2026-06-08 05:43:43,935 - MQTTClient - 99 - DEBUG - Published: Rpc/ - {"\u865a\u62df\u8bbe\u5907": {"\u4e8c\u671f6\u53f7\u98ce\u673aSV\u503c": 75.0}}
2026-06-08 05:43:43,936 - MQTTClient - 99 - DEBUG - Published: /idms/api/v1/createControlX - {"type": "\u66dd\u6c14\u667a\u80fd\u4f53", "time": "2026-06-08 05:43:43", "algorithmVersion": "v1.0.0", "controller": "\u9ec4\u5188AI\u7b97\u6cd5\u63a7\u5236", "outputCommand": "\u4e00\u671f\u751f\u7269\u6c60#\u5b9e\u65f6\uff1a\u4e00\u671f\u6eb6\u89e3\u6c27\uff1a4.22mg/L\uff0c\u76ee\u6807\u503c\uff1a2mg/L#\u4e00\u671f1\u53f7\u98ce\u673a\u8fd0\u884c\uff0c\u53cd\u9988\uff1a56%\uff0c\u4e0a\u9650\uff1a100%\uff0c\u4e0b\u9650\uff1a55%\uff0c\u63a7\u5236\u8f93\u51fa\uff1a55.0%\u4e00\u671f2\u53f7\u98ce\u673a\u8fd0\u884c\uff0c\u53cd\u9988\uff1a56%\uff0c\u4e0a\u9650\uff1a100%\uff0c\u4e0b\u9650\uff1a55%\uff0c\u63a7\u5236\u8f93\u51fa\uff1a55.0%\u4e00\u671f3\u53f7\u98ce\u673a\u8fd0\u884c\uff0c\u53cd\u9988\uff1a56%\uff0c\u4e0a\u9650\uff1a100%\uff0c\u4e0b\u9650\uff1a55%\uff0c\u63a7\u5236\u8f93\u51fa\uff1a55.0%\u4e8c\u671f\u751f\u7269\u6c60#\u5b9e\u65f6\uff1a\u4e8c\u671f\u6eb6\u89e3\u6c27\uff1a2.3mg/L\uff0c\u76ee\u6807\u503c\uff1a2mg/L#\u4e8c\u671f1\u53f7\u98ce\u673a\u8fd0\u884c\uff0c\u53cd\u9988\uff1a75%\uff0c\u4e0a\u9650\uff1a98%\uff0c\u4e0b\u9650\uff1a55%\uff0c\u63a7\u5236\u8f93\u51fa\uff1a72.0%\u4e8c\u671f3\u53f7\u98ce\u673a\u8fd0\u884c\uff0c\u53cd\u9988\uff1a78%\uff0c\u4e0a\u9650\uff1a98%\uff0c\u4e0b\u9650\uff1a55%\uff0c\u63a7\u5236\u8f93\u51fa\uff1a75.0%\u4e8c\u671f6\u53f7\u98ce\u673a\u8fd0\u884c\uff0c\u53cd\u9988\uff1a78%\uff0c\u4e0a\u9650\uff1a98%\uff0c\u4e0b\u9650\uff1a55%\uff0c\u63a7\u5236\u8f93\u51fa\uff1a75.0%"}
2026-06-08 05:43:43,936 - MQTTClient - 177 - DEBUG - Message published (mid=19596)
2026-06-08 05:44:44,015 - MQTTClient - 99 - DEBUG - Published: Rpc/ - {"\u865a\u62df\u8bbe\u5907": {"\u4e00\u671f1\u53f7\u98ce\u673a\u542f\u505c": 3, "\u4e00\u671f1\u53f7\u98ce\u673aSV\u503c": 0}}
2026-06-08 05:44:44,015 - MQTTClient - 177 - DEBUG - Message published (mid=19597)
2026-06-08 05:44:44,016 - MQTTClient - 99 - DEBUG - Published: /idms/api/v1/createControlX - {"type": "\u66dd\u6c14\u667a\u80fd\u4f53", "time": "2026-06-08 05:44:44", "algorithmVersion": "v1.0.0", "controller": "\u9ec4\u5188AI\u7b97\u6cd5\u63a7\u5236", "outputCommand": "\u4e00\u671f1\u53f7\u751f\u7269\u6c60DO\u503c\u6301\u7eed\u9ad8\u4e8e5\uff0c30\u5206\u949f\uff0c\u9700\u51cf\u5c11\u4e00\u53f0\u98ce\u673a#"}
2026-06-08 05:44:44,017 - MQTTClient - 177 - DEBUG - Message published (mid=19598)
2026-06-08 05:46:44,153 - MQTTClient - 99 - DEBUG - Published: Rpc/ - {"\u865a\u62df\u8bbe\u5907": {"\u4e00\u671f1\u53f7\u98ce\u673a\u542f\u505c": 1}}
2026-06-08 05:46:44,154 - MQTTClient - 177 - DEBUG - Message published (mid=19599)
2026-06-08 05:46:44,157 - MQTTClient - 99 - DEBUG - Published: Rpc/ - {"\u865a\u62df\u8bbe\u5907": {"\u4e00\u671f1\u53f7\u98ce\u673aSV\u503c": 55.0}}
2026-06-08 05:46:44,157 - MQTTClient - 177 - DEBUG - Message published (mid=19600)
2026-06-08 05:46:44,158 - MQTTClient - 99 - DEBUG - Published: Rpc/ - {"\u865a\u62df\u8bbe\u5907": {"\u4e00\u671f2\u53f7\u98ce\u673a\u542f\u505c": 1}}
2026-06-08 05:46:44,159 - MQTTClient - 177 - DEBUG - Message published (mid=19601)
2026-06-08 05:46:44,163 - MQTTClient - 177 - DEBUG - Message published (mid=19602)
2026-06-08 05:46:44,163 - MQTTClient - 99 - DEBUG - Published: Rpc/ - {"\u865a\u62df\u8bbe\u5907": {"\u4e00\u671f2\u53f7\u98ce\u673aSV\u503c": 55.0}}
2026-06-08 05:46:44,165 - MQTTClient - 177 - DEBUG - Message published (mid=19603)
2026-06-08 05:46:44,165 - MQTTClient - 99 - DEBUG - Published: Rpc/ - {"\u865a\u62df\u8bbe\u5907": {"\u4e00\u671f3\u53f7\u98ce\u673a\u542f\u505c": 1}}
2026-06-08 05:46:44,171 - MQTTClient - 177 - DEBUG - Message published (mid=19604)
2026-06-08 05:46:44,172 - MQTTClient - 99 - DEBUG - Published: Rpc/ - {"\u865a\u62df\u8bbe\u5907": {"\u4e00\u671f3\u53f7\u98ce\u673aSV\u503c": 55.0}}
2026-06-08 05:46:44,174 - MQTTClient - 177 - DEBUG - Message published (mid=19605)
2026-06-08 05:46:44,174 - MQTTClient - 99 - DEBUG - Published: Rpc/ - {"\u865a\u62df\u8bbe\u5907": {"\u4e8c\u671f1\u53f7\u98ce\u673a\u542f\u505c": 1}}
2026-06-08 05:46:44,179 - MQTTClient - 177 - DEBUG - Message published (mid=19606)
2026-06-08 05:46:44,179 - MQTTClient - 99 - DEBUG - Published: Rpc/ - {"\u865a\u62df\u8bbe\u5907": {"\u4e8c\u671f1\u53f7\u98ce\u673aSV\u503c": 71.0}}
2026-06-08 05:46:44,179 - MQTTClient - 99 - DEBUG - Published: Rpc/ - {"\u865a\u62df\u8bbe\u5907": {"\u4e8c\u671f3\u53f7\u98ce\u673a\u542f\u505c": 1}}
2026-06-08 05:46:44,180 - MQTTClient - 177 - DEBUG - Message published (mid=19607)
2026-06-08 05:46:44,183 - MQTTClient - 177 - DEBUG - Message published (mid=19608)
2026-06-08 05:46:44,183 - MQTTClient - 99 - DEBUG - Published: Rpc/ - {"\u865a\u62df\u8bbe\u5907": {"\u4e8c\u671f3\u53f7\u98ce\u673aSV\u503c": 74.0}}
2026-06-08 05:46:44,185 - MQTTClient - 177 - DEBUG - Message published (mid=19609)
2026-06-08 05:46:44,185 - MQTTClient - 99 - DEBUG - Published: Rpc/ - {"\u865a\u62df\u8bbe\u5907": {"\u4e8c\u671f6\u53f7\u98ce\u673a\u542f\u505c": 1}}
2026-06-08 05:46:44,190 - MQTTClient - 177 - DEBUG - Message published (mid=19610)
2026-06-08 05:46:44,190 - MQTTClient - 99 - DEBUG - Published: /idms/api/v1/createControlX - {"type": "\u66dd\u6c14\u667a\u80fd\u4f53", "time": "2026-06-08 05:46:44", "algorithmVersion": "v1.0.0", "controller": "\u9ec4\u5188AI\u7b97\u6cd5\u63a7\u5236", "outputCommand": "\u4e00\u671f\u751f\u7269\u6c60#\u5b9e\u65f6\uff1a\u4e00\u671f\u6eb6\u89e3\u6c27\uff1a3.65mg/L\uff0c\u76ee\u6807\u503c\uff1a2mg/L#\u4e00\u671f1\u53f7\u98ce\u673a\u8fd0\u884c\uff0c\u53cd\u9988\uff1a58%\uff0c\u4e0a\u9650\uff1a100%\uff0c\u4e0b\u9650\uff1a55%\uff0c\u63a7\u5236\u8f93\u51fa\uff1a55.0%\u4e00\u671f2\u53f7\u98ce\u673a\u8fd0\u884c\uff0c\u53cd\u9988\uff1a58%\uff0c\u4e0a\u9650\uff1a100%\uff0c\u4e0b\u9650\uff1a55%\uff0c\u63a7\u5236\u8f93\u51fa\uff1a55.0%\u4e00\u671f3\u53f7\u98ce\u673a\u8fd0\u884c\uff0c\u53cd\u9988\uff1a58%\uff0c\u4e0a\u9650\uff1a100%\uff0c\u4e0b\u9650\uff1a55%\uff0c\u63a7\u5236\u8f93\u51fa\uff1a55.0%\u4e8c\u671f\u751f\u7269\u6c60#\u5b9e\u65f6\uff1a\u4e8c\u671f\u6eb6\u89e3\u6c27\uff1a2.46mg/L\uff0c\u76ee\u6807\u503c\uff1a2mg/L#\u4e8c\u671f1\u53f7\u98ce\u673a\u8fd0\u884c\uff0c\u53cd\u9988\uff1a75%\uff0c\u4e0a\u9650\uff1a98%\uff0c\u4e0b\u9650\uff1a55%\uff0c\u63a7\u5236\u8f93\u51fa\uff1a71.0%\u4e8c\u671f3\u53f7\u98ce\u673a\u8fd0\u884c\uff0c\u53cd\u9988\uff1a78%\uff0c\u4e0a\u9650\uff1a98%\uff0c\u4e0b\u9650\uff1a55%\uff0c\u63a7\u5236\u8f93\u51fa\uff1a74.0%\u4e8c\u671f6\u53f7\u98ce\u673a\u8fd0\u884c\uff0c\u53cd\u9988\uff1a78%\uff0c\u4e0a\u9650\uff1a98%\uff0c\u4e0b\u9650\uff1a55%\uff0c\u63a7\u5236\u8f93\u51fa\uff1a74.0%"}
2026-06-08 05:46:44,190 - MQTTClient - 99 - DEBUG - Published: Rpc/ - {"\u865a\u62df\u8bbe\u5907": {"\u4e8c\u671f6\u53f7\u98ce\u673aSV\u503c": 74.0}}
2026-06-08 05:46:44,191 - MQTTClient - 177 - DEBUG - Message published (mid=19611)
2026-06-08 05:48:44,372 - MQTTClient - 177 - DEBUG - Message published (mid=19612)
2026-06-08 05:48:44,372 - MQTTClient - 99 - DEBUG - Published: Rpc/ - {"\u865a\u62df\u8bbe\u5907": {"\u4e00\u671f1\u53f7\u98ce\u673a\u542f\u505c": 1}}
2026-06-08 05:48:44,375 - MQTTClient - 177 - DEBUG - Message published (mid=19613)
2026-06-08 05:48:44,376 - MQTTClient - 99 - DEBUG - Published: Rpc/ - {"\u865a\u62df\u8bbe\u5907": {"\u4e00\u671f1\u53f7\u98ce\u673aSV\u503c": 55.3}}
2026-06-08 05:48:44,377 - MQTTClient - 177 - DEBUG - Message published (mid=19614)
2026-06-08 05:48:44,378 - MQTTClient - 99 - DEBUG - Published: Rpc/ - {"\u865a\u62df\u8bbe\u5907": {"\u4e00\u671f2\u53f7\u98ce\u673a\u542f\u505c": 1}}
2026-06-08 05:48:44,381 - MQTTClient - 177 - DEBUG - Message published (mid=19615)
2026-06-08 05:48:44,381 - MQTTClient - 99 - DEBUG - Published: Rpc/ - {"\u865a\u62df\u8bbe\u5907": {"\u4e00\u671f2\u53f7\u98ce\u673aSV\u503c": 55.3}}
2026-06-08 05:48:44,382 - MQTTClient - 177 - DEBUG - Message published (mid=19616)
2026-06-08 05:48:44,382 - MQTTClient - 99 - DEBUG - Published: Rpc/ - {"\u865a\u62df\u8bbe\u5907": {"\u4e00\u671f3\u53f7\u98ce\u673a\u542f\u505c": 1}}
2026-06-08 05:48:44,386 - MQTTClient - 99 - DEBUG - Published: Rpc/ - {"\u865a\u62df\u8bbe\u5907": {"\u4e00\u671f3\u53f7\u98ce\u673aSV\u503c": 55.3}}
2026-06-08 05:48:44,386 - MQTTClient - 177 - DEBUG - Message published (mid=19617)
2026-06-08 05:48:44,387 - MQTTClient - 99 - DEBUG - Published: Rpc/ - {"\u865a\u62df\u8bbe\u5907": {"\u4e8c\u671f1\u53f7\u98ce\u673a\u542f\u505c": 1}}
2026-06-08 05:48:44,388 - MQTTClient - 177 - DEBUG - Message published (mid=19618)
2026-06-08 05:48:44,390 - MQTTClient - 177 - DEBUG - Message published (mid=19619)
2026-06-08 05:48:44,391 - MQTTClient - 99 - DEBUG - Published: Rpc/ - {"\u865a\u62df\u8bbe\u5907": {"\u4e8c\u671f1\u53f7\u98ce\u673aSV\u503c": 71.5}}
2026-06-08 05:48:44,391 - MQTTClient - 99 - DEBUG - Published: Rpc/ - {"\u865a\u62df\u8bbe\u5907": {"\u4e8c\u671f3\u53f7\u98ce\u673a\u542f\u505c": 1}}
2026-06-08 05:48:44,391 - MQTTClient - 177 - DEBUG - Message published (mid=19620)
2026-06-08 05:48:44,394 - MQTTClient - 99 - DEBUG - Published: Rpc/ - {"\u865a\u62df\u8bbe\u5907": {"\u4e8c\u671f3\u53f7\u98ce\u673aSV\u503c": 74.5}}
2026-06-08 05:48:44,394 - MQTTClient - 177 - DEBUG - Message published (mid=19621)
2026-06-08 05:48:44,396 - MQTTClient - 99 - DEBUG - Published: Rpc/ - {"\u865a\u62df\u8bbe\u5907": {"\u4e8c\u671f6\u53f7\u98ce\u673a\u542f\u505c": 1}}
2026-06-08 05:48:44,397 - MQTTClient - 177 - DEBUG - Message published (mid=19622)
2026-06-08 05:48:44,401 - MQTTClient - 177 - DEBUG - Message published (mid=19623)
2026-06-08 05:48:44,401 - MQTTClient - 99 - DEBUG - Published: Rpc/ - {"\u865a\u62df\u8bbe\u5907": {"\u4e8c\u671f6\u53f7\u98ce\u673aSV\u503c": 74.5}}
2026-06-08 05:48:44,402 - MQTTClient - 99 - DEBUG - Published: /idms/api/v1/createControlX - {"type": "\u66dd\u6c14\u667a\u80fd\u4f53", "time": "2026-06-08 05:48:44", "algorithmVersion": "v1.0.0", "controller": "\u9ec4\u5188AI\u7b97\u6cd5\u63a7\u5236", "outputCommand": "\u4e00\u671f\u751f\u7269\u6c60#\u5b9e\u65f6\uff1a\u4e00\u671f\u6eb6\u89e3\u6c27\uff1a3.24mg/L\uff0c\u76ee\u6807\u503c\uff1a2mg/L#\u4e00\u671f1\u53f7\u98ce\u673a\u8fd0\u884c\uff0c\u53cd\u9988\uff1a58%\uff0c\u4e0a\u9650\uff1a100%\uff0c\u4e0b\u9650\uff1a55%\uff0c\u63a7\u5236\u8f93\u51fa\uff1a55.3%\u4e00\u671f2\u53f7\u98ce\u673a\u8fd0\u884c\uff0c\u53cd\u9988\uff1a58%\uff0c\u4e0a\u9650\uff1a100%\uff0c\u4e0b\u9650\uff1a55%\uff0c\u63a7\u5236\u8f93\u51fa\uff1a55.3%\u4e00\u671f3\u53f7\u98ce\u673a\u8fd0\u884c\uff0c\u53cd\u9988\uff1a58%\uff0c\u4e0a\u9650\uff1a100%\uff0c\u4e0b\u9650\uff1a55%\uff0c\u63a7\u5236\u8f93\u51fa\uff1a55.3%\u4e8c\u671f\u751f\u7269\u6c60#\u5b9e\u65f6\uff1a\u4e8c\u671f\u6eb6\u89e3\u6c27\uff1a2.35mg/L\uff0c\u76ee\u6807\u503c\uff1a2mg/L#\u4e8c\u671f1\u53f7\u98ce\u673a\u8fd0\u884c\uff0c\u53cd\u9988\uff1a75%\uff0c\u4e0a\u9650\uff1a98%\uff0c\u4e0b\u9650\uff1a55%\uff0c\u63a7\u5236\u8f93\u51fa\uff1a71.5%\u4e8c\u671f3\u53f7\u98ce\u673a\u8fd0\u884c\uff0c\u53cd\u9988\uff1a78%\uff0c\u4e0a\u9650\uff1a98%\uff0c\u4e0b\u9650\uff1a55%\uff0c\u63a7\u5236\u8f93\u51fa\uff1a74.5%\u4e8c\u671f6\u53f7\u98ce\u673a\u8fd0\u884c\uff0c\u53cd\u9988\uff1a78%\uff0c\u4e0a\u9650\uff1a98%\uff0c\u4e0b\u9650\uff1a55%\uff0c\u63a7\u5236\u8f93\u51fa\uff1a74.5%"}
2026-06-08 05:48:44,402 - MQTTClient - 177 - DEBUG - Message published (mid=19624)
2026-06-08 05:50:44,573 - MQTTClient - 177 - DEBUG - Message published (mid=19625)
2026-06-08 05:50:44,574 - MQTTClient - 99 - DEBUG - Published: Rpc/ - {"\u865a\u62df\u8bbe\u5907": {"\u4e00\u671f1\u53f7\u98ce\u673a\u542f\u505c": 1}}
2026-06-08 05:50:44,576 - MQTTClient - 99 - DEBUG - Published: Rpc/ - {"\u865a\u62df\u8bbe\u5907": {"\u4e00\u671f1\u53f7\u98ce\u673aSV\u503c": 55.4}}
2026-06-08 05:50:44,576 - MQTTClient - 177 - DEBUG - Message published (mid=19626)
2026-06-08 05:50:44,577 - MQTTClient - 99 - DEBUG - Published: Rpc/ - {"\u865a\u62df\u8bbe\u5907": {"\u4e00\u671f2\u53f7\u98ce\u673a\u542f\u505c": 1}}
2026-06-08 05:50:44,578 - MQTTClient - 177 - DEBUG - Message published (mid=19627)
2026-06-08 05:50:44,581 - MQTTClient - 177 - DEBUG - Message published (mid=19628)
2026-06-08 05:50:44,582 - MQTTClient - 99 - DEBUG - Published: Rpc/ - {"\u865a\u62df\u8bbe\u5907": {"\u4e00\u671f2\u53f7\u98ce\u673aSV\u503c": 55.4}}
2026-06-08 05:50:44,583 - MQTTClient - 177 - DEBUG - Message published (mid=19629)
2026-06-08 05:50:44,583 - MQTTClient - 99 - DEBUG - Published: Rpc/ - {"\u865a\u62df\u8bbe\u5907": {"\u4e00\u671f3\u53f7\u98ce\u673a\u542f\u505c": 1}}
2026-06-08 05:50:44,588 - MQTTClient - 177 - DEBUG - Message published (mid=19630)
2026-06-08 05:50:44,589 - MQTTClient - 99 - DEBUG - Published: Rpc/ - {"\u865a\u62df\u8bbe\u5907": {"\u4e00\u671f3\u53f7\u98ce\u673aSV\u503c": 55.4}}
2026-06-08 05:50:44,590 - MQTTClient - 177 - DEBUG - Message published (mid=19631)
2026-06-08 05:50:44,590 - MQTTClient - 99 - DEBUG - Published: Rpc/ - {"\u865a\u62df\u8bbe\u5907": {"\u4e8c\u671f1\u53f7\u98ce\u673a\u542f\u505c": 1}}
2026-06-08 05:50:44,596 - MQTTClient - 99 - DEBUG - Published: Rpc/ - {"\u865a\u62df\u8bbe\u5907": {"\u4e8c\u671f1\u53f7\u98ce\u673aSV\u503c": 72.3}}
2026-06-08 05:50:44,596 - MQTTClient - 177 - DEBUG - Message published (mid=19632)
2026-06-08 05:50:44,597 - MQTTClient - 99 - DEBUG - Published: Rpc/ - {"\u865a\u62df\u8bbe\u5907": {"\u4e8c\u671f3\u53f7\u98ce\u673a\u542f\u505c": 1}}
2026-06-08 05:50:44,599 - MQTTClient - 177 - DEBUG - Message published (mid=19633)
2026-06-08 05:50:44,601 - MQTTClient - 99 - DEBUG - Published: Rpc/ - {"\u865a\u62df\u8bbe\u5907": {"\u4e8c\u671f3\u53f7\u98ce\u673aSV\u503c": 75.3}}
2026-06-08 05:50:44,601 - MQTTClient - 177 - DEBUG - Message published (mid=19634)
2026-06-08 05:50:44,602 - MQTTClient - 99 - DEBUG - Published: Rpc/ - {"\u865a\u62df\u8bbe\u5907": {"\u4e8c\u671f6\u53f7\u98ce\u673a\u542f\u505c": 1}}
2026-06-08 05:50:44,603 - MQTTClient - 177 - DEBUG - Message published (mid=19635)
2026-06-08 05:50:44,605 - MQTTClient - 177 - DEBUG - Message published (mid=19636)
2026-06-08 05:50:44,605 - MQTTClient - 99 - DEBUG - Published: Rpc/ - {"\u865a\u62df\u8bbe\u5907": {"\u4e8c\u671f6\u53f7\u98ce\u673aSV\u503c": 75.3}}
2026-06-08 05:50:44,608 - MQTTClient - 99 - DEBUG - Published: /idms/api/v1/createControlX - {"type": "\u66dd\u6c14\u667a\u80fd\u4f53", "time": "2026-06-08 05:50:44", "algorithmVersion": "v1.0.0", "controller": "\u9ec4\u5188AI\u7b97\u6cd5\u63a7\u5236", "outputCommand": "\u4e00\u671f\u751f\u7269\u6c60#\u5b9e\u65f6\uff1a\u4e00\u671f\u6eb6\u89e3\u6c27\uff1a3.32mg/L\uff0c\u76ee\u6807\u503c\uff1a2mg/L#\u4e00\u671f1\u53f7\u98ce\u673a\u8fd0\u884c\uff0c\u53cd\u9988\uff1a58%\uff0c\u4e0a\u9650\uff1a100%\uff0c\u4e0b\u9650\uff1a55%\uff0c\u63a7\u5236\u8f93\u51fa\uff1a55.4%\u4e00\u671f2\u53f7\u98ce\u673a\u8fd0\u884c\uff0c\u53cd\u9988\uff1a58%\uff0c\u4e0a\u9650\uff1a100%\uff0c\u4e0b\u9650\uff1a55%\uff0c\u63a7\u5236\u8f93\u51fa\uff1a55.4%\u4e00\u671f3\u53f7\u98ce\u673a\u8fd0\u884c\uff0c\u53cd\u9988\uff1a58%\uff0c\u4e0a\u9650\uff1a100%\uff0c\u4e0b\u9650\uff1a55%\uff0c\u63a7\u5236\u8f93\u51fa\uff1a55.4%\u4e8c\u671f\u751f\u7269\u6c60#\u5b9e\u65f6\uff1a\u4e8c\u671f\u6eb6\u89e3\u6c27\uff1a2.27mg/L\uff0c\u76ee\u6807\u503c\uff1a2mg/L#\u4e8c\u671f1\u53f7\u98ce\u673a\u8fd0\u884c\uff0c\u53cd\u9988\uff1a75%\uff0c\u4e0a\u9650\uff1a98%\uff0c\u4e0b\u9650\uff1a55%\uff0c\u63a7\u5236\u8f93\u51fa\uff1a72.3%\u4e8c\u671f3\u53f7\u98ce\u673a\u8fd0\u884c\uff0c\u53cd\u9988\uff1a78%\uff0c\u4e0a\u9650\uff1a98%\uff0c\u4e0b\u9650\uff1a55%\uff0c\u63a7\u5236\u8f93\u51fa\uff1a75.3%\u4e8c\u671f6\u53f7\u98ce\u673a\u8fd0\u884c\uff0c\u53cd\u9988\uff1a78%\uff0c\u4e0a\u9650\uff1a98%\uff0c\u4e0b\u9650\uff1a55%\uff0c\u63a7\u5236\u8f93\u51fa\uff1a75.3%"}
2026-06-08 05:50:44,608 - MQTTClient - 177 - DEBUG - Message published (mid=19637)
2026-06-08 05:52:44,738 - MQTTClient - 99 - DEBUG - Published: Rpc/ - {"\u865a\u62df\u8bbe\u5907": {"\u4e00\u671f1\u53f7\u98ce\u673a\u542f\u505c": 1}}
2026-06-08 05:52:44,738 - MQTTClient - 177 - DEBUG - Message published (mid=19638)
2026-06-08 05:52:44,742 - MQTTClient - 177 - DEBUG - Message published (mid=19639)
2026-06-08 05:52:44,742 - MQTTClient - 99 - DEBUG - Published: Rpc/ - {"\u865a\u62df\u8bbe\u5907": {"\u4e00\u671f1\u53f7\u98ce\u673aSV\u503c": 55.2}}
2026-06-08 05:52:44,743 - MQTTClient - 99 - DEBUG - Published: Rpc/ - {"\u865a\u62df\u8bbe\u5907": {"\u4e00\u671f2\u53f7\u98ce\u673a\u542f\u505c": 1}}
2026-06-08 05:52:44,743 - MQTTClient - 177 - DEBUG - Message published (mid=19640)
2026-06-08 05:52:44,747 - MQTTClient - 99 - DEBUG - Published: Rpc/ - {"\u865a\u62df\u8bbe\u5907": {"\u4e00\u671f2\u53f7\u98ce\u673aSV\u503c": 55.2}}
2026-06-08 05:52:44,747 - MQTTClient - 177 - DEBUG - Message published (mid=19641)
2026-06-08 05:52:44,748 - MQTTClient - 99 - DEBUG - Published: Rpc/ - {"\u865a\u62df\u8bbe\u5907": {"\u4e00\u671f3\u53f7\u98ce\u673a\u542f\u505c": 1}}
2026-06-08 05:52:44,751 - MQTTClient - 177 - DEBUG - Message published (mid=19642)
2026-06-08 05:52:44,755 - MQTTClient - 99 - DEBUG - Published: Rpc/ - {"\u865a\u62df\u8bbe\u5907": {"\u4e00\u671f3\u53f7\u98ce\u673aSV\u503c": 55.2}}
2026-06-08 05:52:44,755 - MQTTClient - 177 - DEBUG - Message published (mid=19643)
2026-06-08 05:52:44,755 - MQTTClient - 99 - DEBUG - Published: Rpc/ - {"\u865a\u62df\u8bbe\u5907": {"\u4e8c\u671f1\u53f7\u98ce\u673a\u542f\u505c": 1}}
2026-06-08 05:52:44,757 - MQTTClient - 177 - DEBUG - Message published (mid=19644)
2026-06-08 05:52:44,761 - MQTTClient - 177 - DEBUG - Message published (mid=19645)
2026-06-08 05:52:44,761 - MQTTClient - 99 - DEBUG - Published: Rpc/ - {"\u865a\u62df\u8bbe\u5907": {"\u4e8c\u671f1\u53f7\u98ce\u673aSV\u503c": 73.0}}
2026-06-08 05:52:44,762 - MQTTClient - 177 - DEBUG - Message published (mid=19646)
2026-06-08 05:52:44,762 - MQTTClient - 99 - DEBUG - Published: Rpc/ - {"\u865a\u62df\u8bbe\u5907": {"\u4e8c\u671f3\u53f7\u98ce\u673a\u542f\u505c": 1}}
2026-06-08 05:52:44,767 - MQTTClient - 177 - DEBUG - Message published (mid=19647)
2026-06-08 05:52:44,768 - MQTTClient - 99 - DEBUG - Published: Rpc/ - {"\u865a\u62df\u8bbe\u5907": {"\u4e8c\u671f6\u53f7\u98ce\u673a\u542f\u505c": 1}}
2026-06-08 05:52:44,768 - MQTTClient - 99 - DEBUG - Published: Rpc/ - {"\u865a\u62df\u8bbe\u5907": {"\u4e8c\u671f3\u53f7\u98ce\u673aSV\u503c": 76.0}}
2026-06-08 05:52:44,768 - MQTTClient - 177 - DEBUG - Message published (mid=19648)
2026-06-08 05:52:44,771 - MQTTClient - 177 - DEBUG - Message published (mid=19649)
2026-06-08 05:52:44,771 - MQTTClient - 99 - DEBUG - Published: Rpc/ - {"\u865a\u62df\u8bbe\u5907": {"\u4e8c\u671f6\u53f7\u98ce\u673aSV\u503c": 76.0}}
2026-06-08 05:52:44,772 - MQTTClient - 99 - DEBUG - Published: /idms/api/v1/createControlX - {"type": "\u66dd\u6c14\u667a\u80fd\u4f53", "time": "2026-06-08 05:52:44", "algorithmVersion": "v1.0.0", "controller": "\u9ec4\u5188AI\u7b97\u6cd5\u63a7\u5236", "outputCommand": "\u4e00\u671f\u751f\u7269\u6c60#\u5b9e\u65f6\uff1a\u4e00\u671f\u6eb6\u89e3\u6c27\uff1a3.44mg/L\uff0c\u76ee\u6807\u503c\uff1a2mg/L#\u4e00\u671f1\u53f7\u98ce\u673a\u8fd0\u884c\uff0c\u53cd\u9988\uff1a58%\uff0c\u4e0a\u9650\uff1a100%\uff0c\u4e0b\u9650\uff1a55%\uff0c\u63a7\u5236\u8f93\u51fa\uff1a55.2%\u4e00\u671f2\u53f7\u98ce\u673a\u8fd0\u884c\uff0c\u53cd\u9988\uff1a58%\uff0c\u4e0a\u9650\uff1a100%\uff0c\u4e0b\u9650\uff1a55%\uff0c\u63a7\u5236\u8f93\u51fa\uff1a55.2%\u4e00\u671f3\u53f7\u98ce\u673a\u8fd0\u884c\uff0c\u53cd\u9988\uff1a58%\uff0c\u4e0a\u9650\uff1a100%\uff0c\u4e0b\u9650\uff1a55%\uff0c\u63a7\u5236\u8f93\u51fa\uff1a55.2%\u4e8c\u671f\u751f\u7269\u6c60#\u5b9e\u65f6\uff1a\u4e8c\u671f\u6eb6\u89e3\u6c27\uff1a2.19mg/L\uff0c\u76ee\u6807\u503c\uff1a2mg/L#\u4e8c\u671f1\u53f7\u98ce\u673a\u8fd0\u884c\uff0c\u53cd\u9988\uff1a75%\uff0c\u4e0a\u9650\uff1a98%\uff0c\u4e0b\u9650\uff1a55%\uff0c\u63a7\u5236\u8f93\u51fa\uff1a73.0%\u4e8c\u671f3\u53f7\u98ce\u673a\u8fd0\u884c\uff0c\u53cd\u9988\uff1a78%\uff0c\u4e0a\u9650\uff1a98%\uff0c\u4e0b\u9650\uff1a55%\uff0c\u63a7\u5236\u8f93\u51fa\uff1a76.0%\u4e8c\u671f6\u53f7\u98ce\u673a\u8fd0\u884c\uff0c\u53cd\u9988\uff1a78%\uff0c\u4e0a\u9650\uff1a98%\uff0c\u4e0b\u9650\uff1a55%\uff0c\u63a7\u5236\u8f93\u51fa\uff1a76.0%"}
2026-06-08 05:52:44,772 - MQTTClient - 177 - DEBUG - Message published (mid=19650)
2026-06-08 05:54:44,912 - MQTTClient - 99 - DEBUG - Published: Rpc/ - {"\u865a\u62df\u8bbe\u5907": {"\u4e00\u671f1\u53f7\u98ce\u673a\u542f\u505c": 1}}
2026-06-08 05:54:44,912 - MQTTClient - 177 - DEBUG - Message published (mid=19651)
2026-06-08 05:54:44,914 - MQTTClient - 99 - DEBUG - Published: Rpc/ - {"\u865a\u62df\u8bbe\u5907": {"\u4e00\u671f1\u53f7\u98ce\u673aSV\u503c": 55.0}}
2026-06-08 05:54:44,914 - MQTTClient - 177 - DEBUG - Message published (mid=19652)
2026-06-08 05:54:44,915 - MQTTClient - 99 - DEBUG - Published: Rpc/ - {"\u865a\u62df\u8bbe\u5907": {"\u4e00\u671f2\u53f7\u98ce\u673a\u542f\u505c": 1}}
2026-06-08 05:54:44,916 - MQTTClient - 177 - DEBUG - Message published (mid=19653)
2026-06-08 05:54:44,918 - MQTTClient - 177 - DEBUG - Message published (mid=19654)
2026-06-08 05:54:44,918 - MQTTClient - 99 - DEBUG - Published: Rpc/ - {"\u865a\u62df\u8bbe\u5907": {"\u4e00\u671f2\u53f7\u98ce\u673aSV\u503c": 55.0}}
2026-06-08 05:54:44,920 - MQTTClient - 177 - DEBUG - Message published (mid=19655)
2026-06-08 05:54:44,920 - MQTTClient - 99 - DEBUG - Published: Rpc/ - {"\u865a\u62df\u8bbe\u5907": {"\u4e00\u671f3\u53f7\u98ce\u673a\u542f\u505c": 1}}
2026-06-08 05:54:44,925 - MQTTClient - 177 - DEBUG - Message published (mid=19656)
2026-06-08 05:54:44,925 - MQTTClient - 99 - DEBUG - Published: Rpc/ - {"\u865a\u62df\u8bbe\u5907": {"\u4e00\u671f3\u53f7\u98ce\u673aSV\u503c": 55.0}}
2026-06-08 05:54:44,926 - MQTTClient - 177 - DEBUG - Message published (mid=19657)
2026-06-08 05:54:44,927 - MQTTClient - 99 - DEBUG - Published: Rpc/ - {"\u865a\u62df\u8bbe\u5907": {"\u4e8c\u671f1\u53f7\u98ce\u673a\u542f\u505c": 1}}
2026-06-08 05:54:44,932 - MQTTClient - 99 - DEBUG - Published: Rpc/ - {"\u865a\u62df\u8bbe\u5907": {"\u4e8c\u671f3\u53f7\u98ce\u673a\u542f\u505c": 1}}
2026-06-08 05:54:44,932 - MQTTClient - 177 - DEBUG - Message published (mid=19658)
2026-06-08 05:54:44,940 - MQTTClient - 99 - DEBUG - Published: Rpc/ - {"\u865a\u62df\u8bbe\u5907": {"\u4e8c\u671f6\u53f7\u98ce\u673a\u542f\u505c": 1}}
2026-06-08 05:54:44,940 - MQTTClient - 177 - DEBUG - Message published (mid=19659)
2026-06-08 05:54:44,944 - MQTTClient - 99 - DEBUG - Published: /idms/api/v1/createControlX - {"type": "\u66dd\u6c14\u667a\u80fd\u4f53", "time": "2026-06-08 05:54:44", "algorithmVersion": "v1.0.0", "controller": "\u9ec4\u5188AI\u7b97\u6cd5\u63a7\u5236", "outputCommand": "\u4e00\u671f\u751f\u7269\u6c60#\u5b9e\u65f6\uff1a\u4e00\u671f\u6eb6\u89e3\u6c27\uff1a3.55mg/L\uff0c\u76ee\u6807\u503c\uff1a2mg/L#\u4e00\u671f1\u53f7\u98ce\u673a\u8fd0\u884c\uff0c\u53cd\u9988\uff1a58%\uff0c\u4e0a\u9650\uff1a100%\uff0c\u4e0b\u9650\uff1a55%\uff0c\u63a7\u5236\u8f93\u51fa\uff1a55.0%\u4e00\u671f2\u53f7\u98ce\u673a\u8fd0\u884c\uff0c\u53cd\u9988\uff1a58%\uff0c\u4e0a\u9650\uff1a100%\uff0c\u4e0b\u9650\uff1a55%\uff0c\u63a7\u5236\u8f93\u51fa\uff1a55.0%\u4e00\u671f3\u53f7\u98ce\u673a\u8fd0\u884c\uff0c\u53cd\u9988\uff1a58%\uff0c\u4e0a\u9650\uff1a100%\uff0c\u4e0b\u9650\uff1a55%\uff0c\u63a7\u5236\u8f93\u51fa\uff1a55.0%\u4e8c\u671f\u751f\u7269\u6c60#\u5b9e\u65f6\uff1a\u4e8c\u671f\u6eb6\u89e3\u6c27\uff1a2.01mg/L\uff0c\u76ee\u6807\u503c\uff1a2mg/L#\u4e8c\u671f1\u53f7\u98ce\u673a\u8fd0\u884c\uff0c\u53cd\u9988\uff1a75%\uff0c\u4e0a\u9650\uff1a98%\uff0c\u4e0b\u9650\uff1a55%\uff0c\u63a7\u5236\u8f93\u51fa\uff1a75.0%\u4e8c\u671f3\u53f7\u98ce\u673a\u8fd0\u884c\uff0c\u53cd\u9988\uff1a78%\uff0c\u4e0a\u9650\uff1a98%\uff0c\u4e0b\u9650\uff1a55%\uff0c\u63a7\u5236\u8f93\u51fa\uff1a78.0%\u4e8c\u671f6\u53f7\u98ce\u673a\u8fd0\u884c\uff0c\u53cd\u9988\uff1a78%\uff0c\u4e0a\u9650\uff1a98%\uff0c\u4e0b\u9650\uff1a55%\uff0c\u63a7\u5236\u8f93\u51fa\uff1a78.0%"}
2026-06-08 05:54:44,944 - MQTTClient - 177 - DEBUG - Message published (mid=19660)
2026-06-08 05:56:45,090 - MQTTClient - 177 - DEBUG - Message published (mid=19661)
2026-06-08 05:56:45,090 - MQTTClient - 99 - DEBUG - Published: Rpc/ - {"\u865a\u62df\u8bbe\u5907": {"\u4e00\u671f1\u53f7\u98ce\u673a\u542f\u505c": 1}}
2026-06-08 05:56:45,094 - MQTTClient - 99 - DEBUG - Published: Rpc/ - {"\u865a\u62df\u8bbe\u5907": {"\u4e00\u671f1\u53f7\u98ce\u673aSV\u503c": 55.0}}
2026-06-08 05:56:45,094 - MQTTClient - 177 - DEBUG - Message published (mid=19662)
2026-06-08 05:56:45,095 - MQTTClient - 99 - DEBUG - Published: Rpc/ - {"\u865a\u62df\u8bbe\u5907": {"\u4e00\u671f2\u53f7\u98ce\u673a\u542f\u505c": 1}}
2026-06-08 05:56:45,096 - MQTTClient - 177 - DEBUG - Message published (mid=19663)
2026-06-08 05:56:45,099 - MQTTClient - 99 - DEBUG - Published: Rpc/ - {"\u865a\u62df\u8bbe\u5907": {"\u4e00\u671f2\u53f7\u98ce\u673aSV\u503c": 55.0}}
2026-06-08 05:56:45,099 - MQTTClient - 177 - DEBUG - Message published (mid=19664)
2026-06-08 05:56:45,100 - MQTTClient - 99 - DEBUG - Published: Rpc/ - {"\u865a\u62df\u8bbe\u5907": {"\u4e00\u671f3\u53f7\u98ce\u673a\u542f\u505c": 1}}
2026-06-08 05:56:45,100 - MQTTClient - 177 - DEBUG - Message published (mid=19665)
2026-06-08 05:56:45,103 - MQTTClient - 177 - DEBUG - Message published (mid=19666)
2026-06-08 05:56:45,103 - MQTTClient - 99 - DEBUG - Published: Rpc/ - {"\u865a\u62df\u8bbe\u5907": {"\u4e8c\u671f1\u53f7\u98ce\u673a\u542f\u505c": 1}}
2026-06-08 05:56:45,103 - MQTTClient - 99 - DEBUG - Published: Rpc/ - {"\u865a\u62df\u8bbe\u5907": {"\u4e00\u671f3\u53f7\u98ce\u673aSV\u503c": 55.0}}
2026-06-08 05:56:45,105 - MQTTClient - 177 - DEBUG - Message published (mid=19667)
2026-06-08 05:56:45,110 - MQTTClient - 99 - DEBUG - Published: Rpc/ - {"\u865a\u62df\u8bbe\u5907": {"\u4e8c\u671f3\u53f7\u98ce\u673a\u542f\u505c": 1}}
2026-06-08 05:56:45,110 - MQTTClient - 177 - DEBUG - Message published (mid=19668)
2026-06-08 05:56:45,114 - MQTTClient - 177 - DEBUG - Message published (mid=19669)
2026-06-08 05:56:45,115 - MQTTClient - 99 - DEBUG - Published: Rpc/ - {"\u865a\u62df\u8bbe\u5907": {"\u4e8c\u671f6\u53f7\u98ce\u673a\u542f\u505c": 1}}
2026-06-08 05:56:45,120 - MQTTClient - 177 - DEBUG - Message published (mid=19670)
2026-06-08 05:56:45,120 - MQTTClient - 99 - DEBUG - Published: /idms/api/v1/createControlX - {"type": "\u66dd\u6c14\u667a\u80fd\u4f53", "time": "2026-06-08 05:56:45", "algorithmVersion": "v1.0.0", "controller": "\u9ec4\u5188AI\u7b97\u6cd5\u63a7\u5236", "outputCommand": "\u4e00\u671f\u751f\u7269\u6c60#\u5b9e\u65f6\uff1a\u4e00\u671f\u6eb6\u89e3\u6c27\uff1a3.61mg/L\uff0c\u76ee\u6807\u503c\uff1a2mg/L#\u4e00\u671f1\u53f7\u98ce\u673a\u8fd0\u884c\uff0c\u53cd\u9988\uff1a58%\uff0c\u4e0a\u9650\uff1a100%\uff0c\u4e0b\u9650\uff1a55%\uff0c\u63a7\u5236\u8f93\u51fa\uff1a55.0%\u4e00\u671f2\u53f7\u98ce\u673a\u8fd0\u884c\uff0c\u53cd\u9988\uff1a58%\uff0c\u4e0a\u9650\uff1a100%\uff0c\u4e0b\u9650\uff1a55%\uff0c\u63a7\u5236\u8f93\u51fa\uff1a55.0%\u4e00\u671f3\u53f7\u98ce\u673a\u8fd0\u884c\uff0c\u53cd\u9988\uff1a58%\uff0c\u4e0a\u9650\uff1a100%\uff0c\u4e0b\u9650\uff1a55%\uff0c\u63a7\u5236\u8f93\u51fa\uff1a55.0%\u4e8c\u671f\u751f\u7269\u6c60#\u5b9e\u65f6\uff1a\u4e8c\u671f\u6eb6\u89e3\u6c27\uff1a2.05mg/L\uff0c\u76ee\u6807\u503c\uff1a2mg/L#\u4e8c\u671f1\u53f7\u98ce\u673a\u8fd0\u884c\uff0c\u53cd\u9988\uff1a75%\uff0c\u4e0a\u9650\uff1a98%\uff0c\u4e0b\u9650\uff1a55%\uff0c\u63a7\u5236\u8f93\u51fa\uff1a75.0%\u4e8c\u671f3\u53f7\u98ce\u673a\u8fd0\u884c\uff0c\u53cd\u9988\uff1a78%\uff0c\u4e0a\u9650\uff1a98%\uff0c\u4e0b\u9650\uff1a55%\uff0c\u63a7\u5236\u8f93\u51fa\uff1a78.0%\u4e8c\u671f6\u53f7\u98ce\u673a\u8fd0\u884c\uff0c\u53cd\u9988\uff1a78%\uff0c\u4e0a\u9650\uff1a98%\uff0c\u4e0b\u9650\uff1a55%\uff0c\u63a7\u5236\u8f93\u51fa\uff1a78.0%"}
2026-06-08 05:58:45,277 - MQTTClient - 99 - DEBUG - Published: Rpc/ - {"\u865a\u62df\u8bbe\u5907": {"\u4e00\u671f1\u53f7\u98ce\u673a\u542f\u505c": 1}}
2026-06-08 05:58:45,277 - MQTTClient - 177 - DEBUG - Message published (mid=19671)
2026-06-08 05:58:45,280 - MQTTClient - 99 - DEBUG - Published: Rpc/ - {"\u865a\u62df\u8bbe\u5907": {"\u4e00\u671f1\u53f7\u98ce\u673aSV\u503c": 55.0}}
2026-06-08 05:58:45,280 - MQTTClient - 177 - DEBUG - Message published (mid=19672)
2026-06-08 05:58:45,281 - MQTTClient - 99 - DEBUG - Published: Rpc/ - {"\u865a\u62df\u8bbe\u5907": {"\u4e00\u671f2\u53f7\u98ce\u673a\u542f\u505c": 1}}
2026-06-08 05:58:45,282 - MQTTClient - 177 - DEBUG - Message published (mid=19673)
2026-06-08 05:58:45,285 - MQTTClient - 99 - DEBUG - Published: Rpc/ - {"\u865a\u62df\u8bbe\u5907": {"\u4e00\u671f2\u53f7\u98ce\u673aSV\u503c": 55.0}}
2026-06-08 05:58:45,286 - MQTTClient - 177 - DEBUG - Message published (mid=19674)
2026-06-08 05:58:45,286 - MQTTClient - 99 - DEBUG - Published: Rpc/ - {"\u865a\u62df\u8bbe\u5907": {"\u4e00\u671f3\u53f7\u98ce\u673a\u542f\u505c": 1}}
2026-06-08 05:58:45,287 - MQTTClient - 177 - DEBUG - Message published (mid=19675)
2026-06-08 05:58:45,290 - MQTTClient - 99 - DEBUG - Published: Rpc/ - {"\u865a\u62df\u8bbe\u5907": {"\u4e00\u671f3\u53f7\u98ce\u673aSV\u503c": 55.0}}
2026-06-08 05:58:45,290 - MQTTClient - 177 - DEBUG - Message published (mid=19676)
2026-06-08 05:58:45,291 - MQTTClient - 99 - DEBUG - Published: Rpc/ - {"\u865a\u62df\u8bbe\u5907": {"\u4e8c\u671f1\u53f7\u98ce\u673a\u542f\u505c": 1}}
2026-06-08 05:58:45,292 - MQTTClient - 177 - DEBUG - Message published (mid=19677)
2026-06-08 05:58:45,294 - MQTTClient - 177 - DEBUG - Message published (mid=19678)
2026-06-08 05:58:45,295 - MQTTClient - 99 - DEBUG - Published: Rpc/ - {"\u865a\u62df\u8bbe\u5907": {"\u4e8c\u671f1\u53f7\u98ce\u673aSV\u503c": 72.6}}
2026-06-08 05:58:45,296 - MQTTClient - 99 - DEBUG - Published: Rpc/ - {"\u865a\u62df\u8bbe\u5907": {"\u4e8c\u671f3\u53f7\u98ce\u673a\u542f\u505c": 1}}
2026-06-08 05:58:45,296 - MQTTClient - 177 - DEBUG - Message published (mid=19679)
2026-06-08 05:58:45,304 - MQTTClient - 177 - DEBUG - Message published (mid=19680)
2026-06-08 05:58:45,305 - MQTTClient - 99 - DEBUG - Published: Rpc/ - {"\u865a\u62df\u8bbe\u5907": {"\u4e8c\u671f3\u53f7\u98ce\u673aSV\u503c": 75.6}}
2026-06-08 05:58:45,306 - MQTTClient - 99 - DEBUG - Published: Rpc/ - {"\u865a\u62df\u8bbe\u5907": {"\u4e8c\u671f6\u53f7\u98ce\u673a\u542f\u505c": 1}}
2026-06-08 05:58:45,306 - MQTTClient - 177 - DEBUG - Message published (mid=19681)
2026-06-08 05:58:45,312 - MQTTClient - 177 - DEBUG - Message published (mid=19682)
2026-06-08 05:58:45,313 - MQTTClient - 99 - DEBUG - Published: Rpc/ - {"\u865a\u62df\u8bbe\u5907": {"\u4e8c\u671f6\u53f7\u98ce\u673aSV\u503c": 75.6}}
2026-06-08 05:58:45,314 - MQTTClient - 177 - DEBUG - Message published (mid=19683)
2026-06-08 05:58:45,315 - MQTTClient - 99 - DEBUG - Published: /idms/api/v1/createControlX - {"type": "\u66dd\u6c14\u667a\u80fd\u4f53", "time": "2026-06-08 05:58:45", "algorithmVersion": "v1.0.0", "controller": "\u9ec4\u5188AI\u7b97\u6cd5\u63a7\u5236", "outputCommand": "\u4e00\u671f\u751f\u7269\u6c60#\u5b9e\u65f6\uff1a\u4e00\u671f\u6eb6\u89e3\u6c27\uff1a3.64mg/L\uff0c\u76ee\u6807\u503c\uff1a2mg/L#\u4e00\u671f1\u53f7\u98ce\u673a\u8fd0\u884c\uff0c\u53cd\u9988\uff1a58%\uff0c\u4e0a\u9650\uff1a100%\uff0c\u4e0b\u9650\uff1a55%\uff0c\u63a7\u5236\u8f93\u51fa\uff1a55.0%\u4e00\u671f2\u53f7\u98ce\u673a\u8fd0\u884c\uff0c\u53cd\u9988\uff1a58%\uff0c\u4e0a\u9650\uff1a100%\uff0c\u4e0b\u9650\uff1a55%\uff0c\u63a7\u5236\u8f93\u51fa\uff1a55.0%\u4e00\u671f3\u53f7\u98ce\u673a\u8fd0\u884c\uff0c\u53cd\u9988\uff1a58%\uff0c\u4e0a\u9650\uff1a100%\uff0c\u4e0b\u9650\uff1a55%\uff0c\u63a7\u5236\u8f93\u51fa\uff1a55.0%\u4e8c\u671f\u751f\u7269\u6c60#\u5b9e\u65f6\uff1a\u4e8c\u671f\u6eb6\u89e3\u6c27\uff1a2.25mg/L\uff0c\u76ee\u6807\u503c\uff1a2mg/L#\u4e8c\u671f1\u53f7\u98ce\u673a\u8fd0\u884c\uff0c\u53cd\u9988\uff1a75%\uff0c\u4e0a\u9650\uff1a98%\uff0c\u4e0b\u9650\uff1a55%\uff0c\u63a7\u5236\u8f93\u51fa\uff1a72.6%\u4e8c\u671f3\u53f7\u98ce\u673a\u8fd0\u884c\uff0c\u53cd\u9988\uff1a78%\uff0c\u4e0a\u9650\uff1a98%\uff0c\u4e0b\u9650\uff1a55%\uff0c\u63a7\u5236\u8f93\u51fa\uff1a75.6%\u4e8c\u671f6\u53f7\u98ce\u673a\u8fd0\u884c\uff0c\u53cd\u9988\uff1a78%\uff0c\u4e0a\u9650\uff1a98%\uff0c\u4e0b\u9650\uff1a55%\uff0c\u63a7\u5236\u8f93\u51fa\uff1a75.6%"}
2026-06-08 06:00:45,437 - MQTTClient - 99 - DEBUG - Published: Rpc/ - {"\u865a\u62df\u8bbe\u5907": {"\u4e00\u671f1\u53f7\u98ce\u673a\u542f\u505c": 1}}
2026-06-08 06:00:45,437 - MQTTClient - 177 - DEBUG - Message published (mid=19684)
2026-06-08 06:00:45,440 - MQTTClient - 99 - DEBUG - Published: Rpc/ - {"\u865a\u62df\u8bbe\u5907": {"\u4e00\u671f1\u53f7\u98ce\u673aSV\u503c": 55.0}}
2026-06-08 06:00:45,440 - MQTTClient - 177 - DEBUG - Message published (mid=19685)
2026-06-08 06:00:45,441 - MQTTClient - 99 - DEBUG - Published: Rpc/ - {"\u865a\u62df\u8bbe\u5907": {"\u4e00\u671f2\u53f7\u98ce\u673a\u542f\u505c": 1}}
2026-06-08 06:00:45,442 - MQTTClient - 177 - DEBUG - Message published (mid=19686)
2026-06-08 06:00:45,445 - MQTTClient - 177 - DEBUG - Message published (mid=19687)
2026-06-08 06:00:45,445 - MQTTClient - 99 - DEBUG - Published: Rpc/ - {"\u865a\u62df\u8bbe\u5907": {"\u4e00\u671f2\u53f7\u98ce\u673aSV\u503c": 55.0}}
2026-06-08 06:00:45,445 - MQTTClient - 99 - DEBUG - Published: Rpc/ - {"\u865a\u62df\u8bbe\u5907": {"\u4e00\u671f3\u53f7\u98ce\u673a\u542f\u505c": 1}}
2026-06-08 06:00:45,446 - MQTTClient - 177 - DEBUG - Message published (mid=19688)
2026-06-08 06:00:45,451 - MQTTClient - 99 - DEBUG - Published: Rpc/ - {"\u865a\u62df\u8bbe\u5907": {"\u4e00\u671f3\u53f7\u98ce\u673aSV\u503c": 55.0}}
2026-06-08 06:00:45,451 - MQTTClient - 177 - DEBUG - Message published (mid=19689)
2026-06-08 06:00:45,451 - MQTTClient - 99 - DEBUG - Published: Rpc/ - {"\u865a\u62df\u8bbe\u5907": {"\u4e8c\u671f1\u53f7\u98ce\u673a\u542f\u505c": 1}}
2026-06-08 06:00:45,455 - MQTTClient - 177 - DEBUG - Message published (mid=19690)
2026-06-08 06:00:45,458 - MQTTClient - 177 - DEBUG - Message published (mid=19691)
2026-06-08 06:00:45,458 - MQTTClient - 99 - DEBUG - Published: Rpc/ - {"\u865a\u62df\u8bbe\u5907": {"\u4e8c\u671f3\u53f7\u98ce\u673a\u542f\u505c": 1}}
2026-06-08 06:00:45,464 - MQTTClient - 177 - DEBUG - Message published (mid=19692)
2026-06-08 06:00:45,465 - MQTTClient - 99 - DEBUG - Published: Rpc/ - {"\u865a\u62df\u8bbe\u5907": {"\u4e8c\u671f6\u53f7\u98ce\u673a\u542f\u505c": 1}}
2026-06-08 06:00:45,469 - MQTTClient - 177 - DEBUG - Message published (mid=19693)
2026-06-08 06:00:45,469 - MQTTClient - 99 - DEBUG - Published: /idms/api/v1/createControlX - {"type": "\u66dd\u6c14\u667a\u80fd\u4f53", "time": "2026-06-08 06:00:45", "algorithmVersion": "v1.0.0", "controller": "\u9ec4\u5188AI\u7b97\u6cd5\u63a7\u5236", "outputCommand": "\u4e00\u671f\u751f\u7269\u6c60#\u5b9e\u65f6\uff1a\u4e00\u671f\u6eb6\u89e3\u6c27\uff1a3.56mg/L\uff0c\u76ee\u6807\u503c\uff1a2mg/L#\u4e00\u671f1\u53f7\u98ce\u673a\u8fd0\u884c\uff0c\u53cd\u9988\uff1a56%\uff0c\u4e0a\u9650\uff1a100%\uff0c\u4e0b\u9650\uff1a55%\uff0c\u63a7\u5236\u8f93\u51fa\uff1a55.0%\u4e00\u671f2\u53f7\u98ce\u673a\u8fd0\u884c\uff0c\u53cd\u9988\uff1a56%\uff0c\u4e0a\u9650\uff1a100%\uff0c\u4e0b\u9650\uff1a55%\uff0c\u63a7\u5236\u8f93\u51fa\uff1a55.0%\u4e00\u671f3\u53f7\u98ce\u673a\u8fd0\u884c\uff0c\u53cd\u9988\uff1a56%\uff0c\u4e0a\u9650\uff1a100%\uff0c\u4e0b\u9650\uff1a55%\uff0c\u63a7\u5236\u8f93\u51fa\uff1a55.0%\u4e8c\u671f\u751f\u7269\u6c60#\u5b9e\u65f6\uff1a\u4e8c\u671f\u6eb6\u89e3\u6c27\uff1a2.04mg/L\uff0c\u76ee\u6807\u503c\uff1a2mg/L#\u4e8c\u671f1\u53f7\u98ce\u673a\u8fd0\u884c\uff0c\u53cd\u9988\uff1a75%\uff0c\u4e0a\u9650\uff1a98%\uff0c\u4e0b\u9650\uff1a55%\uff0c\u63a7\u5236\u8f93\u51fa\uff1a75.0%\u4e8c\u671f3\u53f7\u98ce\u673a\u8fd0\u884c\uff0c\u53cd\u9988\uff1a78%\uff0c\u4e0a\u9650\uff1a98%\uff0c\u4e0b\u9650\uff1a55%\uff0c\u63a7\u5236\u8f93\u51fa\uff1a78.0%\u4e8c\u671f6\u53f7\u98ce\u673a\u8fd0\u884c\uff0c\u53cd\u9988\uff1a78%\uff0c\u4e0a\u9650\uff1a98%\uff0c\u4e0b\u9650\uff1a55%\uff0c\u63a7\u5236\u8f93\u51fa\uff1a78.0%"}
2026-06-08 06:02:45,629 - MQTTClient - 177 - DEBUG - Message published (mid=19694)
2026-06-08 06:02:45,630 - MQTTClient - 99 - DEBUG - Published: Rpc/ - {"\u865a\u62df\u8bbe\u5907": {"\u4e00\u671f1\u53f7\u98ce\u673a\u542f\u505c": 1}}
2026-06-08 06:02:45,635 - MQTTClient - 177 - DEBUG - Message published (mid=19695)
2026-06-08 06:02:45,635 - MQTTClient - 99 - DEBUG - Published: Rpc/ - {"\u865a\u62df\u8bbe\u5907": {"\u4e00\u671f2\u53f7\u98ce\u673a\u542f\u505c": 1}}
2026-06-08 06:02:45,640 - MQTTClient - 99 - DEBUG - Published: Rpc/ - {"\u865a\u62df\u8bbe\u5907": {"\u4e00\u671f3\u53f7\u98ce\u673a\u542f\u505c": 1}}
2026-06-08 06:02:45,640 - MQTTClient - 177 - DEBUG - Message published (mid=19696)
2026-06-08 06:02:45,643 - MQTTClient - 99 - DEBUG - Published: Rpc/ - {"\u865a\u62df\u8bbe\u5907": {"\u4e8c\u671f1\u53f7\u98ce\u673a\u542f\u505c": 1}}
2026-06-08 06:02:45,643 - MQTTClient - 177 - DEBUG - Message published (mid=19697)
2026-06-08 06:02:45,646 - MQTTClient - 177 - DEBUG - Message published (mid=19698)
2026-06-08 06:02:45,646 - MQTTClient - 99 - DEBUG - Published: Rpc/ - {"\u865a\u62df\u8bbe\u5907": {"\u4e8c\u671f1\u53f7\u98ce\u673aSV\u503c": 72.6}}
2026-06-08 06:02:45,647 - MQTTClient - 99 - DEBUG - Published: Rpc/ - {"\u865a\u62df\u8bbe\u5907": {"\u4e8c\u671f3\u53f7\u98ce\u673a\u542f\u505c": 1}}
2026-06-08 06:02:45,647 - MQTTClient - 177 - DEBUG - Message published (mid=19699)
2026-06-08 06:02:45,650 - MQTTClient - 177 - DEBUG - Message published (mid=19700)
2026-06-08 06:02:45,651 - MQTTClient - 99 - DEBUG - Published: Rpc/ - {"\u865a\u62df\u8bbe\u5907": {"\u4e8c\u671f3\u53f7\u98ce\u673aSV\u503c": 75.6}}
2026-06-08 06:02:45,651 - MQTTClient - 99 - DEBUG - Published: Rpc/ - {"\u865a\u62df\u8bbe\u5907": {"\u4e8c\u671f6\u53f7\u98ce\u673a\u542f\u505c": 1}}
2026-06-08 06:02:45,652 - MQTTClient - 177 - DEBUG - Message published (mid=19701)
2026-06-08 06:02:45,655 - MQTTClient - 177 - DEBUG - Message published (mid=19702)
2026-06-08 06:02:45,656 - MQTTClient - 99 - DEBUG - Published: /idms/api/v1/createControlX - {"type": "\u66dd\u6c14\u667a\u80fd\u4f53", "time": "2026-06-08 06:02:45", "algorithmVersion": "v1.0.0", "controller": "\u9ec4\u5188AI\u7b97\u6cd5\u63a7\u5236", "outputCommand": "\u4e00\u671f\u751f\u7269\u6c60#\u5b9e\u65f6\uff1a\u4e00\u671f\u6eb6\u89e3\u6c27\uff1a3.74mg/L\uff0c\u76ee\u6807\u503c\uff1a2mg/L#\u4e00\u671f1\u53f7\u98ce\u673a\u8fd0\u884c\uff0c\u53cd\u9988\uff1a55%\uff0c\u4e0a\u9650\uff1a100%\uff0c\u4e0b\u9650\uff1a55%\uff0c\u63a7\u5236\u8f93\u51fa\uff1a55.0%\u4e00\u671f2\u53f7\u98ce\u673a\u8fd0\u884c\uff0c\u53cd\u9988\uff1a55%\uff0c\u4e0a\u9650\uff1a100%\uff0c\u4e0b\u9650\uff1a55%\uff0c\u63a7\u5236\u8f93\u51fa\uff1a55.0%\u4e00\u671f3\u53f7\u98ce\u673a\u8fd0\u884c\uff0c\u53cd\u9988\uff1a55%\uff0c\u4e0a\u9650\uff1a100%\uff0c\u4e0b\u9650\uff1a55%\uff0c\u63a7\u5236\u8f93\u51fa\uff1a55.0%\u4e8c\u671f\u751f\u7269\u6c60#\u5b9e\u65f6\uff1a\u4e8c\u671f\u6eb6\u89e3\u6c27\uff1a2.25mg/L\uff0c\u76ee\u6807\u503c\uff1a2mg/L#\u4e8c\u671f1\u53f7\u98ce\u673a\u8fd0\u884c\uff0c\u53cd\u9988\uff1a75%\uff0c\u4e0a\u9650\uff1a98%\uff0c\u4e0b\u9650\uff1a55%\uff0c\u63a7\u5236\u8f93\u51fa\uff1a72.6%\u4e8c\u671f3\u53f7\u98ce\u673a\u8fd0\u884c\uff0c\u53cd\u9988\uff1a78%\uff0c\u4e0a\u9650\uff1a98%\uff0c\u4e0b\u9650\uff1a55%\uff0c\u63a7\u5236\u8f93\u51fa\uff1a75.6%\u4e8c\u671f6\u53f7\u98ce\u673a\u8fd0\u884c\uff0c\u53cd\u9988\uff1a78%\uff0c\u4e0a\u9650\uff1a98%\uff0c\u4e0b\u9650\uff1a55%\uff0c\u63a7\u5236\u8f93\u51fa\uff1a75.6%"}
2026-06-08 06:02:45,656 - MQTTClient - 99 - DEBUG - Published: Rpc/ - {"\u865a\u62df\u8bbe\u5907": {"\u4e8c\u671f6\u53f7\u98ce\u673aSV\u503c": 75.6}}
2026-06-08 06:02:45,657 - MQTTClient - 177 - DEBUG - Message published (mid=19703)
2026-06-08 06:04:45,781 - MQTTClient - 177 - DEBUG - Message published (mid=19704)
2026-06-08 06:04:45,782 - MQTTClient - 99 - DEBUG - Published: Rpc/ - {"\u865a\u62df\u8bbe\u5907": {"\u4e00\u671f1\u53f7\u98ce\u673a\u542f\u505c": 1}}
2026-06-08 06:04:45,785 - MQTTClient - 99 - DEBUG - Published: Rpc/ - {"\u865a\u62df\u8bbe\u5907": {"\u4e00\u671f2\u53f7\u98ce\u673a\u542f\u505c": 1}}
2026-06-08 06:04:45,785 - MQTTClient - 177 - DEBUG - Message published (mid=19705)
2026-06-08 06:04:45,788 - MQTTClient - 177 - DEBUG - Message published (mid=19706)
2026-06-08 06:04:45,789 - MQTTClient - 99 - DEBUG - Published: Rpc/ - {"\u865a\u62df\u8bbe\u5907": {"\u4e00\u671f3\u53f7\u98ce\u673a\u542f\u505c": 1}}
2026-06-08 06:04:45,792 - MQTTClient - 99 - DEBUG - Published: Rpc/ - {"\u865a\u62df\u8bbe\u5907": {"\u4e8c\u671f1\u53f7\u98ce\u673a\u542f\u505c": 1}}
2026-06-08 06:04:45,793 - MQTTClient - 177 - DEBUG - Message published (mid=19707)
2026-06-08 06:04:45,796 - MQTTClient - 177 - DEBUG - Message published (mid=19708)
2026-06-08 06:04:45,796 - MQTTClient - 99 - DEBUG - Published: Rpc/ - {"\u865a\u62df\u8bbe\u5907": {"\u4e8c\u671f3\u53f7\u98ce\u673a\u542f\u505c": 1}}
2026-06-08 06:04:45,799 - MQTTClient - 99 - DEBUG - Published: Rpc/ - {"\u865a\u62df\u8bbe\u5907": {"\u4e8c\u671f6\u53f7\u98ce\u673a\u542f\u505c": 1}}
2026-06-08 06:04:45,799 - MQTTClient - 177 - DEBUG - Message published (mid=19709)
2026-06-08 06:04:45,803 - MQTTClient - 177 - DEBUG - Message published (mid=19710)
2026-06-08 06:04:45,804 - MQTTClient - 99 - DEBUG - Published: /idms/api/v1/createControlX - {"type": "\u66dd\u6c14\u667a\u80fd\u4f53", "time": "2026-06-08 06:04:45", "algorithmVersion": "v1.0.0", "controller": "\u9ec4\u5188AI\u7b97\u6cd5\u63a7\u5236", "outputCommand": "\u4e00\u671f\u751f\u7269\u6c60#\u5b9e\u65f6\uff1a\u4e00\u671f\u6eb6\u89e3\u6c27\uff1a3.54mg/L\uff0c\u76ee\u6807\u503c\uff1a2mg/L#\u4e00\u671f1\u53f7\u98ce\u673a\u8fd0\u884c\uff0c\u53cd\u9988\uff1a55%\uff0c\u4e0a\u9650\uff1a100%\uff0c\u4e0b\u9650\uff1a55%\uff0c\u63a7\u5236\u8f93\u51fa\uff1a55.0%\u4e00\u671f2\u53f7\u98ce\u673a\u8fd0\u884c\uff0c\u53cd\u9988\uff1a55%\uff0c\u4e0a\u9650\uff1a100%\uff0c\u4e0b\u9650\uff1a55%\uff0c\u63a7\u5236\u8f93\u51fa\uff1a55.0%\u4e00\u671f3\u53f7\u98ce\u673a\u8fd0\u884c\uff0c\u53cd\u9988\uff1a55%\uff0c\u4e0a\u9650\uff1a100%\uff0c\u4e0b\u9650\uff1a55%\uff0c\u63a7\u5236\u8f93\u51fa\uff1a55.0%\u4e8c\u671f\u751f\u7269\u6c60#\u5b9e\u65f6\uff1a\u4e8c\u671f\u6eb6\u89e3\u6c27\uff1a1.96mg/L\uff0c\u76ee\u6807\u503c\uff1a2mg/L#\u4e8c\u671f1\u53f7\u98ce\u673a\u8fd0\u884c\uff0c\u53cd\u9988\uff1a75%\uff0c\u4e0a\u9650\uff1a98%\uff0c\u4e0b\u9650\uff1a55%\uff0c\u63a7\u5236\u8f93\u51fa\uff1a75.0%\u4e8c\u671f3\u53f7\u98ce\u673a\u8fd0\u884c\uff0c\u53cd\u9988\uff1a78%\uff0c\u4e0a\u9650\uff1a98%\uff0c\u4e0b\u9650\uff1a55%\uff0c\u63a7\u5236\u8f93\u51fa\uff1a78.0%\u4e8c\u671f6\u53f7\u98ce\u673a\u8fd0\u884c\uff0c\u53cd\u9988\uff1a78%\uff0c\u4e0a\u9650\uff1a98%\uff0c\u4e0b\u9650\uff1a55%\uff0c\u63a7\u5236\u8f93\u51fa\uff1a78.0%"}
2026-06-08 06:06:45,958 - MQTTClient - 177 - DEBUG - Message published (mid=19711)
2026-06-08 06:06:45,958 - MQTTClient - 99 - DEBUG - Published: Rpc/ - {"\u865a\u62df\u8bbe\u5907": {"\u4e00\u671f1\u53f7\u98ce\u673a\u542f\u505c": 1}}
2026-06-08 06:06:45,963 - MQTTClient - 99 - DEBUG - Published: Rpc/ - {"\u865a\u62df\u8bbe\u5907": {"\u4e00\u671f2\u53f7\u98ce\u673a\u542f\u505c": 1}}
2026-06-08 06:06:45,963 - MQTTClient - 177 - DEBUG - Message published (mid=19712)
2026-06-08 06:06:45,968 - MQTTClient - 99 - DEBUG - Published: Rpc/ - {"\u865a\u62df\u8bbe\u5907": {"\u4e00\u671f3\u53f7\u98ce\u673a\u542f\u505c": 1}}
2026-06-08 06:06:45,969 - MQTTClient - 177 - DEBUG - Message published (mid=19713)
2026-06-08 06:06:45,972 - MQTTClient - 99 - DEBUG - Published: Rpc/ - {"\u865a\u62df\u8bbe\u5907": {"\u4e8c\u671f1\u53f7\u98ce\u673a\u542f\u505c": 1}}
2026-06-08 06:06:45,972 - MQTTClient - 177 - DEBUG - Message published (mid=19714)
2026-06-08 06:06:45,975 - MQTTClient - 99 - DEBUG - Published: Rpc/ - {"\u865a\u62df\u8bbe\u5907": {"\u4e8c\u671f1\u53f7\u98ce\u673aSV\u503c": 76.9}}
2026-06-08 06:06:45,975 - MQTTClient - 177 - DEBUG - Message published (mid=19715)
2026-06-08 06:06:45,976 - MQTTClient - 99 - DEBUG - Published: Rpc/ - {"\u865a\u62df\u8bbe\u5907": {"\u4e8c\u671f3\u53f7\u98ce\u673a\u542f\u505c": 1}}
2026-06-08 06:06:45,979 - MQTTClient - 177 - DEBUG - Message published (mid=19716)
2026-06-08 06:06:45,982 - MQTTClient - 177 - DEBUG - Message published (mid=19717)
2026-06-08 06:06:45,982 - MQTTClient - 99 - DEBUG - Published: Rpc/ - {"\u865a\u62df\u8bbe\u5907": {"\u4e8c\u671f3\u53f7\u98ce\u673aSV\u503c": 79.9}}
2026-06-08 06:06:45,983 - MQTTClient - 99 - DEBUG - Published: Rpc/ - {"\u865a\u62df\u8bbe\u5907": {"\u4e8c\u671f6\u53f7\u98ce\u673a\u542f\u505c": 1}}
2026-06-08 06:06:45,983 - MQTTClient - 177 - DEBUG - Message published (mid=19718)
2026-06-08 06:06:45,987 - MQTTClient - 99 - DEBUG - Published: Rpc/ - {"\u865a\u62df\u8bbe\u5907": {"\u4e8c\u671f6\u53f7\u98ce\u673aSV\u503c": 79.9}}
2026-06-08 06:06:45,987 - MQTTClient - 177 - DEBUG - Message published (mid=19719)
2026-06-08 06:06:45,988 - MQTTClient - 99 - DEBUG - Published: /idms/api/v1/createControlX - {"type": "\u66dd\u6c14\u667a\u80fd\u4f53", "time": "2026-06-08 06:06:45", "algorithmVersion": "v1.0.0", "controller": "\u9ec4\u5188AI\u7b97\u6cd5\u63a7\u5236", "outputCommand": "\u4e00\u671f\u751f\u7269\u6c60#\u5b9e\u65f6\uff1a\u4e00\u671f\u6eb6\u89e3\u6c27\uff1a3.05mg/L\uff0c\u76ee\u6807\u503c\uff1a2mg/L#\u4e00\u671f1\u53f7\u98ce\u673a\u8fd0\u884c\uff0c\u53cd\u9988\uff1a55%\uff0c\u4e0a\u9650\uff1a100%\uff0c\u4e0b\u9650\uff1a55%\uff0c\u63a7\u5236\u8f93\u51fa\uff1a55.0%\u4e00\u671f2\u53f7\u98ce\u673a\u8fd0\u884c\uff0c\u53cd\u9988\uff1a55%\uff0c\u4e0a\u9650\uff1a100%\uff0c\u4e0b\u9650\uff1a55%\uff0c\u63a7\u5236\u8f93\u51fa\uff1a55.0%\u4e00\u671f3\u53f7\u98ce\u673a\u8fd0\u884c\uff0c\u53cd\u9988\uff1a55%\uff0c\u4e0a\u9650\uff1a100%\uff0c\u4e0b\u9650\uff1a55%\uff0c\u63a7\u5236\u8f93\u51fa\uff1a55.0%\u4e8c\u671f\u751f\u7269\u6c60#\u5b9e\u65f6\uff1a\u4e8c\u671f\u6eb6\u89e3\u6c27\uff1a1.81mg/L\uff0c\u76ee\u6807\u503c\uff1a2mg/L#\u4e8c\u671f1\u53f7\u98ce\u673a\u8fd0\u884c\uff0c\u53cd\u9988\uff1a75%\uff0c\u4e0a\u9650\uff1a98%\uff0c\u4e0b\u9650\uff1a55%\uff0c\u63a7\u5236\u8f93\u51fa\uff1a76.9%\u4e8c\u671f3\u53f7\u98ce\u673a\u8fd0\u884c\uff0c\u53cd\u9988\uff1a78%\uff0c\u4e0a\u9650\uff1a98%\uff0c\u4e0b\u9650\uff1a55%\uff0c\u63a7\u5236\u8f93\u51fa\uff1a79.9%\u4e8c\u671f6\u53f7\u98ce\u673a\u8fd0\u884c\uff0c\u53cd\u9988\uff1a78%\uff0c\u4e0a\u9650\uff1a98%\uff0c\u4e0b\u9650\uff1a55%\uff0c\u63a7\u5236\u8f93\u51fa\uff1a79.9%"}
2026-06-08 06:06:45,989 - MQTTClient - 177 - DEBUG - Message published (mid=19720)
2026-06-08 06:08:46,204 - MQTTClient - 177 - DEBUG - Message published (mid=19721)
2026-06-08 06:08:46,204 - MQTTClient - 99 - DEBUG - Published: Rpc/ - {"\u865a\u62df\u8bbe\u5907": {"\u4e00\u671f1\u53f7\u98ce\u673a\u542f\u505c": 1}}
2026-06-08 06:08:46,210 - MQTTClient - 99 - DEBUG - Published: Rpc/ - {"\u865a\u62df\u8bbe\u5907": {"\u4e00\u671f2\u53f7\u98ce\u673a\u542f\u505c": 1}}
2026-06-08 06:08:46,210 - MQTTClient - 177 - DEBUG - Message published (mid=19722)
2026-06-08 06:08:46,214 - MQTTClient - 177 - DEBUG - Message published (mid=19723)
2026-06-08 06:08:46,215 - MQTTClient - 99 - DEBUG - Published: Rpc/ - {"\u865a\u62df\u8bbe\u5907": {"\u4e00\u671f3\u53f7\u98ce\u673a\u542f\u505c": 1}}
2026-06-08 06:08:46,220 - MQTTClient - 99 - DEBUG - Published: Rpc/ - {"\u865a\u62df\u8bbe\u5907": {"\u4e8c\u671f1\u53f7\u98ce\u673a\u542f\u505c": 1}}
2026-06-08 06:08:46,220 - MQTTClient - 177 - DEBUG - Message published (mid=19724)
2026-06-08 06:08:46,223 - MQTTClient - 177 - DEBUG - Message published (mid=19725)
2026-06-08 06:08:46,224 - MQTTClient - 99 - DEBUG - Published: Rpc/ - {"\u865a\u62df\u8bbe\u5907": {"\u4e8c\u671f1\u53f7\u98ce\u673aSV\u503c": 71.4}}
2026-06-08 06:08:46,225 - MQTTClient - 177 - DEBUG - Message published (mid=19726)
2026-06-08 06:08:46,225 - MQTTClient - 99 - DEBUG - Published: Rpc/ - {"\u865a\u62df\u8bbe\u5907": {"\u4e8c\u671f3\u53f7\u98ce\u673a\u542f\u505c": 1}}
2026-06-08 06:08:46,229 - MQTTClient - 177 - DEBUG - Message published (mid=19727)
2026-06-08 06:08:46,230 - MQTTClient - 99 - DEBUG - Published: Rpc/ - {"\u865a\u62df\u8bbe\u5907": {"\u4e8c\u671f3\u53f7\u98ce\u673aSV\u503c": 74.4}}
2026-06-08 06:08:46,231 - MQTTClient - 177 - DEBUG - Message published (mid=19728)
2026-06-08 06:08:46,231 - MQTTClient - 99 - DEBUG - Published: Rpc/ - {"\u865a\u62df\u8bbe\u5907": {"\u4e8c\u671f6\u53f7\u98ce\u673a\u542f\u505c": 1}}
2026-06-08 06:08:46,236 - MQTTClient - 177 - DEBUG - Message published (mid=19729)
2026-06-08 06:08:46,236 - MQTTClient - 99 - DEBUG - Published: Rpc/ - {"\u865a\u62df\u8bbe\u5907": {"\u4e8c\u671f6\u53f7\u98ce\u673aSV\u503c": 74.4}}
2026-06-08 06:08:46,236 - MQTTClient - 99 - DEBUG - Published: /idms/api/v1/createControlX - {"type": "\u66dd\u6c14\u667a\u80fd\u4f53", "time": "2026-06-08 06:08:46", "algorithmVersion": "v1.0.0", "controller": "\u9ec4\u5188AI\u7b97\u6cd5\u63a7\u5236", "outputCommand": "\u4e00\u671f\u751f\u7269\u6c60#\u5b9e\u65f6\uff1a\u4e00\u671f\u6eb6\u89e3\u6c27\uff1a2.87mg/L\uff0c\u76ee\u6807\u503c\uff1a2mg/L#\u4e00\u671f1\u53f7\u98ce\u673a\u8fd0\u884c\uff0c\u53cd\u9988\uff1a55%\uff0c\u4e0a\u9650\uff1a100%\uff0c\u4e0b\u9650\uff1a55%\uff0c\u63a7\u5236\u8f93\u51fa\uff1a55.0%\u4e00\u671f2\u53f7\u98ce\u673a\u8fd0\u884c\uff0c\u53cd\u9988\uff1a55%\uff0c\u4e0a\u9650\uff1a100%\uff0c\u4e0b\u9650\uff1a55%\uff0c\u63a7\u5236\u8f93\u51fa\uff1a55.0%\u4e00\u671f3\u53f7\u98ce\u673a\u8fd0\u884c\uff0c\u53cd\u9988\uff1a55%\uff0c\u4e0a\u9650\uff1a100%\uff0c\u4e0b\u9650\uff1a55%\uff0c\u63a7\u5236\u8f93\u51fa\uff1a55.0%\u4e8c\u671f\u751f\u7269\u6c60#\u5b9e\u65f6\uff1a\u4e8c\u671f\u6eb6\u89e3\u6c27\uff1a2.38mg/L\uff0c\u76ee\u6807\u503c\uff1a2mg/L#\u4e8c\u671f1\u53f7\u98ce\u673a\u8fd0\u884c\uff0c\u53cd\u9988\uff1a75%\uff0c\u4e0a\u9650\uff1a98%\uff0c\u4e0b\u9650\uff1a55%\uff0c\u63a7\u5236\u8f93\u51fa\uff1a71.4%\u4e8c\u671f3\u53f7\u98ce\u673a\u8fd0\u884c\uff0c\u53cd\u9988\uff1a78%\uff0c\u4e0a\u9650\uff1a98%\uff0c\u4e0b\u9650\uff1a55%\uff0c\u63a7\u5236\u8f93\u51fa\uff1a74.4%\u4e8c\u671f6\u53f7\u98ce\u673a\u8fd0\u884c\uff0c\u53cd\u9988\uff1a78%\uff0c\u4e0a\u9650\uff1a98%\uff0c\u4e0b\u9650\uff1a55%\uff0c\u63a7\u5236\u8f93\u51fa\uff1a74.4%"}
2026-06-08 06:08:46,237 - MQTTClient - 177 - DEBUG - Message published (mid=19730)
2026-06-08 06:10:46,382 - MQTTClient - 177 - DEBUG - Message published (mid=19731)
2026-06-08 06:10:46,383 - MQTTClient - 99 - DEBUG - Published: Rpc/ - {"\u865a\u62df\u8bbe\u5907": {"\u4e00\u671f1\u53f7\u98ce\u673a\u542f\u505c": 1}}
2026-06-08 06:10:46,387 - MQTTClient - 99 - DEBUG - Published: Rpc/ - {"\u865a\u62df\u8bbe\u5907": {"\u4e00\u671f2\u53f7\u98ce\u673a\u542f\u505c": 1}}
2026-06-08 06:10:46,388 - MQTTClient - 177 - DEBUG - Message published (mid=19732)
2026-06-08 06:10:46,393 - MQTTClient - 177 - DEBUG - Message published (mid=19733)
2026-06-08 06:10:46,393 - MQTTClient - 99 - DEBUG - Published: Rpc/ - {"\u865a\u62df\u8bbe\u5907": {"\u4e00\u671f3\u53f7\u98ce\u673a\u542f\u505c": 1}}
2026-06-08 06:10:46,398 - MQTTClient - 177 - DEBUG - Message published (mid=19734)
2026-06-08 06:10:46,398 - MQTTClient - 99 - DEBUG - Published: Rpc/ - {"\u865a\u62df\u8bbe\u5907": {"\u4e8c\u671f1\u53f7\u98ce\u673a\u542f\u505c": 1}}
2026-06-08 06:10:46,401 - MQTTClient - 177 - DEBUG - Message published (mid=19735)
2026-06-08 06:10:46,402 - MQTTClient - 99 - DEBUG - Published: Rpc/ - {"\u865a\u62df\u8bbe\u5907": {"\u4e8c\u671f1\u53f7\u98ce\u673aSV\u503c": 71.7}}
2026-06-08 06:10:46,404 - MQTTClient - 177 - DEBUG - Message published (mid=19736)
2026-06-08 06:10:46,404 - MQTTClient - 99 - DEBUG - Published: Rpc/ - {"\u865a\u62df\u8bbe\u5907": {"\u4e8c\u671f3\u53f7\u98ce\u673a\u542f\u505c": 1}}
2026-06-08 06:10:46,408 - MQTTClient - 177 - DEBUG - Message published (mid=19737)
2026-06-08 06:10:46,409 - MQTTClient - 99 - DEBUG - Published: Rpc/ - {"\u865a\u62df\u8bbe\u5907": {"\u4e8c\u671f3\u53f7\u98ce\u673aSV\u503c": 74.7}}
2026-06-08 06:10:46,410 - MQTTClient - 177 - DEBUG - Message published (mid=19738)
2026-06-08 06:10:46,411 - MQTTClient - 99 - DEBUG - Published: Rpc/ - {"\u865a\u62df\u8bbe\u5907": {"\u4e8c\u671f6\u53f7\u98ce\u673a\u542f\u505c": 1}}
2026-06-08 06:10:46,417 - MQTTClient - 177 - DEBUG - Message published (mid=19739)
2026-06-08 06:10:46,417 - MQTTClient - 99 - DEBUG - Published: Rpc/ - {"\u865a\u62df\u8bbe\u5907": {"\u4e8c\u671f6\u53f7\u98ce\u673aSV\u503c": 74.7}}
2026-06-08 06:10:46,418 - MQTTClient - 177 - DEBUG - Message published (mid=19740)
2026-06-08 06:10:46,418 - MQTTClient - 99 - DEBUG - Published: /idms/api/v1/createControlX - {"type": "\u66dd\u6c14\u667a\u80fd\u4f53", "time": "2026-06-08 06:10:46", "algorithmVersion": "v1.0.0", "controller": "\u9ec4\u5188AI\u7b97\u6cd5\u63a7\u5236", "outputCommand": "\u4e00\u671f\u751f\u7269\u6c60#\u5b9e\u65f6\uff1a\u4e00\u671f\u6eb6\u89e3\u6c27\uff1a2.73mg/L\uff0c\u76ee\u6807\u503c\uff1a2mg/L#\u4e00\u671f1\u53f7\u98ce\u673a\u8fd0\u884c\uff0c\u53cd\u9988\uff1a55%\uff0c\u4e0a\u9650\uff1a100%\uff0c\u4e0b\u9650\uff1a55%\uff0c\u63a7\u5236\u8f93\u51fa\uff1a55.0%\u4e00\u671f2\u53f7\u98ce\u673a\u8fd0\u884c\uff0c\u53cd\u9988\uff1a55%\uff0c\u4e0a\u9650\uff1a100%\uff0c\u4e0b\u9650\uff1a55%\uff0c\u63a7\u5236\u8f93\u51fa\uff1a55.0%\u4e00\u671f3\u53f7\u98ce\u673a\u8fd0\u884c\uff0c\u53cd\u9988\uff1a55%\uff0c\u4e0a\u9650\uff1a100%\uff0c\u4e0b\u9650\uff1a55%\uff0c\u63a7\u5236\u8f93\u51fa\uff1a55.0%\u4e8c\u671f\u751f\u7269\u6c60#\u5b9e\u65f6\uff1a\u4e8c\u671f\u6eb6\u89e3\u6c27\uff1a2.33mg/L\uff0c\u76ee\u6807\u503c\uff1a2mg/L#\u4e8c\u671f1\u53f7\u98ce\u673a\u8fd0\u884c\uff0c\u53cd\u9988\uff1a75%\uff0c\u4e0a\u9650\uff1a98%\uff0c\u4e0b\u9650\uff1a55%\uff0c\u63a7\u5236\u8f93\u51fa\uff1a71.7%\u4e8c\u671f3\u53f7\u98ce\u673a\u8fd0\u884c\uff0c\u53cd\u9988\uff1a78%\uff0c\u4e0a\u9650\uff1a98%\uff0c\u4e0b\u9650\uff1a55%\uff0c\u63a7\u5236\u8f93\u51fa\uff1a74.7%\u4e8c\u671f6\u53f7\u98ce\u673a\u8fd0\u884c\uff0c\u53cd\u9988\uff1a78%\uff0c\u4e0a\u9650\uff1a98%\uff0c\u4e0b\u9650\uff1a55%\uff0c\u63a7\u5236\u8f93\u51fa\uff1a74.7%"}
2026-06-08 06:12:46,583 - MQTTClient - 99 - DEBUG - Published: Rpc/ - {"\u865a\u62df\u8bbe\u5907": {"\u4e00\u671f1\u53f7\u98ce\u673a\u542f\u505c": 1}}
2026-06-08 06:12:46,583 - MQTTClient - 177 - DEBUG - Message published (mid=19741)
2026-06-08 06:12:46,586 - MQTTClient - 99 - DEBUG - Published: Rpc/ - {"\u865a\u62df\u8bbe\u5907": {"\u4e00\u671f2\u53f7\u98ce\u673a\u542f\u505c": 1}}
2026-06-08 06:12:46,587 - MQTTClient - 177 - DEBUG - Message published (mid=19742)
2026-06-08 06:12:46,592 - MQTTClient - 99 - DEBUG - Published: Rpc/ - {"\u865a\u62df\u8bbe\u5907": {"\u4e00\u671f3\u53f7\u98ce\u673a\u542f\u505c": 1}}
2026-06-08 06:12:46,592 - MQTTClient - 177 - DEBUG - Message published (mid=19743)
2026-06-08 06:12:46,595 - MQTTClient - 177 - DEBUG - Message published (mid=19744)
2026-06-08 06:12:46,595 - MQTTClient - 99 - DEBUG - Published: Rpc/ - {"\u865a\u62df\u8bbe\u5907": {"\u4e8c\u671f1\u53f7\u98ce\u673a\u542f\u505c": 1}}
2026-06-08 06:12:46,598 - MQTTClient - 177 - DEBUG - Message published (mid=19745)
2026-06-08 06:12:46,598 - MQTTClient - 99 - DEBUG - Published: Rpc/ - {"\u865a\u62df\u8bbe\u5907": {"\u4e8c\u671f1\u53f7\u98ce\u673aSV\u503c": 71.0}}
2026-06-08 06:12:46,599 - MQTTClient - 99 - DEBUG - Published: Rpc/ - {"\u865a\u62df\u8bbe\u5907": {"\u4e8c\u671f3\u53f7\u98ce\u673a\u542f\u505c": 1}}
2026-06-08 06:12:46,599 - MQTTClient - 177 - DEBUG - Message published (mid=19746)
2026-06-08 06:12:46,602 - MQTTClient - 99 - DEBUG - Published: Rpc/ - {"\u865a\u62df\u8bbe\u5907": {"\u4e8c\u671f3\u53f7\u98ce\u673aSV\u503c": 74.0}}
2026-06-08 06:12:46,602 - MQTTClient - 177 - DEBUG - Message published (mid=19747)
2026-06-08 06:12:46,603 - MQTTClient - 99 - DEBUG - Published: Rpc/ - {"\u865a\u62df\u8bbe\u5907": {"\u4e8c\u671f6\u53f7\u98ce\u673a\u542f\u505c": 1}}
2026-06-08 06:12:46,603 - MQTTClient - 177 - DEBUG - Message published (mid=19748)
2026-06-08 06:12:46,607 - MQTTClient - 177 - DEBUG - Message published (mid=19749)
2026-06-08 06:12:46,607 - MQTTClient - 99 - DEBUG - Published: Rpc/ - {"\u865a\u62df\u8bbe\u5907": {"\u4e8c\u671f6\u53f7\u98ce\u673aSV\u503c": 74.0}}
2026-06-08 06:12:46,609 - MQTTClient - 177 - DEBUG - Message published (mid=19750)
2026-06-08 06:12:46,609 - MQTTClient - 99 - DEBUG - Published: /idms/api/v1/createControlX - {"type": "\u66dd\u6c14\u667a\u80fd\u4f53", "time": "2026-06-08 06:12:46", "algorithmVersion": "v1.0.0", "controller": "\u9ec4\u5188AI\u7b97\u6cd5\u63a7\u5236", "outputCommand": "\u4e00\u671f\u751f\u7269\u6c60#\u5b9e\u65f6\uff1a\u4e00\u671f\u6eb6\u89e3\u6c27\uff1a3.0mg/L\uff0c\u76ee\u6807\u503c\uff1a2mg/L#\u4e00\u671f1\u53f7\u98ce\u673a\u8fd0\u884c\uff0c\u53cd\u9988\uff1a55%\uff0c\u4e0a\u9650\uff1a100%\uff0c\u4e0b\u9650\uff1a55%\uff0c\u63a7\u5236\u8f93\u51fa\uff1a55.0%\u4e00\u671f2\u53f7\u98ce\u673a\u8fd0\u884c\uff0c\u53cd\u9988\uff1a55%\uff0c\u4e0a\u9650\uff1a100%\uff0c\u4e0b\u9650\uff1a55%\uff0c\u63a7\u5236\u8f93\u51fa\uff1a55.0%\u4e00\u671f3\u53f7\u98ce\u673a\u8fd0\u884c\uff0c\u53cd\u9988\uff1a55%\uff0c\u4e0a\u9650\uff1a100%\uff0c\u4e0b\u9650\uff1a55%\uff0c\u63a7\u5236\u8f93\u51fa\uff1a55.0%\u4e8c\u671f\u751f\u7269\u6c60#\u5b9e\u65f6\uff1a\u4e8c\u671f\u6eb6\u89e3\u6c27\uff1a2.5mg/L\uff0c\u76ee\u6807\u503c\uff1a2mg/L#\u4e8c\u671f1\u53f7\u98ce\u673a\u8fd0\u884c\uff0c\u53cd\u9988\uff1a75%\uff0c\u4e0a\u9650\uff1a98%\uff0c\u4e0b\u9650\uff1a55%\uff0c\u63a7\u5236\u8f93\u51fa\uff1a71.0%\u4e8c\u671f3\u53f7\u98ce\u673a\u8fd0\u884c\uff0c\u53cd\u9988\uff1a78%\uff0c\u4e0a\u9650\uff1a98%\uff0c\u4e0b\u9650\uff1a55%\uff0c\u63a7\u5236\u8f93\u51fa\uff1a74.0%\u4e8c\u671f6\u53f7\u98ce\u673a\u8fd0\u884c\uff0c\u53cd\u9988\uff1a78%\uff0c\u4e0a\u9650\uff1a98%\uff0c\u4e0b\u9650\uff1a55%\uff0c\u63a7\u5236\u8f93\u51fa\uff1a74.0%"}
2026-06-08 06:14:46,751 - MQTTClient - 177 - DEBUG - Message published (mid=19751)
2026-06-08 06:14:46,752 - MQTTClient - 99 - DEBUG - Published: Rpc/ - {"\u865a\u62df\u8bbe\u5907": {"\u4e00\u671f1\u53f7\u98ce\u673a\u542f\u505c": 1}}
2026-06-08 06:14:46,758 - MQTTClient - 177 - DEBUG - Message published (mid=19752)
2026-06-08 06:14:46,759 - MQTTClient - 99 - DEBUG - Published: Rpc/ - {"\u865a\u62df\u8bbe\u5907": {"\u4e00\u671f1\u53f7\u98ce\u673aSV\u503c": 55.0}}
2026-06-08 06:14:46,760 - MQTTClient - 177 - DEBUG - Message published (mid=19753)
2026-06-08 06:14:46,761 - MQTTClient - 99 - DEBUG - Published: Rpc/ - {"\u865a\u62df\u8bbe\u5907": {"\u4e00\u671f2\u53f7\u98ce\u673a\u542f\u505c": 1}}
2026-06-08 06:14:46,765 - MQTTClient - 177 - DEBUG - Message published (mid=19754)
2026-06-08 06:14:46,765 - MQTTClient - 99 - DEBUG - Published: Rpc/ - {"\u865a\u62df\u8bbe\u5907": {"\u4e00\u671f2\u53f7\u98ce\u673aSV\u503c": 55.0}}
2026-06-08 06:14:46,766 - MQTTClient - 177 - DEBUG - Message published (mid=19755)
2026-06-08 06:14:46,766 - MQTTClient - 99 - DEBUG - Published: Rpc/ - {"\u865a\u62df\u8bbe\u5907": {"\u4e00\u671f3\u53f7\u98ce\u673a\u542f\u505c": 1}}
2026-06-08 06:14:46,771 - MQTTClient - 99 - DEBUG - Published: Rpc/ - {"\u865a\u62df\u8bbe\u5907": {"\u4e00\u671f3\u53f7\u98ce\u673aSV\u503c": 55.0}}
2026-06-08 06:14:46,771 - MQTTClient - 177 - DEBUG - Message published (mid=19756)
2026-06-08 06:14:46,774 - MQTTClient - 99 - DEBUG - Published: Rpc/ - {"\u865a\u62df\u8bbe\u5907": {"\u4e8c\u671f1\u53f7\u98ce\u673a\u542f\u505c": 1}}
2026-06-08 06:14:46,775 - MQTTClient - 177 - DEBUG - Message published (mid=19757)
2026-06-08 06:14:46,783 - MQTTClient - 177 - DEBUG - Message published (mid=19758)
2026-06-08 06:14:46,783 - MQTTClient - 99 - DEBUG - Published: Rpc/ - {"\u865a\u62df\u8bbe\u5907": {"\u4e8c\u671f1\u53f7\u98ce\u673aSV\u503c": 71.0}}
2026-06-08 06:14:46,783 - MQTTClient - 99 - DEBUG - Published: Rpc/ - {"\u865a\u62df\u8bbe\u5907": {"\u4e8c\u671f3\u53f7\u98ce\u673a\u542f\u505c": 1}}
2026-06-08 06:14:46,784 - MQTTClient - 177 - DEBUG - Message published (mid=19759)
2026-06-08 06:14:46,789 - MQTTClient - 99 - DEBUG - Published: Rpc/ - {"\u865a\u62df\u8bbe\u5907": {"\u4e8c\u671f3\u53f7\u98ce\u673aSV\u503c": 74.0}}
2026-06-08 06:14:46,789 - MQTTClient - 177 - DEBUG - Message published (mid=19760)
2026-06-08 06:14:46,790 - MQTTClient - 99 - DEBUG - Published: Rpc/ - {"\u865a\u62df\u8bbe\u5907": {"\u4e8c\u671f6\u53f7\u98ce\u673a\u542f\u505c": 1}}
2026-06-08 06:14:46,791 - MQTTClient - 177 - DEBUG - Message published (mid=19761)
2026-06-08 06:14:46,796 - MQTTClient - 99 - DEBUG - Published: Rpc/ - {"\u865a\u62df\u8bbe\u5907": {"\u4e8c\u671f6\u53f7\u98ce\u673aSV\u503c": 74.0}}
2026-06-08 06:14:46,796 - MQTTClient - 177 - DEBUG - Message published (mid=19762)
2026-06-08 06:14:46,797 - MQTTClient - 99 - DEBUG - Published: /idms/api/v1/createControlX - {"type": "\u66dd\u6c14\u667a\u80fd\u4f53", "time": "2026-06-08 06:14:46", "algorithmVersion": "v1.0.0", "controller": "\u9ec4\u5188AI\u7b97\u6cd5\u63a7\u5236", "outputCommand": "\u4e00\u671f\u751f\u7269\u6c60#\u5b9e\u65f6\uff1a\u4e00\u671f\u6eb6\u89e3\u6c27\uff1a3.07mg/L\uff0c\u76ee\u6807\u503c\uff1a2mg/L#\u4e00\u671f1\u53f7\u98ce\u673a\u8fd0\u884c\uff0c\u53cd\u9988\uff1a56%\uff0c\u4e0a\u9650\uff1a100%\uff0c\u4e0b\u9650\uff1a55%\uff0c\u63a7\u5236\u8f93\u51fa\uff1a55.0%\u4e00\u671f2\u53f7\u98ce\u673a\u8fd0\u884c\uff0c\u53cd\u9988\uff1a56%\uff0c\u4e0a\u9650\uff1a100%\uff0c\u4e0b\u9650\uff1a55%\uff0c\u63a7\u5236\u8f93\u51fa\uff1a55.0%\u4e00\u671f3\u53f7\u98ce\u673a\u8fd0\u884c\uff0c\u53cd\u9988\uff1a56%\uff0c\u4e0a\u9650\uff1a100%\uff0c\u4e0b\u9650\uff1a55%\uff0c\u63a7\u5236\u8f93\u51fa\uff1a55.0%\u4e8c\u671f\u751f\u7269\u6c60#\u5b9e\u65f6\uff1a\u4e8c\u671f\u6eb6\u89e3\u6c27\uff1a2.63mg/L\uff0c\u76ee\u6807\u503c\uff1a2mg/L#\u4e8c\u671f1\u53f7\u98ce\u673a\u8fd0\u884c\uff0c\u53cd\u9988\uff1a75%\uff0c\u4e0a\u9650\uff1a98%\uff0c\u4e0b\u9650\uff1a55%\uff0c\u63a7\u5236\u8f93\u51fa\uff1a71.0%\u4e8c\u671f3\u53f7\u98ce\u673a\u8fd0\u884c\uff0c\u53cd\u9988\uff1a78%\uff0c\u4e0a\u9650\uff1a98%\uff0c\u4e0b\u9650\uff1a55%\uff0c\u63a7\u5236\u8f93\u51fa\uff1a74.0%\u4e8c\u671f6\u53f7\u98ce\u673a\u8fd0\u884c\uff0c\u53cd\u9988\uff1a78%\uff0c\u4e0a\u9650\uff1a98%\uff0c\u4e0b\u9650\uff1a55%\uff0c\u63a7\u5236\u8f93\u51fa\uff1a74.0%"}
2026-06-08 06:14:46,799 - MQTTClient - 177 - DEBUG - Message published (mid=19763)
2026-06-08 06:16:46,965 - MQTTClient - 177 - DEBUG - Message published (mid=19764)
2026-06-08 06:16:46,966 - MQTTClient - 99 - DEBUG - Published: Rpc/ - {"\u865a\u62df\u8bbe\u5907": {"\u4e00\u671f1\u53f7\u98ce\u673a\u542f\u505c": 1}}
2026-06-08 06:16:46,970 - MQTTClient - 177 - DEBUG - Message published (mid=19765)
2026-06-08 06:16:46,970 - MQTTClient - 99 - DEBUG - Published: Rpc/ - {"\u865a\u62df\u8bbe\u5907": {"\u4e00\u671f1\u53f7\u98ce\u673aSV\u503c": 55.0}}
2026-06-08 06:16:46,970 - MQTTClient - 99 - DEBUG - Published: Rpc/ - {"\u865a\u62df\u8bbe\u5907": {"\u4e00\u671f2\u53f7\u98ce\u673a\u542f\u505c": 1}}
2026-06-08 06:16:46,971 - MQTTClient - 177 - DEBUG - Message published (mid=19766)
2026-06-08 06:16:46,977 - MQTTClient - 177 - DEBUG - Message published (mid=19767)
2026-06-08 06:16:46,977 - MQTTClient - 99 - DEBUG - Published: Rpc/ - {"\u865a\u62df\u8bbe\u5907": {"\u4e00\u671f2\u53f7\u98ce\u673aSV\u503c": 55.0}}
2026-06-08 06:16:46,978 - MQTTClient - 177 - DEBUG - Message published (mid=19768)
2026-06-08 06:16:46,979 - MQTTClient - 99 - DEBUG - Published: Rpc/ - {"\u865a\u62df\u8bbe\u5907": {"\u4e00\u671f3\u53f7\u98ce\u673a\u542f\u505c": 1}}
2026-06-08 06:16:46,984 - MQTTClient - 99 - DEBUG - Published: Rpc/ - {"\u865a\u62df\u8bbe\u5907": {"\u4e00\u671f3\u53f7\u98ce\u673aSV\u503c": 55.0}}
2026-06-08 06:16:46,984 - MQTTClient - 177 - DEBUG - Message published (mid=19769)
2026-06-08 06:16:46,987 - MQTTClient - 177 - DEBUG - Message published (mid=19770)
2026-06-08 06:16:46,987 - MQTTClient - 99 - DEBUG - Published: Rpc/ - {"\u865a\u62df\u8bbe\u5907": {"\u4e8c\u671f1\u53f7\u98ce\u673a\u542f\u505c": 1}}
2026-06-08 06:16:46,990 - MQTTClient - 99 - DEBUG - Published: Rpc/ - {"\u865a\u62df\u8bbe\u5907": {"\u4e8c\u671f1\u53f7\u98ce\u673aSV\u503c": 71.0}}
2026-06-08 06:16:46,991 - MQTTClient - 177 - DEBUG - Message published (mid=19771)
2026-06-08 06:16:46,991 - MQTTClient - 99 - DEBUG - Published: Rpc/ - {"\u865a\u62df\u8bbe\u5907": {"\u4e8c\u671f3\u53f7\u98ce\u673a\u542f\u505c": 1}}
2026-06-08 06:16:46,991 - MQTTClient - 177 - DEBUG - Message published (mid=19772)
2026-06-08 06:16:46,994 - MQTTClient - 99 - DEBUG - Published: Rpc/ - {"\u865a\u62df\u8bbe\u5907": {"\u4e8c\u671f3\u53f7\u98ce\u673aSV\u503c": 74.0}}
2026-06-08 06:16:46,994 - MQTTClient - 177 - DEBUG - Message published (mid=19773)
2026-06-08 06:16:46,994 - MQTTClient - 99 - DEBUG - Published: Rpc/ - {"\u865a\u62df\u8bbe\u5907": {"\u4e8c\u671f6\u53f7\u98ce\u673a\u542f\u505c": 1}}
2026-06-08 06:16:46,997 - MQTTClient - 177 - DEBUG - Message published (mid=19774)
2026-06-08 06:16:46,998 - MQTTClient - 177 - DEBUG - Message published (mid=19775)
2026-06-08 06:16:46,999 - MQTTClient - 99 - DEBUG - Published: Rpc/ - {"\u865a\u62df\u8bbe\u5907": {"\u4e8c\u671f6\u53f7\u98ce\u673aSV\u503c": 74.0}}
2026-06-08 06:16:46,999 - MQTTClient - 99 - DEBUG - Published: /idms/api/v1/createControlX - {"type": "\u66dd\u6c14\u667a\u80fd\u4f53", "time": "2026-06-08 06:16:46", "algorithmVersion": "v1.0.0", "controller": "\u9ec4\u5188AI\u7b97\u6cd5\u63a7\u5236", "outputCommand": "\u4e00\u671f\u751f\u7269\u6c60#\u5b9e\u65f6\uff1a\u4e00\u671f\u6eb6\u89e3\u6c27\uff1a3.06mg/L\uff0c\u76ee\u6807\u503c\uff1a2mg/L#\u4e00\u671f1\u53f7\u98ce\u673a\u8fd0\u884c\uff0c\u53cd\u9988\uff1a58%\uff0c\u4e0a\u9650\uff1a100%\uff0c\u4e0b\u9650\uff1a55%\uff0c\u63a7\u5236\u8f93\u51fa\uff1a55.0%\u4e00\u671f2\u53f7\u98ce\u673a\u8fd0\u884c\uff0c\u53cd\u9988\uff1a58%\uff0c\u4e0a\u9650\uff1a100%\uff0c\u4e0b\u9650\uff1a55%\uff0c\u63a7\u5236\u8f93\u51fa\uff1a55.0%\u4e00\u671f3\u53f7\u98ce\u673a\u8fd0\u884c\uff0c\u53cd\u9988\uff1a58%\uff0c\u4e0a\u9650\uff1a100%\uff0c\u4e0b\u9650\uff1a55%\uff0c\u63a7\u5236\u8f93\u51fa\uff1a55.0%\u4e8c\u671f\u751f\u7269\u6c60#\u5b9e\u65f6\uff1a\u4e8c\u671f\u6eb6\u89e3\u6c27\uff1a2.48mg/L\uff0c\u76ee\u6807\u503c\uff1a2mg/L#\u4e8c\u671f1\u53f7\u98ce\u673a\u8fd0\u884c\uff0c\u53cd\u9988\uff1a75%\uff0c\u4e0a\u9650\uff1a98%\uff0c\u4e0b\u9650\uff1a55%\uff0c\u63a7\u5236\u8f93\u51fa\uff1a71.0%\u4e8c\u671f3\u53f7\u98ce\u673a\u8fd0\u884c\uff0c\u53cd\u9988\uff1a78%\uff0c\u4e0a\u9650\uff1a98%\uff0c\u4e0b\u9650\uff1a55%\uff0c\u63a7\u5236\u8f93\u51fa\uff1a74.0%\u4e8c\u671f6\u53f7\u98ce\u673a\u8fd0\u884c\uff0c\u53cd\u9988\uff1a78%\uff0c\u4e0a\u9650\uff1a98%\uff0c\u4e0b\u9650\uff1a55%\uff0c\u63a7\u5236\u8f93\u51fa\uff1a74.0%"}
2026-06-08 06:16:47,001 - MQTTClient - 177 - DEBUG - Message published (mid=19776)
2026-06-08 06:18:47,152 - MQTTClient - 99 - DEBUG - Published: Rpc/ - {"\u865a\u62df\u8bbe\u5907": {"\u4e00\u671f1\u53f7\u98ce\u673a\u542f\u505c": 1}}
2026-06-08 06:18:47,153 - MQTTClient - 177 - DEBUG - Message published (mid=19777)
2026-06-08 06:18:47,156 - MQTTClient - 177 - DEBUG - Message published (mid=19778)
2026-06-08 06:18:47,156 - MQTTClient - 99 - DEBUG - Published: Rpc/ - {"\u865a\u62df\u8bbe\u5907": {"\u4e00\u671f1\u53f7\u98ce\u673aSV\u503c": 55.0}}
2026-06-08 06:18:47,157 - MQTTClient - 99 - DEBUG - Published: Rpc/ - {"\u865a\u62df\u8bbe\u5907": {"\u4e00\u671f2\u53f7\u98ce\u673a\u542f\u505c": 1}}
2026-06-08 06:18:47,157 - MQTTClient - 177 - DEBUG - Message published (mid=19779)
2026-06-08 06:18:47,160 - MQTTClient - 177 - DEBUG - Message published (mid=19780)
2026-06-08 06:18:47,160 - MQTTClient - 99 - DEBUG - Published: Rpc/ - {"\u865a\u62df\u8bbe\u5907": {"\u4e00\u671f2\u53f7\u98ce\u673aSV\u503c": 55.0}}
2026-06-08 06:18:47,161 - MQTTClient - 99 - DEBUG - Published: Rpc/ - {"\u865a\u62df\u8bbe\u5907": {"\u4e00\u671f3\u53f7\u98ce\u673a\u542f\u505c": 1}}
2026-06-08 06:18:47,162 - MQTTClient - 177 - DEBUG - Message published (mid=19781)
2026-06-08 06:18:47,164 - MQTTClient - 99 - DEBUG - Published: Rpc/ - {"\u865a\u62df\u8bbe\u5907": {"\u4e00\u671f3\u53f7\u98ce\u673aSV\u503c": 55.0}}
2026-06-08 06:18:47,164 - MQTTClient - 177 - DEBUG - Message published (mid=19782)
2026-06-08 06:18:47,166 - MQTTClient - 99 - DEBUG - Published: Rpc/ - {"\u865a\u62df\u8bbe\u5907": {"\u4e8c\u671f1\u53f7\u98ce\u673a\u542f\u505c": 1}}
2026-06-08 06:18:47,167 - MQTTClient - 177 - DEBUG - Message published (mid=19783)
2026-06-08 06:18:47,170 - MQTTClient - 177 - DEBUG - Message published (mid=19784)
2026-06-08 06:18:47,170 - MQTTClient - 99 - DEBUG - Published: Rpc/ - {"\u865a\u62df\u8bbe\u5907": {"\u4e8c\u671f3\u53f7\u98ce\u673a\u542f\u505c": 1}}
2026-06-08 06:18:47,170 - MQTTClient - 99 - DEBUG - Published: Rpc/ - {"\u865a\u62df\u8bbe\u5907": {"\u4e8c\u671f1\u53f7\u98ce\u673aSV\u503c": 71.0}}
2026-06-08 06:18:47,172 - MQTTClient - 177 - DEBUG - Message published (mid=19785)
2026-06-08 06:18:47,178 - MQTTClient - 177 - DEBUG - Message published (mid=19786)
2026-06-08 06:18:47,178 - MQTTClient - 99 - DEBUG - Published: Rpc/ - {"\u865a\u62df\u8bbe\u5907": {"\u4e8c\u671f3\u53f7\u98ce\u673aSV\u503c": 74.0}}
2026-06-08 06:18:47,178 - MQTTClient - 99 - DEBUG - Published: Rpc/ - {"\u865a\u62df\u8bbe\u5907": {"\u4e8c\u671f6\u53f7\u98ce\u673a\u542f\u505c": 1}}
2026-06-08 06:18:47,179 - MQTTClient - 177 - DEBUG - Message published (mid=19787)
2026-06-08 06:18:47,184 - MQTTClient - 177 - DEBUG - Message published (mid=19788)
2026-06-08 06:18:47,186 - MQTTClient - 177 - DEBUG - Message published (mid=19789)
2026-06-08 06:18:47,187 - MQTTClient - 99 - DEBUG - Published: /idms/api/v1/createControlX - {"type": "\u66dd\u6c14\u667a\u80fd\u4f53", "time": "2026-06-08 06:18:47", "algorithmVersion": "v1.0.0", "controller": "\u9ec4\u5188AI\u7b97\u6cd5\u63a7\u5236", "outputCommand": "\u4e00\u671f\u751f\u7269\u6c60#\u5b9e\u65f6\uff1a\u4e00\u671f\u6eb6\u89e3\u6c27\uff1a3.36mg/L\uff0c\u76ee\u6807\u503c\uff1a2mg/L#\u4e00\u671f1\u53f7\u98ce\u673a\u8fd0\u884c\uff0c\u53cd\u9988\uff1a58%\uff0c\u4e0a\u9650\uff1a100%\uff0c\u4e0b\u9650\uff1a55%\uff0c\u63a7\u5236\u8f93\u51fa\uff1a55.0%\u4e00\u671f2\u53f7\u98ce\u673a\u8fd0\u884c\uff0c\u53cd\u9988\uff1a58%\uff0c\u4e0a\u9650\uff1a100%\uff0c\u4e0b\u9650\uff1a55%\uff0c\u63a7\u5236\u8f93\u51fa\uff1a55.0%\u4e00\u671f3\u53f7\u98ce\u673a\u8fd0\u884c\uff0c\u53cd\u9988\uff1a58%\uff0c\u4e0a\u9650\uff1a100%\uff0c\u4e0b\u9650\uff1a55%\uff0c\u63a7\u5236\u8f93\u51fa\uff1a55.0%\u4e8c\u671f\u751f\u7269\u6c60#\u5b9e\u65f6\uff1a\u4e8c\u671f\u6eb6\u89e3\u6c27\uff1a2.63mg/L\uff0c\u76ee\u6807\u503c\uff1a2mg/L#\u4e8c\u671f1\u53f7\u98ce\u673a\u8fd0\u884c\uff0c\u53cd\u9988\uff1a75%\uff0c\u4e0a\u9650\uff1a98%\uff0c\u4e0b\u9650\uff1a55%\uff0c\u63a7\u5236\u8f93\u51fa\uff1a71.0%\u4e8c\u671f3\u53f7\u98ce\u673a\u8fd0\u884c\uff0c\u53cd\u9988\uff1a78%\uff0c\u4e0a\u9650\uff1a98%\uff0c\u4e0b\u9650\uff1a55%\uff0c\u63a7\u5236\u8f93\u51fa\uff1a74.0%\u4e8c\u671f6\u53f7\u98ce\u673a\u8fd0\u884c\uff0c\u53cd\u9988\uff1a78%\uff0c\u4e0a\u9650\uff1a98%\uff0c\u4e0b\u9650\uff1a55%\uff0c\u63a7\u5236\u8f93\u51fa\uff1a74.0%"}
2026-06-08 06:18:47,188 - MQTTClient - 99 - DEBUG - Published: Rpc/ - {"\u865a\u62df\u8bbe\u5907": {"\u4e8c\u671f6\u53f7\u98ce\u673aSV\u503c": 74.0}}
2026-06-08 06:20:47,329 - MQTTClient - 177 - DEBUG - Message published (mid=19790)
2026-06-08 06:20:47,332 - MQTTClient - 99 - DEBUG - Published: Rpc/ - {"\u865a\u62df\u8bbe\u5907": {"\u4e00\u671f1\u53f7\u98ce\u673a\u542f\u505c": 1}}
2026-06-08 06:20:47,335 - MQTTClient - 99 - DEBUG - Published: Rpc/ - {"\u865a\u62df\u8bbe\u5907": {"\u4e00\u671f1\u53f7\u98ce\u673aSV\u503c": 60.0}}
2026-06-08 06:20:47,335 - MQTTClient - 177 - DEBUG - Message published (mid=19791)
2026-06-08 06:20:47,336 - MQTTClient - 99 - DEBUG - Published: Rpc/ - {"\u865a\u62df\u8bbe\u5907": {"\u4e00\u671f2\u53f7\u98ce\u673a\u542f\u505c": 1}}
2026-06-08 06:20:47,338 - MQTTClient - 177 - DEBUG - Message published (mid=19792)
2026-06-08 06:20:47,342 - MQTTClient - 99 - DEBUG - Published: Rpc/ - {"\u865a\u62df\u8bbe\u5907": {"\u4e00\u671f2\u53f7\u98ce\u673aSV\u503c": 60.0}}
2026-06-08 06:20:47,342 - MQTTClient - 177 - DEBUG - Message published (mid=19793)
2026-06-08 06:20:47,342 - MQTTClient - 99 - DEBUG - Published: Rpc/ - {"\u865a\u62df\u8bbe\u5907": {"\u4e00\u671f3\u53f7\u98ce\u673a\u542f\u505c": 1}}
2026-06-08 06:20:47,344 - MQTTClient - 177 - DEBUG - Message published (mid=19794)
2026-06-08 06:20:47,347 - MQTTClient - 177 - DEBUG - Message published (mid=19795)
2026-06-08 06:20:47,347 - MQTTClient - 99 - DEBUG - Published: Rpc/ - {"\u865a\u62df\u8bbe\u5907": {"\u4e8c\u671f1\u53f7\u98ce\u673a\u542f\u505c": 1}}
2026-06-08 06:20:47,347 - MQTTClient - 99 - DEBUG - Published: Rpc/ - {"\u865a\u62df\u8bbe\u5907": {"\u4e00\u671f3\u53f7\u98ce\u673aSV\u503c": 60.0}}
2026-06-08 06:20:47,348 - MQTTClient - 177 - DEBUG - Message published (mid=19796)
2026-06-08 06:20:47,352 - MQTTClient - 177 - DEBUG - Message published (mid=19797)
2026-06-08 06:20:47,352 - MQTTClient - 99 - DEBUG - Published: Rpc/ - {"\u865a\u62df\u8bbe\u5907": {"\u4e8c\u671f1\u53f7\u98ce\u673aSV\u503c": 71.0}}
2026-06-08 06:20:47,354 - MQTTClient - 177 - DEBUG - Message published (mid=19798)
2026-06-08 06:20:47,354 - MQTTClient - 99 - DEBUG - Published: Rpc/ - {"\u865a\u62df\u8bbe\u5907": {"\u4e8c\u671f3\u53f7\u98ce\u673a\u542f\u505c": 1}}
2026-06-08 06:20:47,359 - MQTTClient - 177 - DEBUG - Message published (mid=19799)
2026-06-08 06:20:47,359 - MQTTClient - 99 - DEBUG - Published: Rpc/ - {"\u865a\u62df\u8bbe\u5907": {"\u4e8c\u671f3\u53f7\u98ce\u673aSV\u503c": 74.0}}
2026-06-08 06:20:47,361 - MQTTClient - 99 - DEBUG - Published: Rpc/ - {"\u865a\u62df\u8bbe\u5907": {"\u4e8c\u671f6\u53f7\u98ce\u673a\u542f\u505c": 1}}
2026-06-08 06:20:47,362 - MQTTClient - 177 - DEBUG - Message published (mid=19800)
2026-06-08 06:20:47,366 - MQTTClient - 99 - DEBUG - Published: Rpc/ - {"\u865a\u62df\u8bbe\u5907": {"\u4e8c\u671f6\u53f7\u98ce\u673aSV\u503c": 74.0}}
2026-06-08 06:20:47,366 - MQTTClient - 177 - DEBUG - Message published (mid=19801)
2026-06-08 06:20:47,366 - MQTTClient - 99 - DEBUG - Published: /idms/api/v1/createControlX - {"type": "\u66dd\u6c14\u667a\u80fd\u4f53", "time": "2026-06-08 06:20:47", "algorithmVersion": "v1.0.0", "controller": "\u9ec4\u5188AI\u7b97\u6cd5\u63a7\u5236", "outputCommand": "\u4e00\u671f\u751f\u7269\u6c60#\u5b9e\u65f6\uff1a\u4e00\u671f\u6eb6\u89e3\u6c27\uff1a3.64mg/L\uff0c\u76ee\u6807\u503c\uff1a2mg/L#\u4e00\u671f1\u53f7\u98ce\u673a\u8fd0\u884c\uff0c\u53cd\u9988\uff1a58%\uff0c\u4e0a\u9650\uff1a100%\uff0c\u4e0b\u9650\uff1a55%\uff0c\u63a7\u5236\u8f93\u51fa\uff1a60.0%\u4e00\u671f2\u53f7\u98ce\u673a\u8fd0\u884c\uff0c\u53cd\u9988\uff1a58%\uff0c\u4e0a\u9650\uff1a100%\uff0c\u4e0b\u9650\uff1a55%\uff0c\u63a7\u5236\u8f93\u51fa\uff1a60.0%\u4e00\u671f3\u53f7\u98ce\u673a\u8fd0\u884c\uff0c\u53cd\u9988\uff1a58%\uff0c\u4e0a\u9650\uff1a100%\uff0c\u4e0b\u9650\uff1a55%\uff0c\u63a7\u5236\u8f93\u51fa\uff1a60.0%\u4e8c\u671f\u751f\u7269\u6c60#\u5b9e\u65f6\uff1a\u4e8c\u671f\u6eb6\u89e3\u6c27\uff1a2.43mg/L\uff0c\u76ee\u6807\u503c\uff1a2mg/L#\u4e8c\u671f1\u53f7\u98ce\u673a\u8fd0\u884c\uff0c\u53cd\u9988\uff1a75%\uff0c\u4e0a\u9650\uff1a98%\uff0c\u4e0b\u9650\uff1a55%\uff0c\u63a7\u5236\u8f93\u51fa\uff1a71.0%\u4e8c\u671f3\u53f7\u98ce\u673a\u8fd0\u884c\uff0c\u53cd\u9988\uff1a78%\uff0c\u4e0a\u9650\uff1a98%\uff0c\u4e0b\u9650\uff1a55%\uff0c\u63a7\u5236\u8f93\u51fa\uff1a74.0%\u4e8c\u671f6\u53f7\u98ce\u673a\u8fd0\u884c\uff0c\u53cd\u9988\uff1a78%\uff0c\u4e0a\u9650\uff1a98%\uff0c\u4e0b\u9650\uff1a55%\uff0c\u63a7\u5236\u8f93\u51fa\uff1a74.0%"}
2026-06-08 06:20:47,368 - MQTTClient - 177 - DEBUG - Message published (mid=19802)
2026-06-08 06:22:47,563 - MQTTClient - 177 - DEBUG - Message published (mid=19803)
2026-06-08 06:22:47,563 - MQTTClient - 99 - DEBUG - Published: Rpc/ - {"\u865a\u62df\u8bbe\u5907": {"\u4e00\u671f1\u53f7\u98ce\u673a\u542f\u505c": 1}}
2026-06-08 06:22:47,567 - MQTTClient - 177 - DEBUG - Message published (mid=19804)
2026-06-08 06:22:47,567 - MQTTClient - 99 - DEBUG - Published: Rpc/ - {"\u865a\u62df\u8bbe\u5907": {"\u4e00\u671f1\u53f7\u98ce\u673aSV\u503c": 60.0}}
2026-06-08 06:22:47,568 - MQTTClient - 99 - DEBUG - Published: Rpc/ - {"\u865a\u62df\u8bbe\u5907": {"\u4e00\u671f2\u53f7\u98ce\u673a\u542f\u505c": 1}}
2026-06-08 06:22:47,568 - MQTTClient - 177 - DEBUG - Message published (mid=19805)
2026-06-08 06:22:47,571 - MQTTClient - 177 - DEBUG - Message published (mid=19806)
2026-06-08 06:22:47,571 - MQTTClient - 99 - DEBUG - Published: Rpc/ - {"\u865a\u62df\u8bbe\u5907": {"\u4e00\u671f2\u53f7\u98ce\u673aSV\u503c": 60.0}}
2026-06-08 06:22:47,573 - MQTTClient - 177 - DEBUG - Message published (mid=19807)
2026-06-08 06:22:47,574 - MQTTClient - 99 - DEBUG - Published: Rpc/ - {"\u865a\u62df\u8bbe\u5907": {"\u4e00\u671f3\u53f7\u98ce\u673a\u542f\u505c": 1}}
2026-06-08 06:22:47,578 - MQTTClient - 99 - DEBUG - Published: Rpc/ - {"\u865a\u62df\u8bbe\u5907": {"\u4e00\u671f3\u53f7\u98ce\u673aSV\u503c": 60.0}}
2026-06-08 06:22:47,578 - MQTTClient - 177 - DEBUG - Message published (mid=19808)
2026-06-08 06:22:47,579 - MQTTClient - 99 - DEBUG - Published: Rpc/ - {"\u865a\u62df\u8bbe\u5907": {"\u4e8c\u671f1\u53f7\u98ce\u673a\u542f\u505c": 1}}
2026-06-08 06:22:47,580 - MQTTClient - 177 - DEBUG - Message published (mid=19809)
2026-06-08 06:22:47,584 - MQTTClient - 99 - DEBUG - Published: Rpc/ - {"\u865a\u62df\u8bbe\u5907": {"\u4e8c\u671f3\u53f7\u98ce\u673a\u542f\u505c": 1}}
2026-06-08 06:22:47,584 - MQTTClient - 177 - DEBUG - Message published (mid=19810)
2026-06-08 06:22:47,587 - MQTTClient - 177 - DEBUG - Message published (mid=19811)
2026-06-08 06:22:47,587 - MQTTClient - 99 - DEBUG - Published: Rpc/ - {"\u865a\u62df\u8bbe\u5907": {"\u4e8c\u671f6\u53f7\u98ce\u673a\u542f\u505c": 1}}
2026-06-08 06:22:47,593 - MQTTClient - 177 - DEBUG - Message published (mid=19812)
2026-06-08 06:22:47,593 - MQTTClient - 99 - DEBUG - Published: /idms/api/v1/createControlX - {"type": "\u66dd\u6c14\u667a\u80fd\u4f53", "time": "2026-06-08 06:22:47", "algorithmVersion": "v1.0.0", "controller": "\u9ec4\u5188AI\u7b97\u6cd5\u63a7\u5236", "outputCommand": "\u4e00\u671f\u751f\u7269\u6c60#\u5b9e\u65f6\uff1a\u4e00\u671f\u6eb6\u89e3\u6c27\uff1a3.97mg/L\uff0c\u76ee\u6807\u503c\uff1a2mg/L#\u4e00\u671f1\u53f7\u98ce\u673a\u8fd0\u884c\uff0c\u53cd\u9988\uff1a58%\uff0c\u4e0a\u9650\uff1a100%\uff0c\u4e0b\u9650\uff1a55%\uff0c\u63a7\u5236\u8f93\u51fa\uff1a60.0%\u4e00\u671f2\u53f7\u98ce\u673a\u8fd0\u884c\uff0c\u53cd\u9988\uff1a58%\uff0c\u4e0a\u9650\uff1a100%\uff0c\u4e0b\u9650\uff1a55%\uff0c\u63a7\u5236\u8f93\u51fa\uff1a60.0%\u4e00\u671f3\u53f7\u98ce\u673a\u8fd0\u884c\uff0c\u53cd\u9988\uff1a58%\uff0c\u4e0a\u9650\uff1a100%\uff0c\u4e0b\u9650\uff1a55%\uff0c\u63a7\u5236\u8f93\u51fa\uff1a60.0%\u4e8c\u671f\u751f\u7269\u6c60#\u5b9e\u65f6\uff1a\u4e8c\u671f\u6eb6\u89e3\u6c27\uff1a1.88mg/L\uff0c\u76ee\u6807\u503c\uff1a2mg/L#\u4e8c\u671f1\u53f7\u98ce\u673a\u8fd0\u884c\uff0c\u53cd\u9988\uff1a75%\uff0c\u4e0a\u9650\uff1a98%\uff0c\u4e0b\u9650\uff1a55%\uff0c\u63a7\u5236\u8f93\u51fa\uff1a75.0%\u4e8c\u671f3\u53f7\u98ce\u673a\u8fd0\u884c\uff0c\u53cd\u9988\uff1a78%\uff0c\u4e0a\u9650\uff1a98%\uff0c\u4e0b\u9650\uff1a55%\uff0c\u63a7\u5236\u8f93\u51fa\uff1a78.0%\u4e8c\u671f6\u53f7\u98ce\u673a\u8fd0\u884c\uff0c\u53cd\u9988\uff1a78%\uff0c\u4e0a\u9650\uff1a98%\uff0c\u4e0b\u9650\uff1a55%\uff0c\u63a7\u5236\u8f93\u51fa\uff1a78.0%"}
2026-06-08 06:24:47,722 - MQTTClient - 177 - DEBUG - Message published (mid=19813)
2026-06-08 06:24:47,722 - MQTTClient - 99 - DEBUG - Published: Rpc/ - {"\u865a\u62df\u8bbe\u5907": {"\u4e00\u671f1\u53f7\u98ce\u673a\u542f\u505c": 1}}
2026-06-08 06:24:47,725 - MQTTClient - 99 - DEBUG - Published: Rpc/ - {"\u865a\u62df\u8bbe\u5907": {"\u4e00\u671f1\u53f7\u98ce\u673aSV\u503c": 60.0}}
2026-06-08 06:24:47,725 - MQTTClient - 177 - DEBUG - Message published (mid=19814)
2026-06-08 06:24:47,726 - MQTTClient - 99 - DEBUG - Published: Rpc/ - {"\u865a\u62df\u8bbe\u5907": {"\u4e00\u671f2\u53f7\u98ce\u673a\u542f\u505c": 1}}
2026-06-08 06:24:47,727 - MQTTClient - 177 - DEBUG - Message published (mid=19815)
2026-06-08 06:24:47,728 - MQTTClient - 177 - DEBUG - Message published (mid=19816)
2026-06-08 06:24:47,729 - MQTTClient - 99 - DEBUG - Published: Rpc/ - {"\u865a\u62df\u8bbe\u5907": {"\u4e00\u671f3\u53f7\u98ce\u673a\u542f\u505c": 1}}
2026-06-08 06:24:47,729 - MQTTClient - 99 - DEBUG - Published: Rpc/ - {"\u865a\u62df\u8bbe\u5907": {"\u4e00\u671f2\u53f7\u98ce\u673aSV\u503c": 60.0}}
2026-06-08 06:24:47,730 - MQTTClient - 177 - DEBUG - Message published (mid=19817)
2026-06-08 06:24:47,735 - MQTTClient - 177 - DEBUG - Message published (mid=19818)
2026-06-08 06:24:47,736 - MQTTClient - 99 - DEBUG - Published: Rpc/ - {"\u865a\u62df\u8bbe\u5907": {"\u4e00\u671f3\u53f7\u98ce\u673aSV\u503c": 60.0}}
2026-06-08 06:24:47,737 - MQTTClient - 177 - DEBUG - Message published (mid=19819)
2026-06-08 06:24:47,737 - MQTTClient - 99 - DEBUG - Published: Rpc/ - {"\u865a\u62df\u8bbe\u5907": {"\u4e8c\u671f1\u53f7\u98ce\u673a\u542f\u505c": 1}}
2026-06-08 06:24:47,742 - MQTTClient - 177 - DEBUG - Message published (mid=19820)
2026-06-08 06:24:47,742 - MQTTClient - 99 - DEBUG - Published: Rpc/ - {"\u865a\u62df\u8bbe\u5907": {"\u4e8c\u671f1\u53f7\u98ce\u673aSV\u503c": 71.4}}
2026-06-08 06:24:47,742 - MQTTClient - 99 - DEBUG - Published: Rpc/ - {"\u865a\u62df\u8bbe\u5907": {"\u4e8c\u671f3\u53f7\u98ce\u673a\u542f\u505c": 1}}
2026-06-08 06:24:47,743 - MQTTClient - 177 - DEBUG - Message published (mid=19821)
2026-06-08 06:24:47,747 - MQTTClient - 177 - DEBUG - Message published (mid=19822)
2026-06-08 06:24:47,747 - MQTTClient - 99 - DEBUG - Published: Rpc/ - {"\u865a\u62df\u8bbe\u5907": {"\u4e8c\u671f6\u53f7\u98ce\u673a\u542f\u505c": 1}}
2026-06-08 06:24:47,747 - MQTTClient - 99 - DEBUG - Published: Rpc/ - {"\u865a\u62df\u8bbe\u5907": {"\u4e8c\u671f3\u53f7\u98ce\u673aSV\u503c": 74.4}}
2026-06-08 06:24:47,748 - MQTTClient - 177 - DEBUG - Message published (mid=19823)
2026-06-08 06:24:47,751 - MQTTClient - 99 - DEBUG - Published: Rpc/ - {"\u865a\u62df\u8bbe\u5907": {"\u4e8c\u671f6\u53f7\u98ce\u673aSV\u503c": 74.4}}
2026-06-08 06:24:47,751 - MQTTClient - 177 - DEBUG - Message published (mid=19824)
2026-06-08 06:24:47,752 - MQTTClient - 99 - DEBUG - Published: /idms/api/v1/createControlX - {"type": "\u66dd\u6c14\u667a\u80fd\u4f53", "time": "2026-06-08 06:24:47", "algorithmVersion": "v1.0.0", "controller": "\u9ec4\u5188AI\u7b97\u6cd5\u63a7\u5236", "outputCommand": "\u4e00\u671f\u751f\u7269\u6c60#\u5b9e\u65f6\uff1a\u4e00\u671f\u6eb6\u89e3\u6c27\uff1a4.11mg/L\uff0c\u76ee\u6807\u503c\uff1a2mg/L#\u4e00\u671f1\u53f7\u98ce\u673a\u8fd0\u884c\uff0c\u53cd\u9988\uff1a58%\uff0c\u4e0a\u9650\uff1a100%\uff0c\u4e0b\u9650\uff1a55%\uff0c\u63a7\u5236\u8f93\u51fa\uff1a60.0%\u4e00\u671f2\u53f7\u98ce\u673a\u8fd0\u884c\uff0c\u53cd\u9988\uff1a58%\uff0c\u4e0a\u9650\uff1a100%\uff0c\u4e0b\u9650\uff1a55%\uff0c\u63a7\u5236\u8f93\u51fa\uff1a60.0%\u4e00\u671f3\u53f7\u98ce\u673a\u8fd0\u884c\uff0c\u53cd\u9988\uff1a58%\uff0c\u4e0a\u9650\uff1a100%\uff0c\u4e0b\u9650\uff1a55%\uff0c\u63a7\u5236\u8f93\u51fa\uff1a60.0%\u4e8c\u671f\u751f\u7269\u6c60#\u5b9e\u65f6\uff1a\u4e8c\u671f\u6eb6\u89e3\u6c27\uff1a2.41mg/L\uff0c\u76ee\u6807\u503c\uff1a2mg/L#\u4e8c\u671f1\u53f7\u98ce\u673a\u8fd0\u884c\uff0c\u53cd\u9988\uff1a75%\uff0c\u4e0a\u9650\uff1a98%\uff0c\u4e0b\u9650\uff1a55%\uff0c\u63a7\u5236\u8f93\u51fa\uff1a71.4%\u4e8c\u671f3\u53f7\u98ce\u673a\u8fd0\u884c\uff0c\u53cd\u9988\uff1a78%\uff0c\u4e0a\u9650\uff1a98%\uff0c\u4e0b\u9650\uff1a55%\uff0c\u63a7\u5236\u8f93\u51fa\uff1a74.4%\u4e8c\u671f6\u53f7\u98ce\u673a\u8fd0\u884c\uff0c\u53cd\u9988\uff1a78%\uff0c\u4e0a\u9650\uff1a98%\uff0c\u4e0b\u9650\uff1a55%\uff0c\u63a7\u5236\u8f93\u51fa\uff1a74.4%"}
2026-06-08 06:24:47,754 - MQTTClient - 177 - DEBUG - Message published (mid=19825)
2026-06-08 06:26:47,912 - MQTTClient - 177 - DEBUG - Message published (mid=19826)
2026-06-08 06:26:47,912 - MQTTClient - 99 - DEBUG - Published: Rpc/ - {"\u865a\u62df\u8bbe\u5907": {"\u4e00\u671f1\u53f7\u98ce\u673a\u542f\u505c": 1}}
2026-06-08 06:26:47,917 - MQTTClient - 177 - DEBUG - Message published (mid=19827)
2026-06-08 06:26:47,917 - MQTTClient - 99 - DEBUG - Published: Rpc/ - {"\u865a\u62df\u8bbe\u5907": {"\u4e00\u671f2\u53f7\u98ce\u673a\u542f\u505c": 1}}
2026-06-08 06:26:47,917 - MQTTClient - 99 - DEBUG - Published: Rpc/ - {"\u865a\u62df\u8bbe\u5907": {"\u4e00\u671f1\u53f7\u98ce\u673aSV\u503c": 60.0}}
2026-06-08 06:26:47,918 - MQTTClient - 177 - DEBUG - Message published (mid=19828)
2026-06-08 06:26:47,923 - MQTTClient - 99 - DEBUG - Published: Rpc/ - {"\u865a\u62df\u8bbe\u5907": {"\u4e00\u671f2\u53f7\u98ce\u673aSV\u503c": 60.0}}
2026-06-08 06:26:47,923 - MQTTClient - 177 - DEBUG - Message published (mid=19829)
2026-06-08 06:26:47,924 - MQTTClient - 99 - DEBUG - Published: Rpc/ - {"\u865a\u62df\u8bbe\u5907": {"\u4e00\u671f3\u53f7\u98ce\u673a\u542f\u505c": 1}}
2026-06-08 06:26:47,925 - MQTTClient - 177 - DEBUG - Message published (mid=19830)
2026-06-08 06:26:47,928 - MQTTClient - 177 - DEBUG - Message published (mid=19831)
2026-06-08 06:26:47,929 - MQTTClient - 99 - DEBUG - Published: Rpc/ - {"\u865a\u62df\u8bbe\u5907": {"\u4e00\u671f3\u53f7\u98ce\u673aSV\u503c": 60.0}}
2026-06-08 06:26:47,931 - MQTTClient - 177 - DEBUG - Message published (mid=19832)
2026-06-08 06:26:47,931 - MQTTClient - 99 - DEBUG - Published: Rpc/ - {"\u865a\u62df\u8bbe\u5907": {"\u4e8c\u671f1\u53f7\u98ce\u673a\u542f\u505c": 1}}
2026-06-08 06:26:47,934 - MQTTClient - 99 - DEBUG - Published: Rpc/ - {"\u865a\u62df\u8bbe\u5907": {"\u4e8c\u671f1\u53f7\u98ce\u673aSV\u503c": 72.2}}
2026-06-08 06:26:47,935 - MQTTClient - 177 - DEBUG - Message published (mid=19833)
2026-06-08 06:26:47,935 - MQTTClient - 99 - DEBUG - Published: Rpc/ - {"\u865a\u62df\u8bbe\u5907": {"\u4e8c\u671f3\u53f7\u98ce\u673a\u542f\u505c": 1}}
2026-06-08 06:26:47,936 - MQTTClient - 177 - DEBUG - Message published (mid=19834)
2026-06-08 06:26:47,939 - MQTTClient - 177 - DEBUG - Message published (mid=19835)
2026-06-08 06:26:47,939 - MQTTClient - 99 - DEBUG - Published: Rpc/ - {"\u865a\u62df\u8bbe\u5907": {"\u4e8c\u671f6\u53f7\u98ce\u673a\u542f\u505c": 1}}
2026-06-08 06:26:47,939 - MQTTClient - 99 - DEBUG - Published: Rpc/ - {"\u865a\u62df\u8bbe\u5907": {"\u4e8c\u671f3\u53f7\u98ce\u673aSV\u503c": 75.2}}
2026-06-08 06:26:47,939 - MQTTClient - 177 - DEBUG - Message published (mid=19836)
2026-06-08 06:26:47,942 - MQTTClient - 177 - DEBUG - Message published (mid=19837)
2026-06-08 06:26:47,942 - MQTTClient - 99 - DEBUG - Published: /idms/api/v1/createControlX - {"type": "\u66dd\u6c14\u667a\u80fd\u4f53", "time": "2026-06-08 06:26:47", "algorithmVersion": "v1.0.0", "controller": "\u9ec4\u5188AI\u7b97\u6cd5\u63a7\u5236", "outputCommand": "\u4e00\u671f\u751f\u7269\u6c60#\u5b9e\u65f6\uff1a\u4e00\u671f\u6eb6\u89e3\u6c27\uff1a4.35mg/L\uff0c\u76ee\u6807\u503c\uff1a2mg/L#\u4e00\u671f1\u53f7\u98ce\u673a\u8fd0\u884c\uff0c\u53cd\u9988\uff1a58%\uff0c\u4e0a\u9650\uff1a100%\uff0c\u4e0b\u9650\uff1a55%\uff0c\u63a7\u5236\u8f93\u51fa\uff1a60.0%\u4e00\u671f2\u53f7\u98ce\u673a\u8fd0\u884c\uff0c\u53cd\u9988\uff1a58%\uff0c\u4e0a\u9650\uff1a100%\uff0c\u4e0b\u9650\uff1a55%\uff0c\u63a7\u5236\u8f93\u51fa\uff1a60.0%\u4e00\u671f3\u53f7\u98ce\u673a\u8fd0\u884c\uff0c\u53cd\u9988\uff1a58%\uff0c\u4e0a\u9650\uff1a100%\uff0c\u4e0b\u9650\uff1a55%\uff0c\u63a7\u5236\u8f93\u51fa\uff1a60.0%\u4e8c\u671f\u751f\u7269\u6c60#\u5b9e\u65f6\uff1a\u4e8c\u671f\u6eb6\u89e3\u6c27\uff1a2.25mg/L\uff0c\u76ee\u6807\u503c\uff1a2mg/L#\u4e8c\u671f1\u53f7\u98ce\u673a\u8fd0\u884c\uff0c\u53cd\u9988\uff1a75%\uff0c\u4e0a\u9650\uff1a98%\uff0c\u4e0b\u9650\uff1a55%\uff0c\u63a7\u5236\u8f93\u51fa\uff1a72.2%\u4e8c\u671f3\u53f7\u98ce\u673a\u8fd0\u884c\uff0c\u53cd\u9988\uff1a78%\uff0c\u4e0a\u9650\uff1a98%\uff0c\u4e0b\u9650\uff1a55%\uff0c\u63a7\u5236\u8f93\u51fa\uff1a75.2%\u4e8c\u671f6\u53f7\u98ce\u673a\u8fd0\u884c\uff0c\u53cd\u9988\uff1a78%\uff0c\u4e0a\u9650\uff1a98%\uff0c\u4e0b\u9650\uff1a55%\uff0c\u63a7\u5236\u8f93\u51fa\uff1a75.2%"}
2026-06-08 06:26:47,942 - MQTTClient - 99 - DEBUG - Published: Rpc/ - {"\u865a\u62df\u8bbe\u5907": {"\u4e8c\u671f6\u53f7\u98ce\u673aSV\u503c": 75.2}}
2026-06-08 06:26:47,943 - MQTTClient - 177 - DEBUG - Message published (mid=19838)
2026-06-08 06:28:48,063 - MQTTClient - 177 - DEBUG - Message published (mid=19839)
2026-06-08 06:28:48,063 - MQTTClient - 99 - DEBUG - Published: Rpc/ - {"\u865a\u62df\u8bbe\u5907": {"\u4e00\u671f1\u53f7\u98ce\u673a\u542f\u505c": 1}}
2026-06-08 06:28:48,065 - MQTTClient - 177 - DEBUG - Message published (mid=19840)
2026-06-08 06:28:48,065 - MQTTClient - 99 - DEBUG - Published: Rpc/ - {"\u865a\u62df\u8bbe\u5907": {"\u4e00\u671f1\u53f7\u98ce\u673aSV\u503c": 59.0}}
2026-06-08 06:28:48,065 - MQTTClient - 99 - DEBUG - Published: Rpc/ - {"\u865a\u62df\u8bbe\u5907": {"\u4e00\u671f2\u53f7\u98ce\u673a\u542f\u505c": 1}}
2026-06-08 06:28:48,066 - MQTTClient - 177 - DEBUG - Message published (mid=19841)
2026-06-08 06:28:48,069 - MQTTClient - 177 - DEBUG - Message published (mid=19842)
2026-06-08 06:28:48,069 - MQTTClient - 99 - DEBUG - Published: Rpc/ - {"\u865a\u62df\u8bbe\u5907": {"\u4e00\u671f2\u53f7\u98ce\u673aSV\u503c": 59.0}}
2026-06-08 06:28:48,070 - MQTTClient - 99 - DEBUG - Published: Rpc/ - {"\u865a\u62df\u8bbe\u5907": {"\u4e00\u671f3\u53f7\u98ce\u673a\u542f\u505c": 1}}
2026-06-08 06:28:48,070 - MQTTClient - 177 - DEBUG - Message published (mid=19843)
2026-06-08 06:28:48,073 - MQTTClient - 99 - DEBUG - Published: Rpc/ - {"\u865a\u62df\u8bbe\u5907": {"\u4e00\u671f3\u53f7\u98ce\u673aSV\u503c": 59.0}}
2026-06-08 06:28:48,073 - MQTTClient - 177 - DEBUG - Message published (mid=19844)
2026-06-08 06:28:48,074 - MQTTClient - 99 - DEBUG - Published: Rpc/ - {"\u865a\u62df\u8bbe\u5907": {"\u4e8c\u671f1\u53f7\u98ce\u673a\u542f\u505c": 1}}
2026-06-08 06:28:48,074 - MQTTClient - 177 - DEBUG - Message published (mid=19845)
2026-06-08 06:28:48,078 - MQTTClient - 177 - DEBUG - Message published (mid=19846)
2026-06-08 06:28:48,078 - MQTTClient - 99 - DEBUG - Published: Rpc/ - {"\u865a\u62df\u8bbe\u5907": {"\u4e8c\u671f3\u53f7\u98ce\u673a\u542f\u505c": 1}}
2026-06-08 06:28:48,078 - MQTTClient - 99 - DEBUG - Published: Rpc/ - {"\u865a\u62df\u8bbe\u5907": {"\u4e8c\u671f1\u53f7\u98ce\u673aSV\u503c": 71.0}}
2026-06-08 06:28:48,080 - MQTTClient - 177 - DEBUG - Message published (mid=19847)
2026-06-08 06:28:48,084 - MQTTClient - 177 - DEBUG - Message published (mid=19848)
2026-06-08 06:28:48,084 - MQTTClient - 99 - DEBUG - Published: Rpc/ - {"\u865a\u62df\u8bbe\u5907": {"\u4e8c\u671f3\u53f7\u98ce\u673aSV\u503c": 74.0}}
2026-06-08 06:28:48,085 - MQTTClient - 99 - DEBUG - Published: Rpc/ - {"\u865a\u62df\u8bbe\u5907": {"\u4e8c\u671f6\u53f7\u98ce\u673a\u542f\u505c": 1}}
2026-06-08 06:28:48,085 - MQTTClient - 177 - DEBUG - Message published (mid=19849)
2026-06-08 06:28:48,089 - MQTTClient - 99 - DEBUG - Published: Rpc/ - {"\u865a\u62df\u8bbe\u5907": {"\u4e8c\u671f6\u53f7\u98ce\u673aSV\u503c": 74.0}}
2026-06-08 06:28:48,090 - MQTTClient - 177 - DEBUG - Message published (mid=19850)
2026-06-08 06:28:48,093 - MQTTClient - 99 - DEBUG - Published: /idms/api/v1/createControlX - {"type": "\u66dd\u6c14\u667a\u80fd\u4f53", "time": "2026-06-08 06:28:48", "algorithmVersion": "v1.0.0", "controller": "\u9ec4\u5188AI\u7b97\u6cd5\u63a7\u5236", "outputCommand": "\u4e00\u671f\u751f\u7269\u6c60#\u5b9e\u65f6\uff1a\u4e00\u671f\u6eb6\u89e3\u6c27\uff1a4.48mg/L\uff0c\u76ee\u6807\u503c\uff1a2mg/L#\u4e00\u671f1\u53f7\u98ce\u673a\u8fd0\u884c\uff0c\u53cd\u9988\uff1a57%\uff0c\u4e0a\u9650\uff1a100%\uff0c\u4e0b\u9650\uff1a55%\uff0c\u63a7\u5236\u8f93\u51fa\uff1a59.0%\u4e00\u671f2\u53f7\u98ce\u673a\u8fd0\u884c\uff0c\u53cd\u9988\uff1a57%\uff0c\u4e0a\u9650\uff1a100%\uff0c\u4e0b\u9650\uff1a55%\uff0c\u63a7\u5236\u8f93\u51fa\uff1a59.0%\u4e00\u671f3\u53f7\u98ce\u673a\u8fd0\u884c\uff0c\u53cd\u9988\uff1a57%\uff0c\u4e0a\u9650\uff1a100%\uff0c\u4e0b\u9650\uff1a55%\uff0c\u63a7\u5236\u8f93\u51fa\uff1a59.0%\u4e8c\u671f\u751f\u7269\u6c60#\u5b9e\u65f6\uff1a\u4e8c\u671f\u6eb6\u89e3\u6c27\uff1a2.67mg/L\uff0c\u76ee\u6807\u503c\uff1a2mg/L#\u4e8c\u671f1\u53f7\u98ce\u673a\u8fd0\u884c\uff0c\u53cd\u9988\uff1a75%\uff0c\u4e0a\u9650\uff1a98%\uff0c\u4e0b\u9650\uff1a55%\uff0c\u63a7\u5236\u8f93\u51fa\uff1a71.0%\u4e8c\u671f3\u53f7\u98ce\u673a\u8fd0\u884c\uff0c\u53cd\u9988\uff1a78%\uff0c\u4e0a\u9650\uff1a98%\uff0c\u4e0b\u9650\uff1a55%\uff0c\u63a7\u5236\u8f93\u51fa\uff1a74.0%\u4e8c\u671f6\u53f7\u98ce\u673a\u8fd0\u884c\uff0c\u53cd\u9988\uff1a78%\uff0c\u4e0a\u9650\uff1a98%\uff0c\u4e0b\u9650\uff1a55%\uff0c\u63a7\u5236\u8f93\u51fa\uff1a74.0%"}
2026-06-08 06:28:48,093 - MQTTClient - 177 - DEBUG - Message published (mid=19851)
2026-06-08 06:30:48,251 - MQTTClient - 177 - DEBUG - Message published (mid=19852)
2026-06-08 06:30:48,251 - MQTTClient - 99 - DEBUG - Published: Rpc/ - {"\u865a\u62df\u8bbe\u5907": {"\u4e00\u671f1\u53f7\u98ce\u673a\u542f\u505c": 1}}
2026-06-08 06:30:48,255 - MQTTClient - 99 - DEBUG - Published: Rpc/ - {"\u865a\u62df\u8bbe\u5907": {"\u4e00\u671f1\u53f7\u98ce\u673aSV\u503c": 60.0}}
2026-06-08 06:30:48,255 - MQTTClient - 177 - DEBUG - Message published (mid=19853)
2026-06-08 06:30:48,255 - MQTTClient - 99 - DEBUG - Published: Rpc/ - {"\u865a\u62df\u8bbe\u5907": {"\u4e00\u671f2\u53f7\u98ce\u673a\u542f\u505c": 1}}
2026-06-08 06:30:48,258 - MQTTClient - 177 - DEBUG - Message published (mid=19854)
2026-06-08 06:30:48,261 - MQTTClient - 177 - DEBUG - Message published (mid=19855)
2026-06-08 06:30:48,261 - MQTTClient - 99 - DEBUG - Published: Rpc/ - {"\u865a\u62df\u8bbe\u5907": {"\u4e00\u671f2\u53f7\u98ce\u673aSV\u503c": 60.0}}
2026-06-08 06:30:48,262 - MQTTClient - 177 - DEBUG - Message published (mid=19856)
2026-06-08 06:30:48,262 - MQTTClient - 99 - DEBUG - Published: Rpc/ - {"\u865a\u62df\u8bbe\u5907": {"\u4e00\u671f3\u53f7\u98ce\u673a\u542f\u505c": 1}}
2026-06-08 06:30:48,283 - MQTTClient - 99 - DEBUG - Published: Rpc/ - {"\u865a\u62df\u8bbe\u5907": {"\u4e00\u671f3\u53f7\u98ce\u673aSV\u503c": 60.0}}
2026-06-08 06:30:48,283 - MQTTClient - 177 - DEBUG - Message published (mid=19857)
2026-06-08 06:30:48,284 - MQTTClient - 99 - DEBUG - Published: Rpc/ - {"\u865a\u62df\u8bbe\u5907": {"\u4e8c\u671f1\u53f7\u98ce\u673a\u542f\u505c": 1}}
2026-06-08 06:30:48,288 - MQTTClient - 177 - DEBUG - Message published (mid=19858)
2026-06-08 06:30:48,290 - MQTTClient - 177 - DEBUG - Message published (mid=19859)
2026-06-08 06:30:48,291 - MQTTClient - 99 - DEBUG - Published: Rpc/ - {"\u865a\u62df\u8bbe\u5907": {"\u4e8c\u671f3\u53f7\u98ce\u673a\u542f\u505c": 1}}
2026-06-08 06:30:48,291 - MQTTClient - 99 - DEBUG - Published: Rpc/ - {"\u865a\u62df\u8bbe\u5907": {"\u4e8c\u671f1\u53f7\u98ce\u673aSV\u503c": 71.0}}
2026-06-08 06:30:48,291 - MQTTClient - 177 - DEBUG - Message published (mid=19860)
2026-06-08 06:30:48,294 - MQTTClient - 177 - DEBUG - Message published (mid=19861)
2026-06-08 06:30:48,294 - MQTTClient - 99 - DEBUG - Published: Rpc/ - {"\u865a\u62df\u8bbe\u5907": {"\u4e8c\u671f3\u53f7\u98ce\u673aSV\u503c": 74.0}}
2026-06-08 06:30:48,295 - MQTTClient - 99 - DEBUG - Published: Rpc/ - {"\u865a\u62df\u8bbe\u5907": {"\u4e8c\u671f6\u53f7\u98ce\u673a\u542f\u505c": 1}}
2026-06-08 06:30:48,295 - MQTTClient - 177 - DEBUG - Message published (mid=19862)
2026-06-08 06:30:48,299 - MQTTClient - 177 - DEBUG - Message published (mid=19863)
2026-06-08 06:30:48,299 - MQTTClient - 99 - DEBUG - Published: Rpc/ - {"\u865a\u62df\u8bbe\u5907": {"\u4e8c\u671f6\u53f7\u98ce\u673aSV\u503c": 74.0}}
2026-06-08 06:30:48,299 - MQTTClient - 99 - DEBUG - Published: /idms/api/v1/createControlX - {"type": "\u66dd\u6c14\u667a\u80fd\u4f53", "time": "2026-06-08 06:30:48", "algorithmVersion": "v1.0.0", "controller": "\u9ec4\u5188AI\u7b97\u6cd5\u63a7\u5236", "outputCommand": "\u4e00\u671f\u751f\u7269\u6c60#\u5b9e\u65f6\uff1a\u4e00\u671f\u6eb6\u89e3\u6c27\uff1a4.44mg/L\uff0c\u76ee\u6807\u503c\uff1a2mg/L#\u4e00\u671f1\u53f7\u98ce\u673a\u8fd0\u884c\uff0c\u53cd\u9988\uff1a58%\uff0c\u4e0a\u9650\uff1a100%\uff0c\u4e0b\u9650\uff1a55%\uff0c\u63a7\u5236\u8f93\u51fa\uff1a60.0%\u4e00\u671f2\u53f7\u98ce\u673a\u8fd0\u884c\uff0c\u53cd\u9988\uff1a58%\uff0c\u4e0a\u9650\uff1a100%\uff0c\u4e0b\u9650\uff1a55%\uff0c\u63a7\u5236\u8f93\u51fa\uff1a60.0%\u4e00\u671f3\u53f7\u98ce\u673a\u8fd0\u884c\uff0c\u53cd\u9988\uff1a58%\uff0c\u4e0a\u9650\uff1a100%\uff0c\u4e0b\u9650\uff1a55%\uff0c\u63a7\u5236\u8f93\u51fa\uff1a60.0%\u4e8c\u671f\u751f\u7269\u6c60#\u5b9e\u65f6\uff1a\u4e8c\u671f\u6eb6\u89e3\u6c27\uff1a2.77mg/L\uff0c\u76ee\u6807\u503c\uff1a2mg/L#\u4e8c\u671f1\u53f7\u98ce\u673a\u8fd0\u884c\uff0c\u53cd\u9988\uff1a75%\uff0c\u4e0a\u9650\uff1a98%\uff0c\u4e0b\u9650\uff1a55%\uff0c\u63a7\u5236\u8f93\u51fa\uff1a71.0%\u4e8c\u671f3\u53f7\u98ce\u673a\u8fd0\u884c\uff0c\u53cd\u9988\uff1a78%\uff0c\u4e0a\u9650\uff1a98%\uff0c\u4e0b\u9650\uff1a55%\uff0c\u63a7\u5236\u8f93\u51fa\uff1a74.0%\u4e8c\u671f6\u53f7\u98ce\u673a\u8fd0\u884c\uff0c\u53cd\u9988\uff1a78%\uff0c\u4e0a\u9650\uff1a98%\uff0c\u4e0b\u9650\uff1a55%\uff0c\u63a7\u5236\u8f93\u51fa\uff1a74.0%"}
2026-06-08 06:30:48,300 - MQTTClient - 177 - DEBUG - Message published (mid=19864)
2026-06-08 06:32:48,490 - MQTTClient - 177 - DEBUG - Message published (mid=19865)
2026-06-08 06:32:48,491 - MQTTClient - 99 - DEBUG - Published: Rpc/ - {"\u865a\u62df\u8bbe\u5907": {"\u4e00\u671f1\u53f7\u98ce\u673a\u542f\u505c": 1}}
2026-06-08 06:32:48,495 - MQTTClient - 99 - DEBUG - Published: Rpc/ - {"\u865a\u62df\u8bbe\u5907": {"\u4e00\u671f1\u53f7\u98ce\u673aSV\u503c": 60.0}}
2026-06-08 06:32:48,495 - MQTTClient - 177 - DEBUG - Message published (mid=19866)
2026-06-08 06:32:48,497 - MQTTClient - 99 - DEBUG - Published: Rpc/ - {"\u865a\u62df\u8bbe\u5907": {"\u4e00\u671f2\u53f7\u98ce\u673a\u542f\u505c": 1}}
2026-06-08 06:32:48,497 - MQTTClient - 177 - DEBUG - Message published (mid=19867)
2026-06-08 06:32:48,500 - MQTTClient - 177 - DEBUG - Message published (mid=19868)
2026-06-08 06:32:48,501 - MQTTClient - 99 - DEBUG - Published: Rpc/ - {"\u865a\u62df\u8bbe\u5907": {"\u4e00\u671f2\u53f7\u98ce\u673aSV\u503c": 60.0}}
2026-06-08 06:32:48,501 - MQTTClient - 99 - DEBUG - Published: Rpc/ - {"\u865a\u62df\u8bbe\u5907": {"\u4e00\u671f3\u53f7\u98ce\u673a\u542f\u505c": 1}}
2026-06-08 06:32:48,502 - MQTTClient - 177 - DEBUG - Message published (mid=19869)
2026-06-08 06:32:48,506 - MQTTClient - 177 - DEBUG - Message published (mid=19870)
2026-06-08 06:32:48,506 - MQTTClient - 99 - DEBUG - Published: Rpc/ - {"\u865a\u62df\u8bbe\u5907": {"\u4e00\u671f3\u53f7\u98ce\u673aSV\u503c": 60.0}}
2026-06-08 06:32:48,507 - MQTTClient - 177 - DEBUG - Message published (mid=19871)
2026-06-08 06:32:48,507 - MQTTClient - 99 - DEBUG - Published: Rpc/ - {"\u865a\u62df\u8bbe\u5907": {"\u4e8c\u671f1\u53f7\u98ce\u673a\u542f\u505c": 1}}
2026-06-08 06:32:48,513 - MQTTClient - 99 - DEBUG - Published: Rpc/ - {"\u865a\u62df\u8bbe\u5907": {"\u4e8c\u671f1\u53f7\u98ce\u673aSV\u503c": 71.0}}
2026-06-08 06:32:48,513 - MQTTClient - 177 - DEBUG - Message published (mid=19872)
2026-06-08 06:32:48,513 - MQTTClient - 99 - DEBUG - Published: Rpc/ - {"\u865a\u62df\u8bbe\u5907": {"\u4e8c\u671f3\u53f7\u98ce\u673a\u542f\u505c": 1}}
2026-06-08 06:32:48,515 - MQTTClient - 177 - DEBUG - Message published (mid=19873)
2026-06-08 06:32:48,520 - MQTTClient - 177 - DEBUG - Message published (mid=19874)
2026-06-08 06:32:48,520 - MQTTClient - 99 - DEBUG - Published: Rpc/ - {"\u865a\u62df\u8bbe\u5907": {"\u4e8c\u671f3\u53f7\u98ce\u673aSV\u503c": 74.0}}
2026-06-08 06:32:48,520 - MQTTClient - 99 - DEBUG - Published: Rpc/ - {"\u865a\u62df\u8bbe\u5907": {"\u4e8c\u671f6\u53f7\u98ce\u673a\u542f\u505c": 1}}
2026-06-08 06:32:48,522 - MQTTClient - 177 - DEBUG - Message published (mid=19875)
2026-06-08 06:32:48,526 - MQTTClient - 99 - DEBUG - Published: Rpc/ - {"\u865a\u62df\u8bbe\u5907": {"\u4e8c\u671f6\u53f7\u98ce\u673aSV\u503c": 74.0}}
2026-06-08 06:32:48,527 - MQTTClient - 177 - DEBUG - Message published (mid=19876)
2026-06-08 06:32:48,527 - MQTTClient - 99 - DEBUG - Published: /idms/api/v1/createControlX - {"type": "\u66dd\u6c14\u667a\u80fd\u4f53", "time": "2026-06-08 06:32:48", "algorithmVersion": "v1.0.0", "controller": "\u9ec4\u5188AI\u7b97\u6cd5\u63a7\u5236", "outputCommand": "\u4e00\u671f\u751f\u7269\u6c60#\u5b9e\u65f6\uff1a\u4e00\u671f\u6eb6\u89e3\u6c27\uff1a4.41mg/L\uff0c\u76ee\u6807\u503c\uff1a2mg/L#\u4e00\u671f1\u53f7\u98ce\u673a\u8fd0\u884c\uff0c\u53cd\u9988\uff1a58%\uff0c\u4e0a\u9650\uff1a100%\uff0c\u4e0b\u9650\uff1a55%\uff0c\u63a7\u5236\u8f93\u51fa\uff1a60.0%\u4e00\u671f2\u53f7\u98ce\u673a\u8fd0\u884c\uff0c\u53cd\u9988\uff1a58%\uff0c\u4e0a\u9650\uff1a100%\uff0c\u4e0b\u9650\uff1a55%\uff0c\u63a7\u5236\u8f93\u51fa\uff1a60.0%\u4e00\u671f3\u53f7\u98ce\u673a\u8fd0\u884c\uff0c\u53cd\u9988\uff1a58%\uff0c\u4e0a\u9650\uff1a100%\uff0c\u4e0b\u9650\uff1a55%\uff0c\u63a7\u5236\u8f93\u51fa\uff1a60.0%\u4e8c\u671f\u751f\u7269\u6c60#\u5b9e\u65f6\uff1a\u4e8c\u671f\u6eb6\u89e3\u6c27\uff1a2.72mg/L\uff0c\u76ee\u6807\u503c\uff1a2mg/L#\u4e8c\u671f1\u53f7\u98ce\u673a\u8fd0\u884c\uff0c\u53cd\u9988\uff1a75%\uff0c\u4e0a\u9650\uff1a98%\uff0c\u4e0b\u9650\uff1a55%\uff0c\u63a7\u5236\u8f93\u51fa\uff1a71.0%\u4e8c\u671f3\u53f7\u98ce\u673a\u8fd0\u884c\uff0c\u53cd\u9988\uff1a78%\uff0c\u4e0a\u9650\uff1a98%\uff0c\u4e0b\u9650\uff1a55%\uff0c\u63a7\u5236\u8f93\u51fa\uff1a74.0%\u4e8c\u671f6\u53f7\u98ce\u673a\u8fd0\u884c\uff0c\u53cd\u9988\uff1a78%\uff0c\u4e0a\u9650\uff1a98%\uff0c\u4e0b\u9650\uff1a55%\uff0c\u63a7\u5236\u8f93\u51fa\uff1a74.0%"}
2026-06-08 06:32:48,529 - MQTTClient - 177 - DEBUG - Message published (mid=19877)
2026-06-08 06:34:48,704 - MQTTClient - 99 - DEBUG - Published: Rpc/ - {"\u865a\u62df\u8bbe\u5907": {"\u4e00\u671f1\u53f7\u98ce\u673a\u542f\u505c": 1}}
2026-06-08 06:34:48,704 - MQTTClient - 177 - DEBUG - Message published (mid=19878)
2026-06-08 06:34:48,706 - MQTTClient - 99 - DEBUG - Published: Rpc/ - {"\u865a\u62df\u8bbe\u5907": {"\u4e00\u671f1\u53f7\u98ce\u673aSV\u503c": 60.0}}
2026-06-08 06:34:48,706 - MQTTClient - 177 - DEBUG - Message published (mid=19879)
2026-06-08 06:34:48,708 - MQTTClient - 99 - DEBUG - Published: Rpc/ - {"\u865a\u62df\u8bbe\u5907": {"\u4e00\u671f2\u53f7\u98ce\u673a\u542f\u505c": 1}}
2026-06-08 06:34:48,709 - MQTTClient - 177 - DEBUG - Message published (mid=19880)
2026-06-08 06:34:48,711 - MQTTClient - 99 - DEBUG - Published: Rpc/ - {"\u865a\u62df\u8bbe\u5907": {"\u4e00\u671f2\u53f7\u98ce\u673aSV\u503c": 60.0}}
2026-06-08 06:34:48,711 - MQTTClient - 177 - DEBUG - Message published (mid=19881)
2026-06-08 06:34:48,712 - MQTTClient - 99 - DEBUG - Published: Rpc/ - {"\u865a\u62df\u8bbe\u5907": {"\u4e00\u671f3\u53f7\u98ce\u673a\u542f\u505c": 1}}
2026-06-08 06:34:48,713 - MQTTClient - 177 - DEBUG - Message published (mid=19882)
2026-06-08 06:34:48,716 - MQTTClient - 99 - DEBUG - Published: Rpc/ - {"\u865a\u62df\u8bbe\u5907": {"\u4e00\u671f3\u53f7\u98ce\u673aSV\u503c": 60.0}}
2026-06-08 06:34:48,716 - MQTTClient - 177 - DEBUG - Message published (mid=19883)
2026-06-08 06:34:48,717 - MQTTClient - 99 - DEBUG - Published: Rpc/ - {"\u865a\u62df\u8bbe\u5907": {"\u4e8c\u671f1\u53f7\u98ce\u673a\u542f\u505c": 1}}
2026-06-08 06:34:48,718 - MQTTClient - 177 - DEBUG - Message published (mid=19884)
2026-06-08 06:34:48,720 - MQTTClient - 177 - DEBUG - Message published (mid=19885)
2026-06-08 06:34:48,721 - MQTTClient - 99 - DEBUG - Published: Rpc/ - {"\u865a\u62df\u8bbe\u5907": {"\u4e8c\u671f1\u53f7\u98ce\u673aSV\u503c": 71.0}}
2026-06-08 06:34:48,722 - MQTTClient - 99 - DEBUG - Published: Rpc/ - {"\u865a\u62df\u8bbe\u5907": {"\u4e8c\u671f3\u53f7\u98ce\u673a\u542f\u505c": 1}}
2026-06-08 06:34:48,722 - MQTTClient - 177 - DEBUG - Message published (mid=19886)
2026-06-08 06:34:48,725 - MQTTClient - 99 - DEBUG - Published: Rpc/ - {"\u865a\u62df\u8bbe\u5907": {"\u4e8c\u671f3\u53f7\u98ce\u673aSV\u503c": 74.0}}
2026-06-08 06:34:48,725 - MQTTClient - 177 - DEBUG - Message published (mid=19887)
2026-06-08 06:34:48,726 - MQTTClient - 99 - DEBUG - Published: Rpc/ - {"\u865a\u62df\u8bbe\u5907": {"\u4e8c\u671f6\u53f7\u98ce\u673a\u542f\u505c": 1}}
2026-06-08 06:34:48,727 - MQTTClient - 177 - DEBUG - Message published (mid=19888)
2026-06-08 06:34:48,729 - MQTTClient - 99 - DEBUG - Published: Rpc/ - {"\u865a\u62df\u8bbe\u5907": {"\u4e8c\u671f6\u53f7\u98ce\u673aSV\u503c": 74.0}}
2026-06-08 06:34:48,729 - MQTTClient - 177 - DEBUG - Message published (mid=19889)
2026-06-08 06:34:48,730 - MQTTClient - 99 - DEBUG - Published: /idms/api/v1/createControlX - {"type": "\u66dd\u6c14\u667a\u80fd\u4f53", "time": "2026-06-08 06:34:48", "algorithmVersion": "v1.0.0", "controller": "\u9ec4\u5188AI\u7b97\u6cd5\u63a7\u5236", "outputCommand": "\u4e00\u671f\u751f\u7269\u6c60#\u5b9e\u65f6\uff1a\u4e00\u671f\u6eb6\u89e3\u6c27\uff1a4.23mg/L\uff0c\u76ee\u6807\u503c\uff1a2mg/L#\u4e00\u671f1\u53f7\u98ce\u673a\u8fd0\u884c\uff0c\u53cd\u9988\uff1a58%\uff0c\u4e0a\u9650\uff1a100%\uff0c\u4e0b\u9650\uff1a55%\uff0c\u63a7\u5236\u8f93\u51fa\uff1a60.0%\u4e00\u671f2\u53f7\u98ce\u673a\u8fd0\u884c\uff0c\u53cd\u9988\uff1a58%\uff0c\u4e0a\u9650\uff1a100%\uff0c\u4e0b\u9650\uff1a55%\uff0c\u63a7\u5236\u8f93\u51fa\uff1a60.0%\u4e00\u671f3\u53f7\u98ce\u673a\u8fd0\u884c\uff0c\u53cd\u9988\uff1a58%\uff0c\u4e0a\u9650\uff1a100%\uff0c\u4e0b\u9650\uff1a55%\uff0c\u63a7\u5236\u8f93\u51fa\uff1a60.0%\u4e8c\u671f\u751f\u7269\u6c60#\u5b9e\u65f6\uff1a\u4e8c\u671f\u6eb6\u89e3\u6c27\uff1a2.53mg/L\uff0c\u76ee\u6807\u503c\uff1a2mg/L#\u4e8c\u671f1\u53f7\u98ce\u673a\u8fd0\u884c\uff0c\u53cd\u9988\uff1a75%\uff0c\u4e0a\u9650\uff1a98%\uff0c\u4e0b\u9650\uff1a55%\uff0c\u63a7\u5236\u8f93\u51fa\uff1a71.0%\u4e8c\u671f3\u53f7\u98ce\u673a\u8fd0\u884c\uff0c\u53cd\u9988\uff1a78%\uff0c\u4e0a\u9650\uff1a98%\uff0c\u4e0b\u9650\uff1a55%\uff0c\u63a7\u5236\u8f93\u51fa\uff1a74.0%\u4e8c\u671f6\u53f7\u98ce\u673a\u8fd0\u884c\uff0c\u53cd\u9988\uff1a78%\uff0c\u4e0a\u9650\uff1a98%\uff0c\u4e0b\u9650\uff1a55%\uff0c\u63a7\u5236\u8f93\u51fa\uff1a74.0%"}
2026-06-08 06:34:48,731 - MQTTClient - 177 - DEBUG - Message published (mid=19890)
2026-06-08 06:36:48,873 - MQTTClient - 177 - DEBUG - Message published (mid=19891)
2026-06-08 06:36:48,873 - MQTTClient - 99 - DEBUG - Published: Rpc/ - {"\u865a\u62df\u8bbe\u5907": {"\u4e00\u671f1\u53f7\u98ce\u673a\u542f\u505c": 1}}
2026-06-08 06:36:48,877 - MQTTClient - 177 - DEBUG - Message published (mid=19892)
2026-06-08 06:36:48,877 - MQTTClient - 99 - DEBUG - Published: Rpc/ - {"\u865a\u62df\u8bbe\u5907": {"\u4e00\u671f1\u53f7\u98ce\u673aSV\u503c": 60.0}}
2026-06-08 06:36:48,878 - MQTTClient - 99 - DEBUG - Published: Rpc/ - {"\u865a\u62df\u8bbe\u5907": {"\u4e00\u671f2\u53f7\u98ce\u673a\u542f\u505c": 1}}
2026-06-08 06:36:48,878 - MQTTClient - 177 - DEBUG - Message published (mid=19893)
2026-06-08 06:36:48,881 - MQTTClient - 99 - DEBUG - Published: Rpc/ - {"\u865a\u62df\u8bbe\u5907": {"\u4e00\u671f2\u53f7\u98ce\u673aSV\u503c": 60.0}}
2026-06-08 06:36:48,882 - MQTTClient - 177 - DEBUG - Message published (mid=19894)
2026-06-08 06:36:48,882 - MQTTClient - 99 - DEBUG - Published: Rpc/ - {"\u865a\u62df\u8bbe\u5907": {"\u4e00\u671f3\u53f7\u98ce\u673a\u542f\u505c": 1}}
2026-06-08 06:36:48,883 - MQTTClient - 177 - DEBUG - Message published (mid=19895)
2026-06-08 06:36:48,885 - MQTTClient - 99 - DEBUG - Published: Rpc/ - {"\u865a\u62df\u8bbe\u5907": {"\u4e00\u671f3\u53f7\u98ce\u673aSV\u503c": 60.0}}
2026-06-08 06:36:48,886 - MQTTClient - 177 - DEBUG - Message published (mid=19896)
2026-06-08 06:36:48,886 - MQTTClient - 99 - DEBUG - Published: Rpc/ - {"\u865a\u62df\u8bbe\u5907": {"\u4e8c\u671f1\u53f7\u98ce\u673a\u542f\u505c": 1}}
2026-06-08 06:36:48,887 - MQTTClient - 177 - DEBUG - Message published (mid=19897)
2026-06-08 06:36:48,893 - MQTTClient - 99 - DEBUG - Published: Rpc/ - {"\u865a\u62df\u8bbe\u5907": {"\u4e8c\u671f3\u53f7\u98ce\u673a\u542f\u505c": 1}}
2026-06-08 06:36:48,893 - MQTTClient - 177 - DEBUG - Message published (mid=19898)
2026-06-08 06:36:48,893 - MQTTClient - 99 - DEBUG - Published: Rpc/ - {"\u865a\u62df\u8bbe\u5907": {"\u4e8c\u671f1\u53f7\u98ce\u673aSV\u503c": 73.6}}
2026-06-08 06:36:48,895 - MQTTClient - 177 - DEBUG - Message published (mid=19899)
2026-06-08 06:36:48,897 - MQTTClient - 99 - DEBUG - Published: Rpc/ - {"\u865a\u62df\u8bbe\u5907": {"\u4e8c\u671f3\u53f7\u98ce\u673aSV\u503c": 76.6}}
2026-06-08 06:36:48,899 - MQTTClient - 177 - DEBUG - Message published (mid=19900)
2026-06-08 06:36:48,901 - MQTTClient - 177 - DEBUG - Message published (mid=19901)
2026-06-08 06:36:48,902 - MQTTClient - 99 - DEBUG - Published: Rpc/ - {"\u865a\u62df\u8bbe\u5907": {"\u4e8c\u671f6\u53f7\u98ce\u673a\u542f\u505c": 1}}
2026-06-08 06:36:48,907 - MQTTClient - 99 - DEBUG - Published: Rpc/ - {"\u865a\u62df\u8bbe\u5907": {"\u4e8c\u671f6\u53f7\u98ce\u673aSV\u503c": 76.6}}
2026-06-08 06:36:48,908 - MQTTClient - 177 - DEBUG - Message published (mid=19902)
2026-06-08 06:36:48,908 - MQTTClient - 99 - DEBUG - Published: /idms/api/v1/createControlX - {"type": "\u66dd\u6c14\u667a\u80fd\u4f53", "time": "2026-06-08 06:36:48", "algorithmVersion": "v1.0.0", "controller": "\u9ec4\u5188AI\u7b97\u6cd5\u63a7\u5236", "outputCommand": "\u4e00\u671f\u751f\u7269\u6c60#\u5b9e\u65f6\uff1a\u4e00\u671f\u6eb6\u89e3\u6c27\uff1a4.22mg/L\uff0c\u76ee\u6807\u503c\uff1a2mg/L#\u4e00\u671f1\u53f7\u98ce\u673a\u8fd0\u884c\uff0c\u53cd\u9988\uff1a58%\uff0c\u4e0a\u9650\uff1a100%\uff0c\u4e0b\u9650\uff1a55%\uff0c\u63a7\u5236\u8f93\u51fa\uff1a60.0%\u4e00\u671f2\u53f7\u98ce\u673a\u8fd0\u884c\uff0c\u53cd\u9988\uff1a58%\uff0c\u4e0a\u9650\uff1a100%\uff0c\u4e0b\u9650\uff1a55%\uff0c\u63a7\u5236\u8f93\u51fa\uff1a60.0%\u4e00\u671f3\u53f7\u98ce\u673a\u8fd0\u884c\uff0c\u53cd\u9988\uff1a58%\uff0c\u4e0a\u9650\uff1a100%\uff0c\u4e0b\u9650\uff1a55%\uff0c\u63a7\u5236\u8f93\u51fa\uff1a60.0%\u4e8c\u671f\u751f\u7269\u6c60#\u5b9e\u65f6\uff1a\u4e8c\u671f\u6eb6\u89e3\u6c27\uff1a2.12mg/L\uff0c\u76ee\u6807\u503c\uff1a2mg/L#\u4e8c\u671f1\u53f7\u98ce\u673a\u8fd0\u884c\uff0c\u53cd\u9988\uff1a75%\uff0c\u4e0a\u9650\uff1a98%\uff0c\u4e0b\u9650\uff1a55%\uff0c\u63a7\u5236\u8f93\u51fa\uff1a73.6%\u4e8c\u671f3\u53f7\u98ce\u673a\u8fd0\u884c\uff0c\u53cd\u9988\uff1a78%\uff0c\u4e0a\u9650\uff1a98%\uff0c\u4e0b\u9650\uff1a55%\uff0c\u63a7\u5236\u8f93\u51fa\uff1a76.6%\u4e8c\u671f6\u53f7\u98ce\u673a\u8fd0\u884c\uff0c\u53cd\u9988\uff1a78%\uff0c\u4e0a\u9650\uff1a98%\uff0c\u4e0b\u9650\uff1a55%\uff0c\u63a7\u5236\u8f93\u51fa\uff1a76.6%"}
2026-06-08 06:36:48,910 - MQTTClient - 177 - DEBUG - Message published (mid=19903)
2026-06-08 06:38:49,083 - MQTTClient - 177 - DEBUG - Message published (mid=19904)
2026-06-08 06:38:49,083 - MQTTClient - 99 - DEBUG - Published: Rpc/ - {"\u865a\u62df\u8bbe\u5907": {"\u4e00\u671f1\u53f7\u98ce\u673a\u542f\u505c": 1}}
2026-06-08 06:38:49,086 - MQTTClient - 99 - DEBUG - Published: Rpc/ - {"\u865a\u62df\u8bbe\u5907": {"\u4e00\u671f1\u53f7\u98ce\u673aSV\u503c": 60.0}}
2026-06-08 06:38:49,086 - MQTTClient - 177 - DEBUG - Message published (mid=19905)
2026-06-08 06:38:49,087 - MQTTClient - 99 - DEBUG - Published: Rpc/ - {"\u865a\u62df\u8bbe\u5907": {"\u4e00\u671f2\u53f7\u98ce\u673a\u542f\u505c": 1}}
2026-06-08 06:38:49,089 - MQTTClient - 177 - DEBUG - Message published (mid=19906)
2026-06-08 06:38:49,093 - MQTTClient - 177 - DEBUG - Message published (mid=19907)
2026-06-08 06:38:49,093 - MQTTClient - 99 - DEBUG - Published: Rpc/ - {"\u865a\u62df\u8bbe\u5907": {"\u4e00\u671f2\u53f7\u98ce\u673aSV\u503c": 60.0}}
2026-06-08 06:38:49,095 - MQTTClient - 99 - DEBUG - Published: Rpc/ - {"\u865a\u62df\u8bbe\u5907": {"\u4e00\u671f3\u53f7\u98ce\u673a\u542f\u505c": 1}}
2026-06-08 06:38:49,095 - MQTTClient - 177 - DEBUG - Message published (mid=19908)
2026-06-08 06:38:49,100 - MQTTClient - 177 - DEBUG - Message published (mid=19909)
2026-06-08 06:38:49,101 - MQTTClient - 99 - DEBUG - Published: Rpc/ - {"\u865a\u62df\u8bbe\u5907": {"\u4e00\u671f3\u53f7\u98ce\u673aSV\u503c": 60.0}}
2026-06-08 06:38:49,103 - MQTTClient - 177 - DEBUG - Message published (mid=19910)
2026-06-08 06:38:49,103 - MQTTClient - 99 - DEBUG - Published: Rpc/ - {"\u865a\u62df\u8bbe\u5907": {"\u4e8c\u671f1\u53f7\u98ce\u673a\u542f\u505c": 1}}
2026-06-08 06:38:49,107 - MQTTClient - 177 - DEBUG - Message published (mid=19911)
2026-06-08 06:38:49,108 - MQTTClient - 99 - DEBUG - Published: Rpc/ - {"\u865a\u62df\u8bbe\u5907": {"\u4e8c\u671f1\u53f7\u98ce\u673aSV\u503c": 71.0}}
2026-06-08 06:38:49,109 - MQTTClient - 177 - DEBUG - Message published (mid=19912)
2026-06-08 06:38:49,109 - MQTTClient - 99 - DEBUG - Published: Rpc/ - {"\u865a\u62df\u8bbe\u5907": {"\u4e8c\u671f3\u53f7\u98ce\u673a\u542f\u505c": 1}}
2026-06-08 06:38:49,113 - MQTTClient - 99 - DEBUG - Published: Rpc/ - {"\u865a\u62df\u8bbe\u5907": {"\u4e8c\u671f3\u53f7\u98ce\u673aSV\u503c": 74.0}}
2026-06-08 06:38:49,113 - MQTTClient - 177 - DEBUG - Message published (mid=19913)
2026-06-08 06:38:49,114 - MQTTClient - 99 - DEBUG - Published: Rpc/ - {"\u865a\u62df\u8bbe\u5907": {"\u4e8c\u671f6\u53f7\u98ce\u673a\u542f\u505c": 1}}
2026-06-08 06:38:49,116 - MQTTClient - 177 - DEBUG - Message published (mid=19914)
2026-06-08 06:38:49,120 - MQTTClient - 177 - DEBUG - Message published (mid=19915)
2026-06-08 06:38:49,120 - MQTTClient - 99 - DEBUG - Published: Rpc/ - {"\u865a\u62df\u8bbe\u5907": {"\u4e8c\u671f6\u53f7\u98ce\u673aSV\u503c": 74.0}}
2026-06-08 06:38:49,122 - MQTTClient - 177 - DEBUG - Message published (mid=19916)
2026-06-08 06:38:49,123 - MQTTClient - 99 - DEBUG - Published: /idms/api/v1/createControlX - {"type": "\u66dd\u6c14\u667a\u80fd\u4f53", "time": "2026-06-08 06:38:49", "algorithmVersion": "v1.0.0", "controller": "\u9ec4\u5188AI\u7b97\u6cd5\u63a7\u5236", "outputCommand": "\u4e00\u671f\u751f\u7269\u6c60#\u5b9e\u65f6\uff1a\u4e00\u671f\u6eb6\u89e3\u6c27\uff1a4.03mg/L\uff0c\u76ee\u6807\u503c\uff1a2mg/L#\u4e00\u671f1\u53f7\u98ce\u673a\u8fd0\u884c\uff0c\u53cd\u9988\uff1a58%\uff0c\u4e0a\u9650\uff1a100%\uff0c\u4e0b\u9650\uff1a55%\uff0c\u63a7\u5236\u8f93\u51fa\uff1a60.0%\u4e00\u671f2\u53f7\u98ce\u673a\u8fd0\u884c\uff0c\u53cd\u9988\uff1a58%\uff0c\u4e0a\u9650\uff1a100%\uff0c\u4e0b\u9650\uff1a55%\uff0c\u63a7\u5236\u8f93\u51fa\uff1a60.0%\u4e00\u671f3\u53f7\u98ce\u673a\u8fd0\u884c\uff0c\u53cd\u9988\uff1a58%\uff0c\u4e0a\u9650\uff1a100%\uff0c\u4e0b\u9650\uff1a55%\uff0c\u63a7\u5236\u8f93\u51fa\uff1a60.0%\u4e8c\u671f\u751f\u7269\u6c60#\u5b9e\u65f6\uff1a\u4e8c\u671f\u6eb6\u89e3\u6c27\uff1a2.43mg/L\uff0c\u76ee\u6807\u503c\uff1a2mg/L#\u4e8c\u671f1\u53f7\u98ce\u673a\u8fd0\u884c\uff0c\u53cd\u9988\uff1a75%\uff0c\u4e0a\u9650\uff1a98%\uff0c\u4e0b\u9650\uff1a55%\uff0c\u63a7\u5236\u8f93\u51fa\uff1a71.0%\u4e8c\u671f3\u53f7\u98ce\u673a\u8fd0\u884c\uff0c\u53cd\u9988\uff1a78%\uff0c\u4e0a\u9650\uff1a98%\uff0c\u4e0b\u9650\uff1a55%\uff0c\u63a7\u5236\u8f93\u51fa\uff1a74.0%\u4e8c\u671f6\u53f7\u98ce\u673a\u8fd0\u884c\uff0c\u53cd\u9988\uff1a78%\uff0c\u4e0a\u9650\uff1a98%\uff0c\u4e0b\u9650\uff1a55%\uff0c\u63a7\u5236\u8f93\u51fa\uff1a74.0%"}
2026-06-08 06:40:49,300 - MQTTClient - 99 - DEBUG - Published: Rpc/ - {"\u865a\u62df\u8bbe\u5907": {"\u4e00\u671f1\u53f7\u98ce\u673a\u542f\u505c": 1}}
2026-06-08 06:40:49,300 - MQTTClient - 177 - DEBUG - Message published (mid=19917)
2026-06-08 06:40:49,303 - MQTTClient - 177 - DEBUG - Message published (mid=19918)
2026-06-08 06:40:49,303 - MQTTClient - 99 - DEBUG - Published: Rpc/ - {"\u865a\u62df\u8bbe\u5907": {"\u4e00\u671f1\u53f7\u98ce\u673aSV\u503c": 62.0}}
2026-06-08 06:40:49,305 - MQTTClient - 177 - DEBUG - Message published (mid=19919)
2026-06-08 06:40:49,306 - MQTTClient - 99 - DEBUG - Published: Rpc/ - {"\u865a\u62df\u8bbe\u5907": {"\u4e00\u671f2\u53f7\u98ce\u673a\u542f\u505c": 1}}
2026-06-08 06:40:49,312 - MQTTClient - 177 - DEBUG - Message published (mid=19920)
2026-06-08 06:40:49,313 - MQTTClient - 99 - DEBUG - Published: Rpc/ - {"\u865a\u62df\u8bbe\u5907": {"\u4e00\u671f2\u53f7\u98ce\u673aSV\u503c": 62.0}}
2026-06-08 06:40:49,314 - MQTTClient - 177 - DEBUG - Message published (mid=19921)
2026-06-08 06:40:49,314 - MQTTClient - 99 - DEBUG - Published: Rpc/ - {"\u865a\u62df\u8bbe\u5907": {"\u4e00\u671f3\u53f7\u98ce\u673a\u542f\u505c": 1}}
2026-06-08 06:40:49,319 - MQTTClient - 177 - DEBUG - Message published (mid=19922)
2026-06-08 06:40:49,319 - MQTTClient - 99 - DEBUG - Published: Rpc/ - {"\u865a\u62df\u8bbe\u5907": {"\u4e00\u671f3\u53f7\u98ce\u673aSV\u503c": 62.0}}
2026-06-08 06:40:49,320 - MQTTClient - 99 - DEBUG - Published: Rpc/ - {"\u865a\u62df\u8bbe\u5907": {"\u4e8c\u671f1\u53f7\u98ce\u673a\u542f\u505c": 1}}
2026-06-08 06:40:49,320 - MQTTClient - 177 - DEBUG - Message published (mid=19923)
2026-06-08 06:40:49,324 - MQTTClient - 177 - DEBUG - Message published (mid=19924)
2026-06-08 06:40:49,324 - MQTTClient - 99 - DEBUG - Published: Rpc/ - {"\u865a\u62df\u8bbe\u5907": {"\u4e8c\u671f3\u53f7\u98ce\u673a\u542f\u505c": 1}}
2026-06-08 06:40:49,324 - MQTTClient - 99 - DEBUG - Published: Rpc/ - {"\u865a\u62df\u8bbe\u5907": {"\u4e8c\u671f1\u53f7\u98ce\u673aSV\u503c": 71.0}}
2026-06-08 06:40:49,326 - MQTTClient - 177 - DEBUG - Message published (mid=19925)
2026-06-08 06:40:49,328 - MQTTClient - 99 - DEBUG - Published: Rpc/ - {"\u865a\u62df\u8bbe\u5907": {"\u4e8c\u671f3\u53f7\u98ce\u673aSV\u503c": 74.0}}
2026-06-08 06:40:49,329 - MQTTClient - 177 - DEBUG - Message published (mid=19926)
2026-06-08 06:40:49,329 - MQTTClient - 99 - DEBUG - Published: Rpc/ - {"\u865a\u62df\u8bbe\u5907": {"\u4e8c\u671f6\u53f7\u98ce\u673a\u542f\u505c": 1}}
2026-06-08 06:40:49,330 - MQTTClient - 177 - DEBUG - Message published (mid=19927)
2026-06-08 06:40:49,332 - MQTTClient - 99 - DEBUG - Published: Rpc/ - {"\u865a\u62df\u8bbe\u5907": {"\u4e8c\u671f6\u53f7\u98ce\u673aSV\u503c": 74.0}}
2026-06-08 06:40:49,332 - MQTTClient - 177 - DEBUG - Message published (mid=19928)
2026-06-08 06:40:49,333 - MQTTClient - 99 - DEBUG - Published: /idms/api/v1/createControlX - {"type": "\u66dd\u6c14\u667a\u80fd\u4f53", "time": "2026-06-08 06:40:49", "algorithmVersion": "v1.0.0", "controller": "\u9ec4\u5188AI\u7b97\u6cd5\u63a7\u5236", "outputCommand": "\u4e00\u671f\u751f\u7269\u6c60#\u5b9e\u65f6\uff1a\u4e00\u671f\u6eb6\u89e3\u6c27\uff1a3.92mg/L\uff0c\u76ee\u6807\u503c\uff1a2mg/L#\u4e00\u671f1\u53f7\u98ce\u673a\u8fd0\u884c\uff0c\u53cd\u9988\uff1a60%\uff0c\u4e0a\u9650\uff1a100%\uff0c\u4e0b\u9650\uff1a55%\uff0c\u63a7\u5236\u8f93\u51fa\uff1a62.0%\u4e00\u671f2\u53f7\u98ce\u673a\u8fd0\u884c\uff0c\u53cd\u9988\uff1a60%\uff0c\u4e0a\u9650\uff1a100%\uff0c\u4e0b\u9650\uff1a55%\uff0c\u63a7\u5236\u8f93\u51fa\uff1a62.0%\u4e00\u671f3\u53f7\u98ce\u673a\u8fd0\u884c\uff0c\u53cd\u9988\uff1a60%\uff0c\u4e0a\u9650\uff1a100%\uff0c\u4e0b\u9650\uff1a55%\uff0c\u63a7\u5236\u8f93\u51fa\uff1a62.0%\u4e8c\u671f\u751f\u7269\u6c60#\u5b9e\u65f6\uff1a\u4e8c\u671f\u6eb6\u89e3\u6c27\uff1a2.48mg/L\uff0c\u76ee\u6807\u503c\uff1a2mg/L#\u4e8c\u671f1\u53f7\u98ce\u673a\u8fd0\u884c\uff0c\u53cd\u9988\uff1a75%\uff0c\u4e0a\u9650\uff1a98%\uff0c\u4e0b\u9650\uff1a55%\uff0c\u63a7\u5236\u8f93\u51fa\uff1a71.0%\u4e8c\u671f3\u53f7\u98ce\u673a\u8fd0\u884c\uff0c\u53cd\u9988\uff1a78%\uff0c\u4e0a\u9650\uff1a98%\uff0c\u4e0b\u9650\uff1a55%\uff0c\u63a7\u5236\u8f93\u51fa\uff1a74.0%\u4e8c\u671f6\u53f7\u98ce\u673a\u8fd0\u884c\uff0c\u53cd\u9988\uff1a78%\uff0c\u4e0a\u9650\uff1a98%\uff0c\u4e0b\u9650\uff1a55%\uff0c\u63a7\u5236\u8f93\u51fa\uff1a74.0%"}
2026-06-08 06:40:49,334 - MQTTClient - 177 - DEBUG - Message published (mid=19929)
2026-06-08 06:42:49,535 - MQTTClient - 177 - DEBUG - Message published (mid=19930)
2026-06-08 06:42:49,535 - MQTTClient - 99 - DEBUG - Published: Rpc/ - {"\u865a\u62df\u8bbe\u5907": {"\u4e00\u671f1\u53f7\u98ce\u673a\u542f\u505c": 1}}
2026-06-08 06:42:49,539 - MQTTClient - 99 - DEBUG - Published: Rpc/ - {"\u865a\u62df\u8bbe\u5907": {"\u4e00\u671f1\u53f7\u98ce\u673aSV\u503c": 62.0}}
2026-06-08 06:42:49,539 - MQTTClient - 177 - DEBUG - Message published (mid=19931)
2026-06-08 06:42:49,539 - MQTTClient - 99 - DEBUG - Published: Rpc/ - {"\u865a\u62df\u8bbe\u5907": {"\u4e00\u671f2\u53f7\u98ce\u673a\u542f\u505c": 1}}
2026-06-08 06:42:49,540 - MQTTClient - 177 - DEBUG - Message published (mid=19932)
2026-06-08 06:42:49,544 - MQTTClient - 177 - DEBUG - Message published (mid=19933)
2026-06-08 06:42:49,545 - MQTTClient - 99 - DEBUG - Published: Rpc/ - {"\u865a\u62df\u8bbe\u5907": {"\u4e00\u671f2\u53f7\u98ce\u673aSV\u503c": 62.0}}
2026-06-08 06:42:49,546 - MQTTClient - 99 - DEBUG - Published: Rpc/ - {"\u865a\u62df\u8bbe\u5907": {"\u4e00\u671f3\u53f7\u98ce\u673a\u542f\u505c": 1}}
2026-06-08 06:42:49,546 - MQTTClient - 177 - DEBUG - Message published (mid=19934)
2026-06-08 06:42:49,549 - MQTTClient - 99 - DEBUG - Published: Rpc/ - {"\u865a\u62df\u8bbe\u5907": {"\u4e00\u671f3\u53f7\u98ce\u673aSV\u503c": 62.0}}
2026-06-08 06:42:49,549 - MQTTClient - 177 - DEBUG - Message published (mid=19935)
2026-06-08 06:42:49,550 - MQTTClient - 99 - DEBUG - Published: Rpc/ - {"\u865a\u62df\u8bbe\u5907": {"\u4e8c\u671f1\u53f7\u98ce\u673a\u542f\u505c": 1}}
2026-06-08 06:42:49,552 - MQTTClient - 177 - DEBUG - Message published (mid=19936)
2026-06-08 06:42:49,555 - MQTTClient - 177 - DEBUG - Message published (mid=19937)
2026-06-08 06:42:49,556 - MQTTClient - 99 - DEBUG - Published: Rpc/ - {"\u865a\u62df\u8bbe\u5907": {"\u4e8c\u671f1\u53f7\u98ce\u673aSV\u503c": 71.0}}
2026-06-08 06:42:49,558 - MQTTClient - 177 - DEBUG - Message published (mid=19938)
2026-06-08 06:42:49,558 - MQTTClient - 99 - DEBUG - Published: Rpc/ - {"\u865a\u62df\u8bbe\u5907": {"\u4e8c\u671f3\u53f7\u98ce\u673a\u542f\u505c": 1}}
2026-06-08 06:42:49,564 - MQTTClient - 177 - DEBUG - Message published (mid=19939)
2026-06-08 06:42:49,564 - MQTTClient - 99 - DEBUG - Published: Rpc/ - {"\u865a\u62df\u8bbe\u5907": {"\u4e8c\u671f3\u53f7\u98ce\u673aSV\u503c": 74.0}}
2026-06-08 06:42:49,565 - MQTTClient - 177 - DEBUG - Message published (mid=19940)
2026-06-08 06:42:49,565 - MQTTClient - 99 - DEBUG - Published: Rpc/ - {"\u865a\u62df\u8bbe\u5907": {"\u4e8c\u671f6\u53f7\u98ce\u673a\u542f\u505c": 1}}
2026-06-08 06:42:49,570 - MQTTClient - 177 - DEBUG - Message published (mid=19941)
2026-06-08 06:42:49,570 - MQTTClient - 99 - DEBUG - Published: Rpc/ - {"\u865a\u62df\u8bbe\u5907": {"\u4e8c\u671f6\u53f7\u98ce\u673aSV\u503c": 74.0}}
2026-06-08 06:42:49,570 - MQTTClient - 99 - DEBUG - Published: /idms/api/v1/createControlX - {"type": "\u66dd\u6c14\u667a\u80fd\u4f53", "time": "2026-06-08 06:42:49", "algorithmVersion": "v1.0.0", "controller": "\u9ec4\u5188AI\u7b97\u6cd5\u63a7\u5236", "outputCommand": "\u4e00\u671f\u751f\u7269\u6c60#\u5b9e\u65f6\uff1a\u4e00\u671f\u6eb6\u89e3\u6c27\uff1a3.92mg/L\uff0c\u76ee\u6807\u503c\uff1a2mg/L#\u4e00\u671f1\u53f7\u98ce\u673a\u8fd0\u884c\uff0c\u53cd\u9988\uff1a60%\uff0c\u4e0a\u9650\uff1a100%\uff0c\u4e0b\u9650\uff1a55%\uff0c\u63a7\u5236\u8f93\u51fa\uff1a62.0%\u4e00\u671f2\u53f7\u98ce\u673a\u8fd0\u884c\uff0c\u53cd\u9988\uff1a60%\uff0c\u4e0a\u9650\uff1a100%\uff0c\u4e0b\u9650\uff1a55%\uff0c\u63a7\u5236\u8f93\u51fa\uff1a62.0%\u4e00\u671f3\u53f7\u98ce\u673a\u8fd0\u884c\uff0c\u53cd\u9988\uff1a60%\uff0c\u4e0a\u9650\uff1a100%\uff0c\u4e0b\u9650\uff1a55%\uff0c\u63a7\u5236\u8f93\u51fa\uff1a62.0%\u4e8c\u671f\u751f\u7269\u6c60#\u5b9e\u65f6\uff1a\u4e8c\u671f\u6eb6\u89e3\u6c27\uff1a2.47mg/L\uff0c\u76ee\u6807\u503c\uff1a2mg/L#\u4e8c\u671f1\u53f7\u98ce\u673a\u8fd0\u884c\uff0c\u53cd\u9988\uff1a75%\uff0c\u4e0a\u9650\uff1a98%\uff0c\u4e0b\u9650\uff1a55%\uff0c\u63a7\u5236\u8f93\u51fa\uff1a71.0%\u4e8c\u671f3\u53f7\u98ce\u673a\u8fd0\u884c\uff0c\u53cd\u9988\uff1a78%\uff0c\u4e0a\u9650\uff1a98%\uff0c\u4e0b\u9650\uff1a55%\uff0c\u63a7\u5236\u8f93\u51fa\uff1a74.0%\u4e8c\u671f6\u53f7\u98ce\u673a\u8fd0\u884c\uff0c\u53cd\u9988\uff1a78%\uff0c\u4e0a\u9650\uff1a98%\uff0c\u4e0b\u9650\uff1a55%\uff0c\u63a7\u5236\u8f93\u51fa\uff1a74.0%"}
2026-06-08 06:42:49,571 - MQTTClient - 177 - DEBUG - Message published (mid=19942)
2026-06-08 06:44:49,739 - MQTTClient - 99 - DEBUG - Published: Rpc/ - {"\u865a\u62df\u8bbe\u5907": {"\u4e00\u671f1\u53f7\u98ce\u673a\u542f\u505c": 1}}
2026-06-08 06:44:49,739 - MQTTClient - 177 - DEBUG - Message published (mid=19943)
2026-06-08 06:44:49,741 - MQTTClient - 177 - DEBUG - Message published (mid=19944)
2026-06-08 06:44:49,741 - MQTTClient - 99 - DEBUG - Published: Rpc/ - {"\u865a\u62df\u8bbe\u5907": {"\u4e00\u671f1\u53f7\u98ce\u673aSV\u503c": 56.1}}
2026-06-08 06:44:49,742 - MQTTClient - 99 - DEBUG - Published: Rpc/ - {"\u865a\u62df\u8bbe\u5907": {"\u4e00\u671f2\u53f7\u98ce\u673a\u542f\u505c": 1}}
2026-06-08 06:44:49,742 - MQTTClient - 177 - DEBUG - Message published (mid=19945)
2026-06-08 06:44:49,745 - MQTTClient - 99 - DEBUG - Published: Rpc/ - {"\u865a\u62df\u8bbe\u5907": {"\u4e00\u671f2\u53f7\u98ce\u673aSV\u503c": 56.1}}
2026-06-08 06:44:49,745 - MQTTClient - 177 - DEBUG - Message published (mid=19946)
2026-06-08 06:44:49,746 - MQTTClient - 99 - DEBUG - Published: Rpc/ - {"\u865a\u62df\u8bbe\u5907": {"\u4e00\u671f3\u53f7\u98ce\u673a\u542f\u505c": 1}}
2026-06-08 06:44:49,747 - MQTTClient - 177 - DEBUG - Message published (mid=19947)
2026-06-08 06:44:49,749 - MQTTClient - 99 - DEBUG - Published: Rpc/ - {"\u865a\u62df\u8bbe\u5907": {"\u4e00\u671f3\u53f7\u98ce\u673aSV\u503c": 56.1}}
2026-06-08 06:44:49,750 - MQTTClient - 177 - DEBUG - Message published (mid=19948)
2026-06-08 06:44:49,750 - MQTTClient - 99 - DEBUG - Published: Rpc/ - {"\u865a\u62df\u8bbe\u5907": {"\u4e8c\u671f1\u53f7\u98ce\u673a\u542f\u505c": 1}}
2026-06-08 06:44:49,751 - MQTTClient - 177 - DEBUG - Message published (mid=19949)
2026-06-08 06:44:49,753 - MQTTClient - 99 - DEBUG - Published: Rpc/ - {"\u865a\u62df\u8bbe\u5907": {"\u4e8c\u671f1\u53f7\u98ce\u673aSV\u503c": 71.0}}
2026-06-08 06:44:49,753 - MQTTClient - 177 - DEBUG - Message published (mid=19950)
2026-06-08 06:44:49,754 - MQTTClient - 99 - DEBUG - Published: Rpc/ - {"\u865a\u62df\u8bbe\u5907": {"\u4e8c\u671f3\u53f7\u98ce\u673a\u542f\u505c": 1}}
2026-06-08 06:44:49,755 - MQTTClient - 177 - DEBUG - Message published (mid=19951)
2026-06-08 06:44:49,757 - MQTTClient - 99 - DEBUG - Published: Rpc/ - {"\u865a\u62df\u8bbe\u5907": {"\u4e8c\u671f3\u53f7\u98ce\u673aSV\u503c": 74.0}}
2026-06-08 06:44:49,757 - MQTTClient - 177 - DEBUG - Message published (mid=19952)
2026-06-08 06:44:49,758 - MQTTClient - 99 - DEBUG - Published: Rpc/ - {"\u865a\u62df\u8bbe\u5907": {"\u4e8c\u671f6\u53f7\u98ce\u673a\u542f\u505c": 1}}
2026-06-08 06:44:49,760 - MQTTClient - 177 - DEBUG - Message published (mid=19953)
2026-06-08 06:44:49,763 - MQTTClient - 177 - DEBUG - Message published (mid=19954)
2026-06-08 06:44:49,763 - MQTTClient - 99 - DEBUG - Published: /idms/api/v1/createControlX - {"type": "\u66dd\u6c14\u667a\u80fd\u4f53", "time": "2026-06-08 06:44:49", "algorithmVersion": "v1.0.0", "controller": "\u9ec4\u5188AI\u7b97\u6cd5\u63a7\u5236", "outputCommand": "\u4e00\u671f\u751f\u7269\u6c60#\u5b9e\u65f6\uff1a\u4e00\u671f\u6eb6\u89e3\u6c27\uff1a3.97mg/L\uff0c\u76ee\u6807\u503c\uff1a2mg/L#\u4e00\u671f1\u53f7\u98ce\u673a\u8fd0\u884c\uff0c\u53cd\u9988\uff1a60%\uff0c\u4e0a\u9650\uff1a100%\uff0c\u4e0b\u9650\uff1a55%\uff0c\u63a7\u5236\u8f93\u51fa\uff1a56.1%\u4e00\u671f2\u53f7\u98ce\u673a\u8fd0\u884c\uff0c\u53cd\u9988\uff1a60%\uff0c\u4e0a\u9650\uff1a100%\uff0c\u4e0b\u9650\uff1a55%\uff0c\u63a7\u5236\u8f93\u51fa\uff1a56.1%\u4e00\u671f3\u53f7\u98ce\u673a\u8fd0\u884c\uff0c\u53cd\u9988\uff1a60%\uff0c\u4e0a\u9650\uff1a100%\uff0c\u4e0b\u9650\uff1a55%\uff0c\u63a7\u5236\u8f93\u51fa\uff1a56.1%\u4e8c\u671f\u751f\u7269\u6c60#\u5b9e\u65f6\uff1a\u4e8c\u671f\u6eb6\u89e3\u6c27\uff1a2.63mg/L\uff0c\u76ee\u6807\u503c\uff1a2mg/L#\u4e8c\u671f1\u53f7\u98ce\u673a\u8fd0\u884c\uff0c\u53cd\u9988\uff1a75%\uff0c\u4e0a\u9650\uff1a98%\uff0c\u4e0b\u9650\uff1a55%\uff0c\u63a7\u5236\u8f93\u51fa\uff1a71.0%\u4e8c\u671f3\u53f7\u98ce\u673a\u8fd0\u884c\uff0c\u53cd\u9988\uff1a78%\uff0c\u4e0a\u9650\uff1a98%\uff0c\u4e0b\u9650\uff1a55%\uff0c\u63a7\u5236\u8f93\u51fa\uff1a74.0%\u4e8c\u671f6\u53f7\u98ce\u673a\u8fd0\u884c\uff0c\u53cd\u9988\uff1a78%\uff0c\u4e0a\u9650\uff1a98%\uff0c\u4e0b\u9650\uff1a55%\uff0c\u63a7\u5236\u8f93\u51fa\uff1a74.0%"}
2026-06-08 06:44:49,763 - MQTTClient - 99 - DEBUG - Published: Rpc/ - {"\u865a\u62df\u8bbe\u5907": {"\u4e8c\u671f6\u53f7\u98ce\u673aSV\u503c": 74.0}}
2026-06-08 06:44:49,764 - MQTTClient - 177 - DEBUG - Message published (mid=19955)
2026-06-08 06:46:49,899 - MQTTClient - 177 - DEBUG - Message published (mid=19956)
2026-06-08 06:46:49,900 - MQTTClient - 99 - DEBUG - Published: Rpc/ - {"\u865a\u62df\u8bbe\u5907": {"\u4e00\u671f1\u53f7\u98ce\u673a\u542f\u505c": 1}}
2026-06-08 06:46:49,906 - MQTTClient - 177 - DEBUG - Message published (mid=19957)
2026-06-08 06:46:49,907 - MQTTClient - 99 - DEBUG - Published: Rpc/ - {"\u865a\u62df\u8bbe\u5907": {"\u4e00\u671f1\u53f7\u98ce\u673aSV\u503c": 56.2}}
2026-06-08 06:46:49,908 - MQTTClient - 99 - DEBUG - Published: Rpc/ - {"\u865a\u62df\u8bbe\u5907": {"\u4e00\u671f2\u53f7\u98ce\u673a\u542f\u505c": 1}}
2026-06-08 06:46:49,908 - MQTTClient - 177 - DEBUG - Message published (mid=19958)
2026-06-08 06:46:49,913 - MQTTClient - 177 - DEBUG - Message published (mid=19959)
2026-06-08 06:46:49,913 - MQTTClient - 99 - DEBUG - Published: Rpc/ - {"\u865a\u62df\u8bbe\u5907": {"\u4e00\u671f2\u53f7\u98ce\u673aSV\u503c": 56.2}}
2026-06-08 06:46:49,916 - MQTTClient - 177 - DEBUG - Message published (mid=19960)
2026-06-08 06:46:49,916 - MQTTClient - 99 - DEBUG - Published: Rpc/ - {"\u865a\u62df\u8bbe\u5907": {"\u4e00\u671f3\u53f7\u98ce\u673a\u542f\u505c": 1}}
2026-06-08 06:46:49,925 - MQTTClient - 177 - DEBUG - Message published (mid=19961)
2026-06-08 06:46:49,925 - MQTTClient - 99 - DEBUG - Published: Rpc/ - {"\u865a\u62df\u8bbe\u5907": {"\u4e00\u671f3\u53f7\u98ce\u673aSV\u503c": 56.2}}
2026-06-08 06:46:49,926 - MQTTClient - 99 - DEBUG - Published: Rpc/ - {"\u865a\u62df\u8bbe\u5907": {"\u4e8c\u671f1\u53f7\u98ce\u673a\u542f\u505c": 1}}
2026-06-08 06:46:49,926 - MQTTClient - 177 - DEBUG - Message published (mid=19962)
2026-06-08 06:46:49,930 - MQTTClient - 99 - DEBUG - Published: Rpc/ - {"\u865a\u62df\u8bbe\u5907": {"\u4e8c\u671f1\u53f7\u98ce\u673aSV\u503c": 71.0}}
2026-06-08 06:46:49,930 - MQTTClient - 177 - DEBUG - Message published (mid=19963)
2026-06-08 06:46:49,931 - MQTTClient - 99 - DEBUG - Published: Rpc/ - {"\u865a\u62df\u8bbe\u5907": {"\u4e8c\u671f3\u53f7\u98ce\u673a\u542f\u505c": 1}}
2026-06-08 06:46:49,932 - MQTTClient - 177 - DEBUG - Message published (mid=19964)
2026-06-08 06:46:49,934 - MQTTClient - 177 - DEBUG - Message published (mid=19965)
2026-06-08 06:46:49,935 - MQTTClient - 99 - DEBUG - Published: Rpc/ - {"\u865a\u62df\u8bbe\u5907": {"\u4e8c\u671f3\u53f7\u98ce\u673aSV\u503c": 74.0}}
2026-06-08 06:46:49,936 - MQTTClient - 177 - DEBUG - Message published (mid=19966)
2026-06-08 06:46:49,936 - MQTTClient - 99 - DEBUG - Published: Rpc/ - {"\u865a\u62df\u8bbe\u5907": {"\u4e8c\u671f6\u53f7\u98ce\u673a\u542f\u505c": 1}}
2026-06-08 06:46:49,939 - MQTTClient - 177 - DEBUG - Message published (mid=19967)
2026-06-08 06:46:49,939 - MQTTClient - 99 - DEBUG - Published: Rpc/ - {"\u865a\u62df\u8bbe\u5907": {"\u4e8c\u671f6\u53f7\u98ce\u673aSV\u503c": 74.0}}
2026-06-08 06:46:49,940 - MQTTClient - 99 - DEBUG - Published: /idms/api/v1/createControlX - {"type": "\u66dd\u6c14\u667a\u80fd\u4f53", "time": "2026-06-08 06:46:49", "algorithmVersion": "v1.0.0", "controller": "\u9ec4\u5188AI\u7b97\u6cd5\u63a7\u5236", "outputCommand": "\u4e00\u671f\u751f\u7269\u6c60#\u5b9e\u65f6\uff1a\u4e00\u671f\u6eb6\u89e3\u6c27\uff1a3.88mg/L\uff0c\u76ee\u6807\u503c\uff1a2mg/L#\u4e00\u671f1\u53f7\u98ce\u673a\u8fd0\u884c\uff0c\u53cd\u9988\uff1a60%\uff0c\u4e0a\u9650\uff1a100%\uff0c\u4e0b\u9650\uff1a55%\uff0c\u63a7\u5236\u8f93\u51fa\uff1a56.2%\u4e00\u671f2\u53f7\u98ce\u673a\u8fd0\u884c\uff0c\u53cd\u9988\uff1a60%\uff0c\u4e0a\u9650\uff1a100%\uff0c\u4e0b\u9650\uff1a55%\uff0c\u63a7\u5236\u8f93\u51fa\uff1a56.2%\u4e00\u671f3\u53f7\u98ce\u673a\u8fd0\u884c\uff0c\u53cd\u9988\uff1a60%\uff0c\u4e0a\u9650\uff1a100%\uff0c\u4e0b\u9650\uff1a55%\uff0c\u63a7\u5236\u8f93\u51fa\uff1a56.2%\u4e8c\u671f\u751f\u7269\u6c60#\u5b9e\u65f6\uff1a\u4e8c\u671f\u6eb6\u89e3\u6c27\uff1a2.47mg/L\uff0c\u76ee\u6807\u503c\uff1a2mg/L#\u4e8c\u671f1\u53f7\u98ce\u673a\u8fd0\u884c\uff0c\u53cd\u9988\uff1a75%\uff0c\u4e0a\u9650\uff1a98%\uff0c\u4e0b\u9650\uff1a55%\uff0c\u63a7\u5236\u8f93\u51fa\uff1a71.0%\u4e8c\u671f3\u53f7\u98ce\u673a\u8fd0\u884c\uff0c\u53cd\u9988\uff1a78%\uff0c\u4e0a\u9650\uff1a98%\uff0c\u4e0b\u9650\uff1a55%\uff0c\u63a7\u5236\u8f93\u51fa\uff1a74.0%\u4e8c\u671f6\u53f7\u98ce\u673a\u8fd0\u884c\uff0c\u53cd\u9988\uff1a78%\uff0c\u4e0a\u9650\uff1a98%\uff0c\u4e0b\u9650\uff1a55%\uff0c\u63a7\u5236\u8f93\u51fa\uff1a74.0%"}
2026-06-08 06:46:49,940 - MQTTClient - 177 - DEBUG - Message published (mid=19968)
2026-06-08 06:48:50,083 - MQTTClient - 177 - DEBUG - Message published (mid=19969)
2026-06-08 06:48:50,084 - MQTTClient - 99 - DEBUG - Published: Rpc/ - {"\u865a\u62df\u8bbe\u5907": {"\u4e00\u671f1\u53f7\u98ce\u673a\u542f\u505c": 1}}
2026-06-08 06:48:50,087 - MQTTClient - 99 - DEBUG - Published: Rpc/ - {"\u865a\u62df\u8bbe\u5907": {"\u4e00\u671f1\u53f7\u98ce\u673aSV\u503c": 56.3}}
2026-06-08 06:48:50,087 - MQTTClient - 177 - DEBUG - Message published (mid=19970)
2026-06-08 06:48:50,087 - MQTTClient - 99 - DEBUG - Published: Rpc/ - {"\u865a\u62df\u8bbe\u5907": {"\u4e00\u671f2\u53f7\u98ce\u673a\u542f\u505c": 1}}
2026-06-08 06:48:50,088 - MQTTClient - 177 - DEBUG - Message published (mid=19971)
2026-06-08 06:48:50,089 - MQTTClient - 99 - DEBUG - Published: Rpc/ - {"\u865a\u62df\u8bbe\u5907": {"\u4e00\u671f2\u53f7\u98ce\u673aSV\u503c": 56.3}}
2026-06-08 06:48:50,089 - MQTTClient - 177 - DEBUG - Message published (mid=19972)
2026-06-08 06:48:50,091 - MQTTClient - 99 - DEBUG - Published: Rpc/ - {"\u865a\u62df\u8bbe\u5907": {"\u4e00\u671f3\u53f7\u98ce\u673a\u542f\u505c": 1}}
2026-06-08 06:48:50,092 - MQTTClient - 177 - DEBUG - Message published (mid=19973)
2026-06-08 06:48:50,095 - MQTTClient - 177 - DEBUG - Message published (mid=19974)
2026-06-08 06:48:50,095 - MQTTClient - 99 - DEBUG - Published: Rpc/ - {"\u865a\u62df\u8bbe\u5907": {"\u4e00\u671f3\u53f7\u98ce\u673aSV\u503c": 56.3}}
2026-06-08 06:48:50,098 - MQTTClient - 177 - DEBUG - Message published (mid=19975)
2026-06-08 06:48:50,098 - MQTTClient - 99 - DEBUG - Published: Rpc/ - {"\u865a\u62df\u8bbe\u5907": {"\u4e8c\u671f1\u53f7\u98ce\u673a\u542f\u505c": 1}}
2026-06-08 06:48:50,103 - MQTTClient - 99 - DEBUG - Published: Rpc/ - {"\u865a\u62df\u8bbe\u5907": {"\u4e8c\u671f1\u53f7\u98ce\u673aSV\u503c": 71.0}}
2026-06-08 06:48:50,103 - MQTTClient - 177 - DEBUG - Message published (mid=19976)
2026-06-08 06:48:50,104 - MQTTClient - 99 - DEBUG - Published: Rpc/ - {"\u865a\u62df\u8bbe\u5907": {"\u4e8c\u671f3\u53f7\u98ce\u673a\u542f\u505c": 1}}
2026-06-08 06:48:50,104 - MQTTClient - 177 - DEBUG - Message published (mid=19977)
2026-06-08 06:48:50,107 - MQTTClient - 177 - DEBUG - Message published (mid=19978)
2026-06-08 06:48:50,108 - MQTTClient - 99 - DEBUG - Published: Rpc/ - {"\u865a\u62df\u8bbe\u5907": {"\u4e8c\u671f3\u53f7\u98ce\u673aSV\u503c": 74.0}}
2026-06-08 06:48:50,108 - MQTTClient - 99 - DEBUG - Published: Rpc/ - {"\u865a\u62df\u8bbe\u5907": {"\u4e8c\u671f6\u53f7\u98ce\u673a\u542f\u505c": 1}}
2026-06-08 06:48:50,109 - MQTTClient - 177 - DEBUG - Message published (mid=19979)
2026-06-08 06:48:50,114 - MQTTClient - 99 - DEBUG - Published: Rpc/ - {"\u865a\u62df\u8bbe\u5907": {"\u4e8c\u671f6\u53f7\u98ce\u673aSV\u503c": 74.0}}
2026-06-08 06:48:50,114 - MQTTClient - 177 - DEBUG - Message published (mid=19980)
2026-06-08 06:48:50,114 - MQTTClient - 99 - DEBUG - Published: /idms/api/v1/createControlX - {"type": "\u66dd\u6c14\u667a\u80fd\u4f53", "time": "2026-06-08 06:48:50", "algorithmVersion": "v1.0.0", "controller": "\u9ec4\u5188AI\u7b97\u6cd5\u63a7\u5236", "outputCommand": "\u4e00\u671f\u751f\u7269\u6c60#\u5b9e\u65f6\uff1a\u4e00\u671f\u6eb6\u89e3\u6c27\uff1a3.86mg/L\uff0c\u76ee\u6807\u503c\uff1a2mg/L#\u4e00\u671f1\u53f7\u98ce\u673a\u8fd0\u884c\uff0c\u53cd\u9988\uff1a60%\uff0c\u4e0a\u9650\uff1a100%\uff0c\u4e0b\u9650\uff1a55%\uff0c\u63a7\u5236\u8f93\u51fa\uff1a56.3%\u4e00\u671f2\u53f7\u98ce\u673a\u8fd0\u884c\uff0c\u53cd\u9988\uff1a60%\uff0c\u4e0a\u9650\uff1a100%\uff0c\u4e0b\u9650\uff1a55%\uff0c\u63a7\u5236\u8f93\u51fa\uff1a56.3%\u4e00\u671f3\u53f7\u98ce\u673a\u8fd0\u884c\uff0c\u53cd\u9988\uff1a60%\uff0c\u4e0a\u9650\uff1a100%\uff0c\u4e0b\u9650\uff1a55%\uff0c\u63a7\u5236\u8f93\u51fa\uff1a56.3%\u4e8c\u671f\u751f\u7269\u6c60#\u5b9e\u65f6\uff1a\u4e8c\u671f\u6eb6\u89e3\u6c27\uff1a2.55mg/L\uff0c\u76ee\u6807\u503c\uff1a2mg/L#\u4e8c\u671f1\u53f7\u98ce\u673a\u8fd0\u884c\uff0c\u53cd\u9988\uff1a75%\uff0c\u4e0a\u9650\uff1a98%\uff0c\u4e0b\u9650\uff1a55%\uff0c\u63a7\u5236\u8f93\u51fa\uff1a71.0%\u4e8c\u671f3\u53f7\u98ce\u673a\u8fd0\u884c\uff0c\u53cd\u9988\uff1a78%\uff0c\u4e0a\u9650\uff1a98%\uff0c\u4e0b\u9650\uff1a55%\uff0c\u63a7\u5236\u8f93\u51fa\uff1a74.0%\u4e8c\u671f6\u53f7\u98ce\u673a\u8fd0\u884c\uff0c\u53cd\u9988\uff1a78%\uff0c\u4e0a\u9650\uff1a98%\uff0c\u4e0b\u9650\uff1a55%\uff0c\u63a7\u5236\u8f93\u51fa\uff1a74.0%"}
2026-06-08 06:48:50,114 - MQTTClient - 177 - DEBUG - Message published (mid=19981)
2026-06-08 06:50:50,257 - MQTTClient - 99 - DEBUG - Published: Rpc/ - {"\u865a\u62df\u8bbe\u5907": {"\u4e00\u671f1\u53f7\u98ce\u673a\u542f\u505c": 1}}
2026-06-08 06:50:50,257 - MQTTClient - 177 - DEBUG - Message published (mid=19982)
2026-06-08 06:50:50,259 - MQTTClient - 177 - DEBUG - Message published (mid=19983)
2026-06-08 06:50:50,259 - MQTTClient - 99 - DEBUG - Published: Rpc/ - {"\u865a\u62df\u8bbe\u5907": {"\u4e00\u671f1\u53f7\u98ce\u673aSV\u503c": 56.3}}
2026-06-08 06:50:50,261 - MQTTClient - 177 - DEBUG - Message published (mid=19984)
2026-06-08 06:50:50,261 - MQTTClient - 99 - DEBUG - Published: Rpc/ - {"\u865a\u62df\u8bbe\u5907": {"\u4e00\u671f2\u53f7\u98ce\u673a\u542f\u505c": 1}}
2026-06-08 06:50:50,265 - MQTTClient - 177 - DEBUG - Message published (mid=19985)
2026-06-08 06:50:50,266 - MQTTClient - 99 - DEBUG - Published: Rpc/ - {"\u865a\u62df\u8bbe\u5907": {"\u4e00\u671f3\u53f7\u98ce\u673a\u542f\u505c": 1}}
2026-06-08 06:50:50,265 - MQTTClient - 99 - DEBUG - Published: Rpc/ - {"\u865a\u62df\u8bbe\u5907": {"\u4e00\u671f2\u53f7\u98ce\u673aSV\u503c": 56.3}}
2026-06-08 06:50:50,267 - MQTTClient - 177 - DEBUG - Message published (mid=19986)
2026-06-08 06:50:50,270 - MQTTClient - 177 - DEBUG - Message published (mid=19987)
2026-06-08 06:50:50,270 - MQTTClient - 99 - DEBUG - Published: Rpc/ - {"\u865a\u62df\u8bbe\u5907": {"\u4e00\u671f3\u53f7\u98ce\u673aSV\u503c": 56.3}}
2026-06-08 06:50:50,272 - MQTTClient - 177 - DEBUG - Message published (mid=19988)
2026-06-08 06:50:50,272 - MQTTClient - 99 - DEBUG - Published: Rpc/ - {"\u865a\u62df\u8bbe\u5907": {"\u4e8c\u671f1\u53f7\u98ce\u673a\u542f\u505c": 1}}
2026-06-08 06:50:50,279 - MQTTClient - 99 - DEBUG - Published: Rpc/ - {"\u865a\u62df\u8bbe\u5907": {"\u4e8c\u671f1\u53f7\u98ce\u673aSV\u503c": 71.0}}
2026-06-08 06:50:50,279 - MQTTClient - 177 - DEBUG - Message published (mid=19989)
2026-06-08 06:50:50,281 - MQTTClient - 99 - DEBUG - Published: Rpc/ - {"\u865a\u62df\u8bbe\u5907": {"\u4e8c\u671f3\u53f7\u98ce\u673a\u542f\u505c": 1}}
2026-06-08 06:50:50,282 - MQTTClient - 177 - DEBUG - Message published (mid=19990)
2026-06-08 06:50:50,285 - MQTTClient - 177 - DEBUG - Message published (mid=19991)
2026-06-08 06:50:50,286 - MQTTClient - 99 - DEBUG - Published: Rpc/ - {"\u865a\u62df\u8bbe\u5907": {"\u4e8c\u671f3\u53f7\u98ce\u673aSV\u503c": 74.0}}
2026-06-08 06:50:50,288 - MQTTClient - 177 - DEBUG - Message published (mid=19992)
2026-06-08 06:50:50,288 - MQTTClient - 99 - DEBUG - Published: Rpc/ - {"\u865a\u62df\u8bbe\u5907": {"\u4e8c\u671f6\u53f7\u98ce\u673a\u542f\u505c": 1}}
2026-06-08 06:50:50,294 - MQTTClient - 99 - DEBUG - Published: Rpc/ - {"\u865a\u62df\u8bbe\u5907": {"\u4e8c\u671f6\u53f7\u98ce\u673aSV\u503c": 74.0}}
2026-06-08 06:50:50,294 - MQTTClient - 177 - DEBUG - Message published (mid=19993)
2026-06-08 06:50:50,294 - MQTTClient - 99 - DEBUG - Published: /idms/api/v1/createControlX - {"type": "\u66dd\u6c14\u667a\u80fd\u4f53", "time": "2026-06-08 06:50:50", "algorithmVersion": "v1.0.0", "controller": "\u9ec4\u5188AI\u7b97\u6cd5\u63a7\u5236", "outputCommand": "\u4e00\u671f\u751f\u7269\u6c60#\u5b9e\u65f6\uff1a\u4e00\u671f\u6eb6\u89e3\u6c27\uff1a3.81mg/L\uff0c\u76ee\u6807\u503c\uff1a2mg/L#\u4e00\u671f1\u53f7\u98ce\u673a\u8fd0\u884c\uff0c\u53cd\u9988\uff1a60%\uff0c\u4e0a\u9650\uff1a100%\uff0c\u4e0b\u9650\uff1a55%\uff0c\u63a7\u5236\u8f93\u51fa\uff1a56.3%\u4e00\u671f2\u53f7\u98ce\u673a\u8fd0\u884c\uff0c\u53cd\u9988\uff1a60%\uff0c\u4e0a\u9650\uff1a100%\uff0c\u4e0b\u9650\uff1a55%\uff0c\u63a7\u5236\u8f93\u51fa\uff1a56.3%\u4e00\u671f3\u53f7\u98ce\u673a\u8fd0\u884c\uff0c\u53cd\u9988\uff1a60%\uff0c\u4e0a\u9650\uff1a100%\uff0c\u4e0b\u9650\uff1a55%\uff0c\u63a7\u5236\u8f93\u51fa\uff1a56.3%\u4e8c\u671f\u751f\u7269\u6c60#\u5b9e\u65f6\uff1a\u4e8c\u671f\u6eb6\u89e3\u6c27\uff1a2.43mg/L\uff0c\u76ee\u6807\u503c\uff1a2mg/L#\u4e8c\u671f1\u53f7\u98ce\u673a\u8fd0\u884c\uff0c\u53cd\u9988\uff1a75%\uff0c\u4e0a\u9650\uff1a98%\uff0c\u4e0b\u9650\uff1a55%\uff0c\u63a7\u5236\u8f93\u51fa\uff1a71.0%\u4e8c\u671f3\u53f7\u98ce\u673a\u8fd0\u884c\uff0c\u53cd\u9988\uff1a78%\uff0c\u4e0a\u9650\uff1a98%\uff0c\u4e0b\u9650\uff1a55%\uff0c\u63a7\u5236\u8f93\u51fa\uff1a74.0%\u4e8c\u671f6\u53f7\u98ce\u673a\u8fd0\u884c\uff0c\u53cd\u9988\uff1a78%\uff0c\u4e0a\u9650\uff1a98%\uff0c\u4e0b\u9650\uff1a55%\uff0c\u63a7\u5236\u8f93\u51fa\uff1a74.0%"}
2026-06-08 06:50:50,296 - MQTTClient - 177 - DEBUG - Message published (mid=19994)
2026-06-08 06:52:50,456 - MQTTClient - 177 - DEBUG - Message published (mid=19995)
2026-06-08 06:52:50,456 - MQTTClient - 99 - DEBUG - Published: Rpc/ - {"\u865a\u62df\u8bbe\u5907": {"\u4e00\u671f1\u53f7\u98ce\u673a\u542f\u505c": 1}}
2026-06-08 06:52:50,461 - MQTTClient - 177 - DEBUG - Message published (mid=19996)
2026-06-08 06:52:50,462 - MQTTClient - 99 - DEBUG - Published: Rpc/ - {"\u865a\u62df\u8bbe\u5907": {"\u4e00\u671f1\u53f7\u98ce\u673aSV\u503c": 56.4}}
2026-06-08 06:52:50,462 - MQTTClient - 99 - DEBUG - Published: Rpc/ - {"\u865a\u62df\u8bbe\u5907": {"\u4e00\u671f2\u53f7\u98ce\u673a\u542f\u505c": 1}}
2026-06-08 06:52:50,463 - MQTTClient - 177 - DEBUG - Message published (mid=19997)
2026-06-08 06:52:50,467 - MQTTClient - 177 - DEBUG - Message published (mid=19998)
2026-06-08 06:52:50,467 - MQTTClient - 99 - DEBUG - Published: Rpc/ - {"\u865a\u62df\u8bbe\u5907": {"\u4e00\u671f2\u53f7\u98ce\u673aSV\u503c": 56.4}}
2026-06-08 06:52:50,469 - MQTTClient - 177 - DEBUG - Message published (mid=19999)
2026-06-08 06:52:50,470 - MQTTClient - 99 - DEBUG - Published: Rpc/ - {"\u865a\u62df\u8bbe\u5907": {"\u4e00\u671f3\u53f7\u98ce\u673a\u542f\u505c": 1}}
2026-06-08 06:52:50,475 - MQTTClient - 177 - DEBUG - Message published (mid=20000)
2026-06-08 06:52:50,475 - MQTTClient - 99 - DEBUG - Published: Rpc/ - {"\u865a\u62df\u8bbe\u5907": {"\u4e00\u671f3\u53f7\u98ce\u673aSV\u503c": 56.4}}
2026-06-08 06:52:50,476 - MQTTClient - 177 - DEBUG - Message published (mid=20001)
2026-06-08 06:52:50,476 - MQTTClient - 99 - DEBUG - Published: Rpc/ - {"\u865a\u62df\u8bbe\u5907": {"\u4e8c\u671f1\u53f7\u98ce\u673a\u542f\u505c": 1}}
2026-06-08 06:52:50,498 - MQTTClient - 99 - DEBUG - Published: Rpc/ - {"\u865a\u62df\u8bbe\u5907": {"\u4e8c\u671f1\u53f7\u98ce\u673aSV\u503c": 71.0}}
2026-06-08 06:52:50,499 - MQTTClient - 177 - DEBUG - Message published (mid=20002)
2026-06-08 06:52:50,499 - MQTTClient - 99 - DEBUG - Published: Rpc/ - {"\u865a\u62df\u8bbe\u5907": {"\u4e8c\u671f3\u53f7\u98ce\u673a\u542f\u505c": 1}}
2026-06-08 06:52:50,501 - MQTTClient - 177 - DEBUG - Message published (mid=20003)
2026-06-08 06:52:50,504 - MQTTClient - 177 - DEBUG - Message published (mid=20004)
2026-06-08 06:52:50,504 - MQTTClient - 99 - DEBUG - Published: Rpc/ - {"\u865a\u62df\u8bbe\u5907": {"\u4e8c\u671f3\u53f7\u98ce\u673aSV\u503c": 74.0}}
2026-06-08 06:52:50,504 - MQTTClient - 99 - DEBUG - Published: Rpc/ - {"\u865a\u62df\u8bbe\u5907": {"\u4e8c\u671f6\u53f7\u98ce\u673a\u542f\u505c": 1}}
2026-06-08 06:52:50,505 - MQTTClient - 177 - DEBUG - Message published (mid=20005)
2026-06-08 06:52:50,509 - MQTTClient - 99 - DEBUG - Published: Rpc/ - {"\u865a\u62df\u8bbe\u5907": {"\u4e8c\u671f6\u53f7\u98ce\u673aSV\u503c": 74.0}}
2026-06-08 06:52:50,509 - MQTTClient - 177 - DEBUG - Message published (mid=20006)
2026-06-08 06:52:50,510 - MQTTClient - 99 - DEBUG - Published: /idms/api/v1/createControlX - {"type": "\u66dd\u6c14\u667a\u80fd\u4f53", "time": "2026-06-08 06:52:50", "algorithmVersion": "v1.0.0", "controller": "\u9ec4\u5188AI\u7b97\u6cd5\u63a7\u5236", "outputCommand": "\u4e00\u671f\u751f\u7269\u6c60#\u5b9e\u65f6\uff1a\u4e00\u671f\u6eb6\u89e3\u6c27\uff1a3.82mg/L\uff0c\u76ee\u6807\u503c\uff1a2mg/L#\u4e00\u671f1\u53f7\u98ce\u673a\u8fd0\u884c\uff0c\u53cd\u9988\uff1a60%\uff0c\u4e0a\u9650\uff1a100%\uff0c\u4e0b\u9650\uff1a55%\uff0c\u63a7\u5236\u8f93\u51fa\uff1a56.4%\u4e00\u671f2\u53f7\u98ce\u673a\u8fd0\u884c\uff0c\u53cd\u9988\uff1a60%\uff0c\u4e0a\u9650\uff1a100%\uff0c\u4e0b\u9650\uff1a55%\uff0c\u63a7\u5236\u8f93\u51fa\uff1a56.4%\u4e00\u671f3\u53f7\u98ce\u673a\u8fd0\u884c\uff0c\u53cd\u9988\uff1a60%\uff0c\u4e0a\u9650\uff1a100%\uff0c\u4e0b\u9650\uff1a55%\uff0c\u63a7\u5236\u8f93\u51fa\uff1a56.4%\u4e8c\u671f\u751f\u7269\u6c60#\u5b9e\u65f6\uff1a\u4e8c\u671f\u6eb6\u89e3\u6c27\uff1a2.41mg/L\uff0c\u76ee\u6807\u503c\uff1a2mg/L#\u4e8c\u671f1\u53f7\u98ce\u673a\u8fd0\u884c\uff0c\u53cd\u9988\uff1a75%\uff0c\u4e0a\u9650\uff1a98%\uff0c\u4e0b\u9650\uff1a55%\uff0c\u63a7\u5236\u8f93\u51fa\uff1a71.0%\u4e8c\u671f3\u53f7\u98ce\u673a\u8fd0\u884c\uff0c\u53cd\u9988\uff1a78%\uff0c\u4e0a\u9650\uff1a98%\uff0c\u4e0b\u9650\uff1a55%\uff0c\u63a7\u5236\u8f93\u51fa\uff1a74.0%\u4e8c\u671f6\u53f7\u98ce\u673a\u8fd0\u884c\uff0c\u53cd\u9988\uff1a78%\uff0c\u4e0a\u9650\uff1a98%\uff0c\u4e0b\u9650\uff1a55%\uff0c\u63a7\u5236\u8f93\u51fa\uff1a74.0%"}
2026-06-08 06:52:50,512 - MQTTClient - 177 - DEBUG - Message published (mid=20007)
2026-06-08 06:54:50,723 - MQTTClient - 177 - DEBUG - Message published (mid=20008)
2026-06-08 06:54:50,723 - MQTTClient - 99 - DEBUG - Published: Rpc/ - {"\u865a\u62df\u8bbe\u5907": {"\u4e00\u671f1\u53f7\u98ce\u673a\u542f\u505c": 1}}
2026-06-08 06:54:50,726 - MQTTClient - 177 - DEBUG - Message published (mid=20009)
2026-06-08 06:54:50,727 - MQTTClient - 99 - DEBUG - Published: Rpc/ - {"\u865a\u62df\u8bbe\u5907": {"\u4e00\u671f1\u53f7\u98ce\u673aSV\u503c": 56.8}}
2026-06-08 06:54:50,727 - MQTTClient - 99 - DEBUG - Published: Rpc/ - {"\u865a\u62df\u8bbe\u5907": {"\u4e00\u671f2\u53f7\u98ce\u673a\u542f\u505c": 1}}
2026-06-08 06:54:50,727 - MQTTClient - 177 - DEBUG - Message published (mid=20010)
2026-06-08 06:54:50,731 - MQTTClient - 177 - DEBUG - Message published (mid=20011)
2026-06-08 06:54:50,731 - MQTTClient - 99 - DEBUG - Published: Rpc/ - {"\u865a\u62df\u8bbe\u5907": {"\u4e00\u671f2\u53f7\u98ce\u673aSV\u503c": 56.8}}
2026-06-08 06:54:50,733 - MQTTClient - 177 - DEBUG - Message published (mid=20012)
2026-06-08 06:54:50,733 - MQTTClient - 99 - DEBUG - Published: Rpc/ - {"\u865a\u62df\u8bbe\u5907": {"\u4e00\u671f3\u53f7\u98ce\u673a\u542f\u505c": 1}}
2026-06-08 06:54:50,739 - MQTTClient - 177 - DEBUG - Message published (mid=20013)
2026-06-08 06:54:50,739 - MQTTClient - 99 - DEBUG - Published: Rpc/ - {"\u865a\u62df\u8bbe\u5907": {"\u4e00\u671f3\u53f7\u98ce\u673aSV\u503c": 56.8}}
2026-06-08 06:54:50,741 - MQTTClient - 177 - DEBUG - Message published (mid=20014)
2026-06-08 06:54:50,741 - MQTTClient - 99 - DEBUG - Published: Rpc/ - {"\u865a\u62df\u8bbe\u5907": {"\u4e8c\u671f1\u53f7\u98ce\u673a\u542f\u505c": 1}}
2026-06-08 06:54:50,745 - MQTTClient - 99 - DEBUG - Published: Rpc/ - {"\u865a\u62df\u8bbe\u5907": {"\u4e8c\u671f1\u53f7\u98ce\u673aSV\u503c": 71.0}}
2026-06-08 06:54:50,745 - MQTTClient - 177 - DEBUG - Message published (mid=20015)
2026-06-08 06:54:50,746 - MQTTClient - 99 - DEBUG - Published: Rpc/ - {"\u865a\u62df\u8bbe\u5907": {"\u4e8c\u671f3\u53f7\u98ce\u673a\u542f\u505c": 1}}
2026-06-08 06:54:50,747 - MQTTClient - 177 - DEBUG - Message published (mid=20016)
2026-06-08 06:54:50,748 - MQTTClient - 99 - DEBUG - Published: Rpc/ - {"\u865a\u62df\u8bbe\u5907": {"\u4e8c\u671f3\u53f7\u98ce\u673aSV\u503c": 74.0}}
2026-06-08 06:54:50,749 - MQTTClient - 177 - DEBUG - Message published (mid=20017)
2026-06-08 06:54:50,749 - MQTTClient - 99 - DEBUG - Published: Rpc/ - {"\u865a\u62df\u8bbe\u5907": {"\u4e8c\u671f6\u53f7\u98ce\u673a\u542f\u505c": 1}}
2026-06-08 06:54:50,751 - MQTTClient - 177 - DEBUG - Message published (mid=20018)
2026-06-08 06:54:50,754 - MQTTClient - 99 - DEBUG - Published: Rpc/ - {"\u865a\u62df\u8bbe\u5907": {"\u4e8c\u671f6\u53f7\u98ce\u673aSV\u503c": 74.0}}
2026-06-08 06:54:50,754 - MQTTClient - 177 - DEBUG - Message published (mid=20019)
2026-06-08 06:54:50,754 - MQTTClient - 99 - DEBUG - Published: /idms/api/v1/createControlX - {"type": "\u66dd\u6c14\u667a\u80fd\u4f53", "time": "2026-06-08 06:54:50", "algorithmVersion": "v1.0.0", "controller": "\u9ec4\u5188AI\u7b97\u6cd5\u63a7\u5236", "outputCommand": "\u4e00\u671f\u751f\u7269\u6c60#\u5b9e\u65f6\uff1a\u4e00\u671f\u6eb6\u89e3\u6c27\uff1a3.52mg/L\uff0c\u76ee\u6807\u503c\uff1a2mg/L#\u4e00\u671f1\u53f7\u98ce\u673a\u8fd0\u884c\uff0c\u53cd\u9988\uff1a60%\uff0c\u4e0a\u9650\uff1a100%\uff0c\u4e0b\u9650\uff1a55%\uff0c\u63a7\u5236\u8f93\u51fa\uff1a56.8%\u4e00\u671f2\u53f7\u98ce\u673a\u8fd0\u884c\uff0c\u53cd\u9988\uff1a60%\uff0c\u4e0a\u9650\uff1a100%\uff0c\u4e0b\u9650\uff1a55%\uff0c\u63a7\u5236\u8f93\u51fa\uff1a56.8%\u4e00\u671f3\u53f7\u98ce\u673a\u8fd0\u884c\uff0c\u53cd\u9988\uff1a60%\uff0c\u4e0a\u9650\uff1a100%\uff0c\u4e0b\u9650\uff1a55%\uff0c\u63a7\u5236\u8f93\u51fa\uff1a56.8%\u4e8c\u671f\u751f\u7269\u6c60#\u5b9e\u65f6\uff1a\u4e8c\u671f\u6eb6\u89e3\u6c27\uff1a2.51mg/L\uff0c\u76ee\u6807\u503c\uff1a2mg/L#\u4e8c\u671f1\u53f7\u98ce\u673a\u8fd0\u884c\uff0c\u53cd\u9988\uff1a75%\uff0c\u4e0a\u9650\uff1a98%\uff0c\u4e0b\u9650\uff1a55%\uff0c\u63a7\u5236\u8f93\u51fa\uff1a71.0%\u4e8c\u671f3\u53f7\u98ce\u673a\u8fd0\u884c\uff0c\u53cd\u9988\uff1a78%\uff0c\u4e0a\u9650\uff1a98%\uff0c\u4e0b\u9650\uff1a55%\uff0c\u63a7\u5236\u8f93\u51fa\uff1a74.0%\u4e8c\u671f6\u53f7\u98ce\u673a\u8fd0\u884c\uff0c\u53cd\u9988\uff1a78%\uff0c\u4e0a\u9650\uff1a98%\uff0c\u4e0b\u9650\uff1a55%\uff0c\u63a7\u5236\u8f93\u51fa\uff1a74.0%"}
2026-06-08 06:54:50,756 - MQTTClient - 177 - DEBUG - Message published (mid=20020)
2026-06-08 06:56:50,887 - MQTTClient - 99 - DEBUG - Published: Rpc/ - {"\u865a\u62df\u8bbe\u5907": {"\u4e00\u671f1\u53f7\u98ce\u673a\u542f\u505c": 1}}
2026-06-08 06:56:50,887 - MQTTClient - 177 - DEBUG - Message published (mid=20021)
2026-06-08 06:56:50,891 - MQTTClient - 177 - DEBUG - Message published (mid=20022)
2026-06-08 06:56:50,892 - MQTTClient - 99 - DEBUG - Published: Rpc/ - {"\u865a\u62df\u8bbe\u5907": {"\u4e00\u671f1\u53f7\u98ce\u673aSV\u503c": 57.6}}
2026-06-08 06:56:50,893 - MQTTClient - 99 - DEBUG - Published: Rpc/ - {"\u865a\u62df\u8bbe\u5907": {"\u4e00\u671f2\u53f7\u98ce\u673a\u542f\u505c": 1}}
2026-06-08 06:56:50,894 - MQTTClient - 177 - DEBUG - Message published (mid=20023)
2026-06-08 06:56:50,896 - MQTTClient - 177 - DEBUG - Message published (mid=20024)
2026-06-08 06:56:50,896 - MQTTClient - 99 - DEBUG - Published: Rpc/ - {"\u865a\u62df\u8bbe\u5907": {"\u4e00\u671f2\u53f7\u98ce\u673aSV\u503c": 57.6}}
2026-06-08 06:56:50,898 - MQTTClient - 177 - DEBUG - Message published (mid=20025)
2026-06-08 06:56:50,898 - MQTTClient - 99 - DEBUG - Published: Rpc/ - {"\u865a\u62df\u8bbe\u5907": {"\u4e00\u671f3\u53f7\u98ce\u673a\u542f\u505c": 1}}
2026-06-08 06:56:50,902 - MQTTClient - 177 - DEBUG - Message published (mid=20026)
2026-06-08 06:56:50,903 - MQTTClient - 99 - DEBUG - Published: Rpc/ - {"\u865a\u62df\u8bbe\u5907": {"\u4e00\u671f3\u53f7\u98ce\u673aSV\u503c": 57.6}}
2026-06-08 06:56:50,905 - MQTTClient - 177 - DEBUG - Message published (mid=20027)
2026-06-08 06:56:50,906 - MQTTClient - 99 - DEBUG - Published: Rpc/ - {"\u865a\u62df\u8bbe\u5907": {"\u4e8c\u671f1\u53f7\u98ce\u673a\u542f\u505c": 1}}
2026-06-08 06:56:50,910 - MQTTClient - 99 - DEBUG - Published: Rpc/ - {"\u865a\u62df\u8bbe\u5907": {"\u4e8c\u671f1\u53f7\u98ce\u673aSV\u503c": 71.0}}
2026-06-08 06:56:50,910 - MQTTClient - 177 - DEBUG - Message published (mid=20028)
2026-06-08 06:56:50,912 - MQTTClient - 99 - DEBUG - Published: Rpc/ - {"\u865a\u62df\u8bbe\u5907": {"\u4e8c\u671f3\u53f7\u98ce\u673a\u542f\u505c": 1}}
2026-06-08 06:56:50,912 - MQTTClient - 177 - DEBUG - Message published (mid=20029)
2026-06-08 06:56:50,915 - MQTTClient - 177 - DEBUG - Message published (mid=20030)
2026-06-08 06:56:50,916 - MQTTClient - 99 - DEBUG - Published: Rpc/ - {"\u865a\u62df\u8bbe\u5907": {"\u4e8c\u671f3\u53f7\u98ce\u673aSV\u503c": 74.0}}
2026-06-08 06:56:50,918 - MQTTClient - 177 - DEBUG - Message published (mid=20031)
2026-06-08 06:56:50,919 - MQTTClient - 99 - DEBUG - Published: Rpc/ - {"\u865a\u62df\u8bbe\u5907": {"\u4e8c\u671f6\u53f7\u98ce\u673a\u542f\u505c": 1}}
2026-06-08 06:56:50,925 - MQTTClient - 177 - DEBUG - Message published (mid=20032)
2026-06-08 06:56:50,925 - MQTTClient - 99 - DEBUG - Published: Rpc/ - {"\u865a\u62df\u8bbe\u5907": {"\u4e8c\u671f6\u53f7\u98ce\u673aSV\u503c": 74.0}}
2026-06-08 06:56:50,927 - MQTTClient - 99 - DEBUG - Published: /idms/api/v1/createControlX - {"type": "\u66dd\u6c14\u667a\u80fd\u4f53", "time": "2026-06-08 06:56:50", "algorithmVersion": "v1.0.0", "controller": "\u9ec4\u5188AI\u7b97\u6cd5\u63a7\u5236", "outputCommand": "\u4e00\u671f\u751f\u7269\u6c60#\u5b9e\u65f6\uff1a\u4e00\u671f\u6eb6\u89e3\u6c27\uff1a3.05mg/L\uff0c\u76ee\u6807\u503c\uff1a2mg/L#\u4e00\u671f1\u53f7\u98ce\u673a\u8fd0\u884c\uff0c\u53cd\u9988\uff1a60%\uff0c\u4e0a\u9650\uff1a100%\uff0c\u4e0b\u9650\uff1a55%\uff0c\u63a7\u5236\u8f93\u51fa\uff1a57.6%\u4e00\u671f2\u53f7\u98ce\u673a\u8fd0\u884c\uff0c\u53cd\u9988\uff1a60%\uff0c\u4e0a\u9650\uff1a100%\uff0c\u4e0b\u9650\uff1a55%\uff0c\u63a7\u5236\u8f93\u51fa\uff1a57.6%\u4e00\u671f3\u53f7\u98ce\u673a\u8fd0\u884c\uff0c\u53cd\u9988\uff1a60%\uff0c\u4e0a\u9650\uff1a100%\uff0c\u4e0b\u9650\uff1a55%\uff0c\u63a7\u5236\u8f93\u51fa\uff1a57.6%\u4e8c\u671f\u751f\u7269\u6c60#\u5b9e\u65f6\uff1a\u4e8c\u671f\u6eb6\u89e3\u6c27\uff1a2.47mg/L\uff0c\u76ee\u6807\u503c\uff1a2mg/L#\u4e8c\u671f1\u53f7\u98ce\u673a\u8fd0\u884c\uff0c\u53cd\u9988\uff1a75%\uff0c\u4e0a\u9650\uff1a98%\uff0c\u4e0b\u9650\uff1a55%\uff0c\u63a7\u5236\u8f93\u51fa\uff1a71.0%\u4e8c\u671f3\u53f7\u98ce\u673a\u8fd0\u884c\uff0c\u53cd\u9988\uff1a78%\uff0c\u4e0a\u9650\uff1a98%\uff0c\u4e0b\u9650\uff1a55%\uff0c\u63a7\u5236\u8f93\u51fa\uff1a74.0%\u4e8c\u671f6\u53f7\u98ce\u673a\u8fd0\u884c\uff0c\u53cd\u9988\uff1a78%\uff0c\u4e0a\u9650\uff1a98%\uff0c\u4e0b\u9650\uff1a55%\uff0c\u63a7\u5236\u8f93\u51fa\uff1a74.0%"}
2026-06-08 06:56:50,927 - MQTTClient - 177 - DEBUG - Message published (mid=20033)
2026-06-08 06:58:51,107 - MQTTClient - 99 - DEBUG - Published: Rpc/ - {"\u865a\u62df\u8bbe\u5907": {"\u4e00\u671f1\u53f7\u98ce\u673a\u542f\u505c": 1}}
2026-06-08 06:58:51,107 - MQTTClient - 177 - DEBUG - Message published (mid=20034)
2026-06-08 06:58:51,112 - MQTTClient - 177 - DEBUG - Message published (mid=20035)
2026-06-08 06:58:51,112 - MQTTClient - 99 - DEBUG - Published: Rpc/ - {"\u865a\u62df\u8bbe\u5907": {"\u4e00\u671f2\u53f7\u98ce\u673a\u542f\u505c": 1}}
2026-06-08 06:58:51,116 - MQTTClient - 99 - DEBUG - Published: Rpc/ - {"\u865a\u62df\u8bbe\u5907": {"\u4e00\u671f3\u53f7\u98ce\u673a\u542f\u505c": 1}}
2026-06-08 06:58:51,116 - MQTTClient - 177 - DEBUG - Message published (mid=20036)
2026-06-08 06:58:51,121 - MQTTClient - 177 - DEBUG - Message published (mid=20037)
2026-06-08 06:58:51,121 - MQTTClient - 99 - DEBUG - Published: Rpc/ - {"\u865a\u62df\u8bbe\u5907": {"\u4e8c\u671f1\u53f7\u98ce\u673a\u542f\u505c": 1}}
2026-06-08 06:58:51,124 - MQTTClient - 177 - DEBUG - Message published (mid=20038)
2026-06-08 06:58:51,125 - MQTTClient - 99 - DEBUG - Published: Rpc/ - {"\u865a\u62df\u8bbe\u5907": {"\u4e8c\u671f3\u53f7\u98ce\u673a\u542f\u505c": 1}}
2026-06-08 06:58:51,125 - MQTTClient - 99 - DEBUG - Published: Rpc/ - {"\u865a\u62df\u8bbe\u5907": {"\u4e8c\u671f1\u53f7\u98ce\u673aSV\u503c": 71.0}}
2026-06-08 06:58:51,125 - MQTTClient - 177 - DEBUG - Message published (mid=20039)
2026-06-08 06:58:51,129 - MQTTClient - 177 - DEBUG - Message published (mid=20040)
2026-06-08 06:58:51,129 - MQTTClient - 99 - DEBUG - Published: Rpc/ - {"\u865a\u62df\u8bbe\u5907": {"\u4e8c\u671f3\u53f7\u98ce\u673aSV\u503c": 74.0}}
2026-06-08 06:58:51,131 - MQTTClient - 177 - DEBUG - Message published (mid=20041)
2026-06-08 06:58:51,131 - MQTTClient - 99 - DEBUG - Published: Rpc/ - {"\u865a\u62df\u8bbe\u5907": {"\u4e8c\u671f6\u53f7\u98ce\u673a\u542f\u505c": 1}}
2026-06-08 06:58:51,135 - MQTTClient - 99 - DEBUG - Published: Rpc/ - {"\u865a\u62df\u8bbe\u5907": {"\u4e8c\u671f6\u53f7\u98ce\u673aSV\u503c": 74.0}}
2026-06-08 06:58:51,135 - MQTTClient - 177 - DEBUG - Message published (mid=20042)
2026-06-08 06:58:51,136 - MQTTClient - 99 - DEBUG - Published: /idms/api/v1/createControlX - {"type": "\u66dd\u6c14\u667a\u80fd\u4f53", "time": "2026-06-08 06:58:51", "algorithmVersion": "v1.0.0", "controller": "\u9ec4\u5188AI\u7b97\u6cd5\u63a7\u5236", "outputCommand": "\u4e00\u671f\u751f\u7269\u6c60#\u5b9e\u65f6\uff1a\u4e00\u671f\u6eb6\u89e3\u6c27\uff1a2.5mg/L\uff0c\u76ee\u6807\u503c\uff1a2mg/L#\u4e00\u671f1\u53f7\u98ce\u673a\u8fd0\u884c\uff0c\u53cd\u9988\uff1a60%\uff0c\u4e0a\u9650\uff1a100%\uff0c\u4e0b\u9650\uff1a55%\uff0c\u63a7\u5236\u8f93\u51fa\uff1a60.0%\u4e00\u671f2\u53f7\u98ce\u673a\u8fd0\u884c\uff0c\u53cd\u9988\uff1a60%\uff0c\u4e0a\u9650\uff1a100%\uff0c\u4e0b\u9650\uff1a55%\uff0c\u63a7\u5236\u8f93\u51fa\uff1a60.0%\u4e00\u671f3\u53f7\u98ce\u673a\u8fd0\u884c\uff0c\u53cd\u9988\uff1a60%\uff0c\u4e0a\u9650\uff1a100%\uff0c\u4e0b\u9650\uff1a55%\uff0c\u63a7\u5236\u8f93\u51fa\uff1a60.0%\u4e8c\u671f\u751f\u7269\u6c60#\u5b9e\u65f6\uff1a\u4e8c\u671f\u6eb6\u89e3\u6c27\uff1a2.52mg/L\uff0c\u76ee\u6807\u503c\uff1a2mg/L#\u4e8c\u671f1\u53f7\u98ce\u673a\u8fd0\u884c\uff0c\u53cd\u9988\uff1a75%\uff0c\u4e0a\u9650\uff1a98%\uff0c\u4e0b\u9650\uff1a55%\uff0c\u63a7\u5236\u8f93\u51fa\uff1a71.0%\u4e8c\u671f3\u53f7\u98ce\u673a\u8fd0\u884c\uff0c\u53cd\u9988\uff1a78%\uff0c\u4e0a\u9650\uff1a98%\uff0c\u4e0b\u9650\uff1a55%\uff0c\u63a7\u5236\u8f93\u51fa\uff1a74.0%\u4e8c\u671f6\u53f7\u98ce\u673a\u8fd0\u884c\uff0c\u53cd\u9988\uff1a78%\uff0c\u4e0a\u9650\uff1a98%\uff0c\u4e0b\u9650\uff1a55%\uff0c\u63a7\u5236\u8f93\u51fa\uff1a74.0%"}
2026-06-08 06:58:51,138 - MQTTClient - 177 - DEBUG - Message published (mid=20043)
2026-06-08 07:00:51,301 - MQTTClient - 177 - DEBUG - Message published (mid=20044)
2026-06-08 07:00:51,302 - MQTTClient - 99 - DEBUG - Published: Rpc/ - {"\u865a\u62df\u8bbe\u5907": {"\u4e00\u671f1\u53f7\u98ce\u673a\u542f\u505c": 1}}
2026-06-08 07:00:51,306 - MQTTClient - 99 - DEBUG - Published: Rpc/ - {"\u865a\u62df\u8bbe\u5907": {"\u4e00\u671f2\u53f7\u98ce\u673a\u542f\u505c": 1}}
2026-06-08 07:00:51,306 - MQTTClient - 177 - DEBUG - Message published (mid=20045)
2026-06-08 07:00:51,309 - MQTTClient - 99 - DEBUG - Published: Rpc/ - {"\u865a\u62df\u8bbe\u5907": {"\u4e00\u671f3\u53f7\u98ce\u673a\u542f\u505c": 1}}
2026-06-08 07:00:51,310 - MQTTClient - 177 - DEBUG - Message published (mid=20046)
2026-06-08 07:00:51,314 - MQTTClient - 177 - DEBUG - Message published (mid=20047)
2026-06-08 07:00:51,314 - MQTTClient - 99 - DEBUG - Published: Rpc/ - {"\u865a\u62df\u8bbe\u5907": {"\u4e8c\u671f1\u53f7\u98ce\u673a\u542f\u505c": 1}}
2026-06-08 07:00:51,317 - MQTTClient - 177 - DEBUG - Message published (mid=20048)
2026-06-08 07:00:51,318 - MQTTClient - 99 - DEBUG - Published: Rpc/ - {"\u865a\u62df\u8bbe\u5907": {"\u4e8c\u671f3\u53f7\u98ce\u673a\u542f\u505c": 1}}
2026-06-08 07:00:51,317 - MQTTClient - 99 - DEBUG - Published: Rpc/ - {"\u865a\u62df\u8bbe\u5907": {"\u4e8c\u671f1\u53f7\u98ce\u673aSV\u503c": 71.0}}
2026-06-08 07:00:51,319 - MQTTClient - 177 - DEBUG - Message published (mid=20049)
2026-06-08 07:00:51,324 - MQTTClient - 177 - DEBUG - Message published (mid=20050)
2026-06-08 07:00:51,325 - MQTTClient - 99 - DEBUG - Published: Rpc/ - {"\u865a\u62df\u8bbe\u5907": {"\u4e8c\u671f3\u53f7\u98ce\u673aSV\u503c": 74.0}}
2026-06-08 07:00:51,327 - MQTTClient - 177 - DEBUG - Message published (mid=20051)
2026-06-08 07:00:51,327 - MQTTClient - 99 - DEBUG - Published: Rpc/ - {"\u865a\u62df\u8bbe\u5907": {"\u4e8c\u671f6\u53f7\u98ce\u673a\u542f\u505c": 1}}
2026-06-08 07:00:51,333 - MQTTClient - 177 - DEBUG - Message published (mid=20052)
2026-06-08 07:00:51,333 - MQTTClient - 99 - DEBUG - Published: Rpc/ - {"\u865a\u62df\u8bbe\u5907": {"\u4e8c\u671f6\u53f7\u98ce\u673aSV\u503c": 74.0}}
2026-06-08 07:00:51,334 - MQTTClient - 177 - DEBUG - Message published (mid=20053)
2026-06-08 07:00:51,334 - MQTTClient - 99 - DEBUG - Published: /idms/api/v1/createControlX - {"type": "\u66dd\u6c14\u667a\u80fd\u4f53", "time": "2026-06-08 07:00:51", "algorithmVersion": "v1.0.0", "controller": "\u9ec4\u5188AI\u7b97\u6cd5\u63a7\u5236", "outputCommand": "\u4e00\u671f\u751f\u7269\u6c60#\u5b9e\u65f6\uff1a\u4e00\u671f\u6eb6\u89e3\u6c27\uff1a2.64mg/L\uff0c\u76ee\u6807\u503c\uff1a2mg/L#\u4e00\u671f1\u53f7\u98ce\u673a\u8fd0\u884c\uff0c\u53cd\u9988\uff1a60%\uff0c\u4e0a\u9650\uff1a100%\uff0c\u4e0b\u9650\uff1a55%\uff0c\u63a7\u5236\u8f93\u51fa\uff1a60.0%\u4e00\u671f2\u53f7\u98ce\u673a\u8fd0\u884c\uff0c\u53cd\u9988\uff1a60%\uff0c\u4e0a\u9650\uff1a100%\uff0c\u4e0b\u9650\uff1a55%\uff0c\u63a7\u5236\u8f93\u51fa\uff1a60.0%\u4e00\u671f3\u53f7\u98ce\u673a\u8fd0\u884c\uff0c\u53cd\u9988\uff1a60%\uff0c\u4e0a\u9650\uff1a100%\uff0c\u4e0b\u9650\uff1a55%\uff0c\u63a7\u5236\u8f93\u51fa\uff1a60.0%\u4e8c\u671f\u751f\u7269\u6c60#\u5b9e\u65f6\uff1a\u4e8c\u671f\u6eb6\u89e3\u6c27\uff1a2.53mg/L\uff0c\u76ee\u6807\u503c\uff1a2mg/L#\u4e8c\u671f1\u53f7\u98ce\u673a\u8fd0\u884c\uff0c\u53cd\u9988\uff1a75%\uff0c\u4e0a\u9650\uff1a98%\uff0c\u4e0b\u9650\uff1a55%\uff0c\u63a7\u5236\u8f93\u51fa\uff1a71.0%\u4e8c\u671f3\u53f7\u98ce\u673a\u8fd0\u884c\uff0c\u53cd\u9988\uff1a78%\uff0c\u4e0a\u9650\uff1a98%\uff0c\u4e0b\u9650\uff1a55%\uff0c\u63a7\u5236\u8f93\u51fa\uff1a74.0%\u4e8c\u671f6\u53f7\u98ce\u673a\u8fd0\u884c\uff0c\u53cd\u9988\uff1a78%\uff0c\u4e0a\u9650\uff1a98%\uff0c\u4e0b\u9650\uff1a55%\uff0c\u63a7\u5236\u8f93\u51fa\uff1a74.0%"}
2026-06-08 07:02:51,483 - MQTTClient - 177 - DEBUG - Message published (mid=20054)
2026-06-08 07:02:51,483 - MQTTClient - 99 - DEBUG - Published: Rpc/ - {"\u865a\u62df\u8bbe\u5907": {"\u4e00\u671f1\u53f7\u98ce\u673a\u542f\u505c": 1}}
2026-06-08 07:02:51,486 - MQTTClient - 99 - DEBUG - Published: Rpc/ - {"\u865a\u62df\u8bbe\u5907": {"\u4e00\u671f2\u53f7\u98ce\u673a\u542f\u505c": 1}}
2026-06-08 07:02:51,487 - MQTTClient - 177 - DEBUG - Message published (mid=20055)
2026-06-08 07:02:51,491 - MQTTClient - 99 - DEBUG - Published: Rpc/ - {"\u865a\u62df\u8bbe\u5907": {"\u4e00\u671f3\u53f7\u98ce\u673a\u542f\u505c": 1}}
2026-06-08 07:02:51,491 - MQTTClient - 177 - DEBUG - Message published (mid=20056)
2026-06-08 07:02:51,495 - MQTTClient - 99 - DEBUG - Published: Rpc/ - {"\u865a\u62df\u8bbe\u5907": {"\u4e8c\u671f1\u53f7\u98ce\u673a\u542f\u505c": 1}}
2026-06-08 07:02:51,495 - MQTTClient - 177 - DEBUG - Message published (mid=20057)
2026-06-08 07:02:51,499 - MQTTClient - 177 - DEBUG - Message published (mid=20058)
2026-06-08 07:02:51,500 - MQTTClient - 99 - DEBUG - Published: Rpc/ - {"\u865a\u62df\u8bbe\u5907": {"\u4e8c\u671f1\u53f7\u98ce\u673aSV\u503c": 71.0}}
2026-06-08 07:02:51,502 - MQTTClient - 177 - DEBUG - Message published (mid=20059)
2026-06-08 07:02:51,502 - MQTTClient - 99 - DEBUG - Published: Rpc/ - {"\u865a\u62df\u8bbe\u5907": {"\u4e8c\u671f3\u53f7\u98ce\u673a\u542f\u505c": 1}}
2026-06-08 07:02:51,506 - MQTTClient - 177 - DEBUG - Message published (mid=20060)
2026-06-08 07:02:51,507 - MQTTClient - 99 - DEBUG - Published: Rpc/ - {"\u865a\u62df\u8bbe\u5907": {"\u4e8c\u671f3\u53f7\u98ce\u673aSV\u503c": 74.0}}
2026-06-08 07:02:51,508 - MQTTClient - 177 - DEBUG - Message published (mid=20061)
2026-06-08 07:02:51,508 - MQTTClient - 99 - DEBUG - Published: Rpc/ - {"\u865a\u62df\u8bbe\u5907": {"\u4e8c\u671f6\u53f7\u98ce\u673a\u542f\u505c": 1}}
2026-06-08 07:02:51,559 - MQTTClient - 177 - DEBUG - Message published (mid=20062)
2026-06-08 07:02:51,559 - MQTTClient - 99 - DEBUG - Published: Rpc/ - {"\u865a\u62df\u8bbe\u5907": {"\u4e8c\u671f6\u53f7\u98ce\u673aSV\u503c": 74.0}}
2026-06-08 07:02:51,560 - MQTTClient - 99 - DEBUG - Published: /idms/api/v1/createControlX - {"type": "\u66dd\u6c14\u667a\u80fd\u4f53", "time": "2026-06-08 07:02:51", "algorithmVersion": "v1.0.0", "controller": "\u9ec4\u5188AI\u7b97\u6cd5\u63a7\u5236", "outputCommand": "\u4e00\u671f\u751f\u7269\u6c60#\u5b9e\u65f6\uff1a\u4e00\u671f\u6eb6\u89e3\u6c27\uff1a2.41mg/L\uff0c\u76ee\u6807\u503c\uff1a2mg/L#\u4e00\u671f1\u53f7\u98ce\u673a\u8fd0\u884c\uff0c\u53cd\u9988\uff1a60%\uff0c\u4e0a\u9650\uff1a100%\uff0c\u4e0b\u9650\uff1a55%\uff0c\u63a7\u5236\u8f93\u51fa\uff1a60.0%\u4e00\u671f2\u53f7\u98ce\u673a\u8fd0\u884c\uff0c\u53cd\u9988\uff1a60%\uff0c\u4e0a\u9650\uff1a100%\uff0c\u4e0b\u9650\uff1a55%\uff0c\u63a7\u5236\u8f93\u51fa\uff1a60.0%\u4e00\u671f3\u53f7\u98ce\u673a\u8fd0\u884c\uff0c\u53cd\u9988\uff1a60%\uff0c\u4e0a\u9650\uff1a100%\uff0c\u4e0b\u9650\uff1a55%\uff0c\u63a7\u5236\u8f93\u51fa\uff1a60.0%\u4e8c\u671f\u751f\u7269\u6c60#\u5b9e\u65f6\uff1a\u4e8c\u671f\u6eb6\u89e3\u6c27\uff1a2.54mg/L\uff0c\u76ee\u6807\u503c\uff1a2mg/L#\u4e8c\u671f1\u53f7\u98ce\u673a\u8fd0\u884c\uff0c\u53cd\u9988\uff1a75%\uff0c\u4e0a\u9650\uff1a98%\uff0c\u4e0b\u9650\uff1a55%\uff0c\u63a7\u5236\u8f93\u51fa\uff1a71.0%\u4e8c\u671f3\u53f7\u98ce\u673a\u8fd0\u884c\uff0c\u53cd\u9988\uff1a78%\uff0c\u4e0a\u9650\uff1a98%\uff0c\u4e0b\u9650\uff1a55%\uff0c\u63a7\u5236\u8f93\u51fa\uff1a74.0%\u4e8c\u671f6\u53f7\u98ce\u673a\u8fd0\u884c\uff0c\u53cd\u9988\uff1a78%\uff0c\u4e0a\u9650\uff1a98%\uff0c\u4e0b\u9650\uff1a55%\uff0c\u63a7\u5236\u8f93\u51fa\uff1a74.0%"}
2026-06-08 07:02:51,561 - MQTTClient - 177 - DEBUG - Message published (mid=20063)
2026-06-08 07:04:51,702 - MQTTClient - 177 - DEBUG - Message published (mid=20064)
2026-06-08 07:04:51,702 - MQTTClient - 99 - DEBUG - Published: Rpc/ - {"\u865a\u62df\u8bbe\u5907": {"\u4e00\u671f1\u53f7\u98ce\u673a\u542f\u505c": 1}}
2026-06-08 07:04:51,706 - MQTTClient - 99 - DEBUG - Published: Rpc/ - {"\u865a\u62df\u8bbe\u5907": {"\u4e00\u671f2\u53f7\u98ce\u673a\u542f\u505c": 1}}
2026-06-08 07:04:51,706 - MQTTClient - 177 - DEBUG - Message published (mid=20065)
2026-06-08 07:04:51,709 - MQTTClient - 177 - DEBUG - Message published (mid=20066)
2026-06-08 07:04:51,709 - MQTTClient - 99 - DEBUG - Published: Rpc/ - {"\u865a\u62df\u8bbe\u5907": {"\u4e00\u671f3\u53f7\u98ce\u673a\u542f\u505c": 1}}
2026-06-08 07:04:51,712 - MQTTClient - 99 - DEBUG - Published: Rpc/ - {"\u865a\u62df\u8bbe\u5907": {"\u4e8c\u671f1\u53f7\u98ce\u673a\u542f\u505c": 1}}
2026-06-08 07:04:51,713 - MQTTClient - 177 - DEBUG - Message published (mid=20067)
2026-06-08 07:04:51,716 - MQTTClient - 99 - DEBUG - Published: Rpc/ - {"\u865a\u62df\u8bbe\u5907": {"\u4e8c\u671f1\u53f7\u98ce\u673aSV\u503c": 71.0}}
2026-06-08 07:04:51,716 - MQTTClient - 177 - DEBUG - Message published (mid=20068)
2026-06-08 07:04:51,717 - MQTTClient - 99 - DEBUG - Published: Rpc/ - {"\u865a\u62df\u8bbe\u5907": {"\u4e8c\u671f3\u53f7\u98ce\u673a\u542f\u505c": 1}}
2026-06-08 07:04:51,720 - MQTTClient - 177 - DEBUG - Message published (mid=20069)
2026-06-08 07:04:51,723 - MQTTClient - 177 - DEBUG - Message published (mid=20070)
2026-06-08 07:04:51,723 - MQTTClient - 99 - DEBUG - Published: Rpc/ - {"\u865a\u62df\u8bbe\u5907": {"\u4e8c\u671f6\u53f7\u98ce\u673a\u542f\u505c": 1}}
2026-06-08 07:04:51,723 - MQTTClient - 99 - DEBUG - Published: Rpc/ - {"\u865a\u62df\u8bbe\u5907": {"\u4e8c\u671f3\u53f7\u98ce\u673aSV\u503c": 74.0}}
2026-06-08 07:04:51,725 - MQTTClient - 177 - DEBUG - Message published (mid=20071)
2026-06-08 07:04:51,728 - MQTTClient - 99 - DEBUG - Published: Rpc/ - {"\u865a\u62df\u8bbe\u5907": {"\u4e8c\u671f6\u53f7\u98ce\u673aSV\u503c": 74.0}}
2026-06-08 07:04:51,728 - MQTTClient - 177 - DEBUG - Message published (mid=20072)
2026-06-08 07:04:51,730 - MQTTClient - 99 - DEBUG - Published: /idms/api/v1/createControlX - {"type": "\u66dd\u6c14\u667a\u80fd\u4f53", "time": "2026-06-08 07:04:51", "algorithmVersion": "v1.0.0", "controller": "\u9ec4\u5188AI\u7b97\u6cd5\u63a7\u5236", "outputCommand": "\u4e00\u671f\u751f\u7269\u6c60#\u5b9e\u65f6\uff1a\u4e00\u671f\u6eb6\u89e3\u6c27\uff1a2.45mg/L\uff0c\u76ee\u6807\u503c\uff1a2mg/L#\u4e00\u671f1\u53f7\u98ce\u673a\u8fd0\u884c\uff0c\u53cd\u9988\uff1a60%\uff0c\u4e0a\u9650\uff1a100%\uff0c\u4e0b\u9650\uff1a55%\uff0c\u63a7\u5236\u8f93\u51fa\uff1a60.0%\u4e00\u671f2\u53f7\u98ce\u673a\u8fd0\u884c\uff0c\u53cd\u9988\uff1a60%\uff0c\u4e0a\u9650\uff1a100%\uff0c\u4e0b\u9650\uff1a55%\uff0c\u63a7\u5236\u8f93\u51fa\uff1a60.0%\u4e00\u671f3\u53f7\u98ce\u673a\u8fd0\u884c\uff0c\u53cd\u9988\uff1a60%\uff0c\u4e0a\u9650\uff1a100%\uff0c\u4e0b\u9650\uff1a55%\uff0c\u63a7\u5236\u8f93\u51fa\uff1a60.0%\u4e8c\u671f\u751f\u7269\u6c60#\u5b9e\u65f6\uff1a\u4e8c\u671f\u6eb6\u89e3\u6c27\uff1a2.67mg/L\uff0c\u76ee\u6807\u503c\uff1a2mg/L#\u4e8c\u671f1\u53f7\u98ce\u673a\u8fd0\u884c\uff0c\u53cd\u9988\uff1a75%\uff0c\u4e0a\u9650\uff1a98%\uff0c\u4e0b\u9650\uff1a55%\uff0c\u63a7\u5236\u8f93\u51fa\uff1a71.0%\u4e8c\u671f3\u53f7\u98ce\u673a\u8fd0\u884c\uff0c\u53cd\u9988\uff1a78%\uff0c\u4e0a\u9650\uff1a98%\uff0c\u4e0b\u9650\uff1a55%\uff0c\u63a7\u5236\u8f93\u51fa\uff1a74.0%\u4e8c\u671f6\u53f7\u98ce\u673a\u8fd0\u884c\uff0c\u53cd\u9988\uff1a78%\uff0c\u4e0a\u9650\uff1a98%\uff0c\u4e0b\u9650\uff1a55%\uff0c\u63a7\u5236\u8f93\u51fa\uff1a74.0%"}
2026-06-08 07:04:51,730 - MQTTClient - 177 - DEBUG - Message published (mid=20073)
2026-06-08 07:06:51,870 - MQTTClient - 99 - DEBUG - Published: Rpc/ - {"\u865a\u62df\u8bbe\u5907": {"\u4e00\u671f1\u53f7\u98ce\u673a\u542f\u505c": 1}}
2026-06-08 07:06:51,870 - MQTTClient - 177 - DEBUG - Message published (mid=20074)
2026-06-08 07:06:51,873 - MQTTClient - 99 - DEBUG - Published: Rpc/ - {"\u865a\u62df\u8bbe\u5907": {"\u4e00\u671f2\u53f7\u98ce\u673a\u542f\u505c": 1}}
2026-06-08 07:06:51,873 - MQTTClient - 177 - DEBUG - Message published (mid=20075)
2026-06-08 07:06:51,877 - MQTTClient - 177 - DEBUG - Message published (mid=20076)
2026-06-08 07:06:51,877 - MQTTClient - 99 - DEBUG - Published: Rpc/ - {"\u865a\u62df\u8bbe\u5907": {"\u4e00\u671f3\u53f7\u98ce\u673a\u542f\u505c": 1}}
2026-06-08 07:06:51,884 - MQTTClient - 177 - DEBUG - Message published (mid=20077)
2026-06-08 07:06:51,884 - MQTTClient - 99 - DEBUG - Published: Rpc/ - {"\u865a\u62df\u8bbe\u5907": {"\u4e8c\u671f1\u53f7\u98ce\u673a\u542f\u505c": 1}}
2026-06-08 07:06:51,889 - MQTTClient - 177 - DEBUG - Message published (mid=20078)
2026-06-08 07:06:51,890 - MQTTClient - 99 - DEBUG - Published: Rpc/ - {"\u865a\u62df\u8bbe\u5907": {"\u4e8c\u671f1\u53f7\u98ce\u673aSV\u503c": 71.0}}
2026-06-08 07:06:51,891 - MQTTClient - 99 - DEBUG - Published: Rpc/ - {"\u865a\u62df\u8bbe\u5907": {"\u4e8c\u671f3\u53f7\u98ce\u673a\u542f\u505c": 1}}
2026-06-08 07:06:51,891 - MQTTClient - 177 - DEBUG - Message published (mid=20079)
2026-06-08 07:06:51,895 - MQTTClient - 99 - DEBUG - Published: Rpc/ - {"\u865a\u62df\u8bbe\u5907": {"\u4e8c\u671f3\u53f7\u98ce\u673aSV\u503c": 74.0}}
2026-06-08 07:06:51,895 - MQTTClient - 177 - DEBUG - Message published (mid=20080)
2026-06-08 07:06:51,897 - MQTTClient - 177 - DEBUG - Message published (mid=20081)
2026-06-08 07:06:51,898 - MQTTClient - 99 - DEBUG - Published: Rpc/ - {"\u865a\u62df\u8bbe\u5907": {"\u4e8c\u671f6\u53f7\u98ce\u673a\u542f\u505c": 1}}
2026-06-08 07:06:51,900 - MQTTClient - 177 - DEBUG - Message published (mid=20082)
2026-06-08 07:06:51,900 - MQTTClient - 99 - DEBUG - Published: Rpc/ - {"\u865a\u62df\u8bbe\u5907": {"\u4e8c\u671f6\u53f7\u98ce\u673aSV\u503c": 74.0}}
2026-06-08 07:06:51,901 - MQTTClient - 99 - DEBUG - Published: /idms/api/v1/createControlX - {"type": "\u66dd\u6c14\u667a\u80fd\u4f53", "time": "2026-06-08 07:06:51", "algorithmVersion": "v1.0.0", "controller": "\u9ec4\u5188AI\u7b97\u6cd5\u63a7\u5236", "outputCommand": "\u4e00\u671f\u751f\u7269\u6c60#\u5b9e\u65f6\uff1a\u4e00\u671f\u6eb6\u89e3\u6c27\uff1a2.56mg/L\uff0c\u76ee\u6807\u503c\uff1a2mg/L#\u4e00\u671f1\u53f7\u98ce\u673a\u8fd0\u884c\uff0c\u53cd\u9988\uff1a60%\uff0c\u4e0a\u9650\uff1a100%\uff0c\u4e0b\u9650\uff1a55%\uff0c\u63a7\u5236\u8f93\u51fa\uff1a60.0%\u4e00\u671f2\u53f7\u98ce\u673a\u8fd0\u884c\uff0c\u53cd\u9988\uff1a60%\uff0c\u4e0a\u9650\uff1a100%\uff0c\u4e0b\u9650\uff1a55%\uff0c\u63a7\u5236\u8f93\u51fa\uff1a60.0%\u4e00\u671f3\u53f7\u98ce\u673a\u8fd0\u884c\uff0c\u53cd\u9988\uff1a60%\uff0c\u4e0a\u9650\uff1a100%\uff0c\u4e0b\u9650\uff1a55%\uff0c\u63a7\u5236\u8f93\u51fa\uff1a60.0%\u4e8c\u671f\u751f\u7269\u6c60#\u5b9e\u65f6\uff1a\u4e8c\u671f\u6eb6\u89e3\u6c27\uff1a2.62mg/L\uff0c\u76ee\u6807\u503c\uff1a2mg/L#\u4e8c\u671f1\u53f7\u98ce\u673a\u8fd0\u884c\uff0c\u53cd\u9988\uff1a75%\uff0c\u4e0a\u9650\uff1a98%\uff0c\u4e0b\u9650\uff1a55%\uff0c\u63a7\u5236\u8f93\u51fa\uff1a71.0%\u4e8c\u671f3\u53f7\u98ce\u673a\u8fd0\u884c\uff0c\u53cd\u9988\uff1a78%\uff0c\u4e0a\u9650\uff1a98%\uff0c\u4e0b\u9650\uff1a55%\uff0c\u63a7\u5236\u8f93\u51fa\uff1a74.0%\u4e8c\u671f6\u53f7\u98ce\u673a\u8fd0\u884c\uff0c\u53cd\u9988\uff1a78%\uff0c\u4e0a\u9650\uff1a98%\uff0c\u4e0b\u9650\uff1a55%\uff0c\u63a7\u5236\u8f93\u51fa\uff1a74.0%"}
2026-06-08 07:06:51,902 - MQTTClient - 177 - DEBUG - Message published (mid=20083)
2026-06-08 07:08:52,021 - MQTTClient - 99 - DEBUG - Published: Rpc/ - {"\u865a\u62df\u8bbe\u5907": {"\u4e00\u671f1\u53f7\u98ce\u673a\u542f\u505c": 1}}
2026-06-08 07:08:52,021 - MQTTClient - 177 - DEBUG - Message published (mid=20084)
2026-06-08 07:08:52,024 - MQTTClient - 99 - DEBUG - Published: Rpc/ - {"\u865a\u62df\u8bbe\u5907": {"\u4e00\u671f1\u53f7\u98ce\u673aSV\u503c": 55.9}}
2026-06-08 07:08:52,024 - MQTTClient - 177 - DEBUG - Message published (mid=20085)
2026-06-08 07:08:52,025 - MQTTClient - 99 - DEBUG - Published: Rpc/ - {"\u865a\u62df\u8bbe\u5907": {"\u4e00\u671f2\u53f7\u98ce\u673a\u542f\u505c": 1}}
2026-06-08 07:08:52,026 - MQTTClient - 177 - DEBUG - Message published (mid=20086)
2026-06-08 07:08:52,030 - MQTTClient - 177 - DEBUG - Message published (mid=20087)
2026-06-08 07:08:52,030 - MQTTClient - 99 - DEBUG - Published: Rpc/ - {"\u865a\u62df\u8bbe\u5907": {"\u4e00\u671f3\u53f7\u98ce\u673a\u542f\u505c": 1}}
2026-06-08 07:08:52,030 - MQTTClient - 99 - DEBUG - Published: Rpc/ - {"\u865a\u62df\u8bbe\u5907": {"\u4e00\u671f2\u53f7\u98ce\u673aSV\u503c": 55.9}}
2026-06-08 07:08:52,031 - MQTTClient - 177 - DEBUG - Message published (mid=20088)
2026-06-08 07:08:52,035 - MQTTClient - 99 - DEBUG - Published: Rpc/ - {"\u865a\u62df\u8bbe\u5907": {"\u4e00\u671f3\u53f7\u98ce\u673aSV\u503c": 55.9}}
2026-06-08 07:08:52,035 - MQTTClient - 177 - DEBUG - Message published (mid=20089)
2026-06-08 07:08:52,037 - MQTTClient - 99 - DEBUG - Published: Rpc/ - {"\u865a\u62df\u8bbe\u5907": {"\u4e8c\u671f1\u53f7\u98ce\u673a\u542f\u505c": 1}}
2026-06-08 07:08:52,037 - MQTTClient - 177 - DEBUG - Message published (mid=20090)
2026-06-08 07:08:52,043 - MQTTClient - 177 - DEBUG - Message published (mid=20091)
2026-06-08 07:08:52,043 - MQTTClient - 99 - DEBUG - Published: Rpc/ - {"\u865a\u62df\u8bbe\u5907": {"\u4e8c\u671f1\u53f7\u98ce\u673aSV\u503c": 71.0}}
2026-06-08 07:08:52,045 - MQTTClient - 177 - DEBUG - Message published (mid=20092)
2026-06-08 07:08:52,046 - MQTTClient - 99 - DEBUG - Published: Rpc/ - {"\u865a\u62df\u8bbe\u5907": {"\u4e8c\u671f3\u53f7\u98ce\u673a\u542f\u505c": 1}}
2026-06-08 07:08:52,050 - MQTTClient - 99 - DEBUG - Published: Rpc/ - {"\u865a\u62df\u8bbe\u5907": {"\u4e8c\u671f3\u53f7\u98ce\u673aSV\u503c": 74.0}}
2026-06-08 07:08:52,050 - MQTTClient - 177 - DEBUG - Message published (mid=20093)
2026-06-08 07:08:52,051 - MQTTClient - 99 - DEBUG - Published: Rpc/ - {"\u865a\u62df\u8bbe\u5907": {"\u4e8c\u671f6\u53f7\u98ce\u673a\u542f\u505c": 1}}
2026-06-08 07:08:52,052 - MQTTClient - 177 - DEBUG - Message published (mid=20094)
2026-06-08 07:08:52,054 - MQTTClient - 177 - DEBUG - Message published (mid=20095)
2026-06-08 07:08:52,054 - MQTTClient - 99 - DEBUG - Published: Rpc/ - {"\u865a\u62df\u8bbe\u5907": {"\u4e8c\u671f6\u53f7\u98ce\u673aSV\u503c": 74.0}}
2026-06-08 07:08:52,057 - MQTTClient - 177 - DEBUG - Message published (mid=20096)
2026-06-08 07:08:52,057 - MQTTClient - 99 - DEBUG - Published: /idms/api/v1/createControlX - {"type": "\u66dd\u6c14\u667a\u80fd\u4f53", "time": "2026-06-08 07:08:52", "algorithmVersion": "v1.0.0", "controller": "\u9ec4\u5188AI\u7b97\u6cd5\u63a7\u5236", "outputCommand": "\u4e00\u671f\u751f\u7269\u6c60#\u5b9e\u65f6\uff1a\u4e00\u671f\u6eb6\u89e3\u6c27\uff1a2.73mg/L\uff0c\u76ee\u6807\u503c\uff1a2mg/L#\u4e00\u671f1\u53f7\u98ce\u673a\u8fd0\u884c\uff0c\u53cd\u9988\uff1a60%\uff0c\u4e0a\u9650\uff1a100%\uff0c\u4e0b\u9650\uff1a55%\uff0c\u63a7\u5236\u8f93\u51fa\uff1a55.9%\u4e00\u671f2\u53f7\u98ce\u673a\u8fd0\u884c\uff0c\u53cd\u9988\uff1a60%\uff0c\u4e0a\u9650\uff1a100%\uff0c\u4e0b\u9650\uff1a55%\uff0c\u63a7\u5236\u8f93\u51fa\uff1a55.9%\u4e00\u671f3\u53f7\u98ce\u673a\u8fd0\u884c\uff0c\u53cd\u9988\uff1a60%\uff0c\u4e0a\u9650\uff1a100%\uff0c\u4e0b\u9650\uff1a55%\uff0c\u63a7\u5236\u8f93\u51fa\uff1a55.9%\u4e8c\u671f\u751f\u7269\u6c60#\u5b9e\u65f6\uff1a\u4e8c\u671f\u6eb6\u89e3\u6c27\uff1a2.64mg/L\uff0c\u76ee\u6807\u503c\uff1a2mg/L#\u4e8c\u671f1\u53f7\u98ce\u673a\u8fd0\u884c\uff0c\u53cd\u9988\uff1a75%\uff0c\u4e0a\u9650\uff1a98%\uff0c\u4e0b\u9650\uff1a55%\uff0c\u63a7\u5236\u8f93\u51fa\uff1a71.0%\u4e8c\u671f3\u53f7\u98ce\u673a\u8fd0\u884c\uff0c\u53cd\u9988\uff1a78%\uff0c\u4e0a\u9650\uff1a98%\uff0c\u4e0b\u9650\uff1a55%\uff0c\u63a7\u5236\u8f93\u51fa\uff1a74.0%\u4e8c\u671f6\u53f7\u98ce\u673a\u8fd0\u884c\uff0c\u53cd\u9988\uff1a78%\uff0c\u4e0a\u9650\uff1a98%\uff0c\u4e0b\u9650\uff1a55%\uff0c\u63a7\u5236\u8f93\u51fa\uff1a74.0%"}
2026-06-08 07:10:52,275 - MQTTClient - 177 - DEBUG - Message published (mid=20097)
2026-06-08 07:10:52,275 - MQTTClient - 99 - DEBUG - Published: Rpc/ - {"\u865a\u62df\u8bbe\u5907": {"\u4e00\u671f1\u53f7\u98ce\u673a\u542f\u505c": 1}}
2026-06-08 07:10:52,278 - MQTTClient - 177 - DEBUG - Message published (mid=20098)
2026-06-08 07:10:52,278 - MQTTClient - 99 - DEBUG - Published: Rpc/ - {"\u865a\u62df\u8bbe\u5907": {"\u4e00\u671f1\u53f7\u98ce\u673aSV\u503c": 55.0}}
2026-06-08 07:10:52,278 - MQTTClient - 99 - DEBUG - Published: Rpc/ - {"\u865a\u62df\u8bbe\u5907": {"\u4e00\u671f2\u53f7\u98ce\u673a\u542f\u505c": 1}}
2026-06-08 07:10:52,280 - MQTTClient - 177 - DEBUG - Message published (mid=20099)
2026-06-08 07:10:52,283 - MQTTClient - 99 - DEBUG - Published: Rpc/ - {"\u865a\u62df\u8bbe\u5907": {"\u4e00\u671f2\u53f7\u98ce\u673aSV\u503c": 55.0}}
2026-06-08 07:10:52,283 - MQTTClient - 177 - DEBUG - Message published (mid=20100)
2026-06-08 07:10:52,284 - MQTTClient - 99 - DEBUG - Published: Rpc/ - {"\u865a\u62df\u8bbe\u5907": {"\u4e00\u671f3\u53f7\u98ce\u673a\u542f\u505c": 1}}
2026-06-08 07:10:52,285 - MQTTClient - 177 - DEBUG - Message published (mid=20101)
2026-06-08 07:10:52,288 - MQTTClient - 99 - DEBUG - Published: Rpc/ - {"\u865a\u62df\u8bbe\u5907": {"\u4e00\u671f3\u53f7\u98ce\u673aSV\u503c": 55.0}}
2026-06-08 07:10:52,288 - MQTTClient - 177 - DEBUG - Message published (mid=20102)
2026-06-08 07:10:52,289 - MQTTClient - 99 - DEBUG - Published: Rpc/ - {"\u865a\u62df\u8bbe\u5907": {"\u4e8c\u671f1\u53f7\u98ce\u673a\u542f\u505c": 1}}
2026-06-08 07:10:52,290 - MQTTClient - 177 - DEBUG - Message published (mid=20103)
2026-06-08 07:10:52,293 - MQTTClient - 99 - DEBUG - Published: Rpc/ - {"\u865a\u62df\u8bbe\u5907": {"\u4e8c\u671f1\u53f7\u98ce\u673aSV\u503c": 71.0}}
2026-06-08 07:10:52,293 - MQTTClient - 177 - DEBUG - Message published (mid=20104)
2026-06-08 07:10:52,293 - MQTTClient - 99 - DEBUG - Published: Rpc/ - {"\u865a\u62df\u8bbe\u5907": {"\u4e8c\u671f3\u53f7\u98ce\u673a\u542f\u505c": 1}}
2026-06-08 07:10:52,295 - MQTTClient - 177 - DEBUG - Message published (mid=20105)
2026-06-08 07:10:52,297 - MQTTClient - 99 - DEBUG - Published: Rpc/ - {"\u865a\u62df\u8bbe\u5907": {"\u4e8c\u671f3\u53f7\u98ce\u673aSV\u503c": 74.0}}
2026-06-08 07:10:52,297 - MQTTClient - 177 - DEBUG - Message published (mid=20106)
2026-06-08 07:10:52,297 - MQTTClient - 99 - DEBUG - Published: Rpc/ - {"\u865a\u62df\u8bbe\u5907": {"\u4e8c\u671f6\u53f7\u98ce\u673a\u542f\u505c": 1}}
2026-06-08 07:10:52,299 - MQTTClient - 177 - DEBUG - Message published (mid=20107)
2026-06-08 07:10:52,301 - MQTTClient - 99 - DEBUG - Published: Rpc/ - {"\u865a\u62df\u8bbe\u5907": {"\u4e8c\u671f6\u53f7\u98ce\u673aSV\u503c": 74.0}}
2026-06-08 07:10:52,301 - MQTTClient - 177 - DEBUG - Message published (mid=20108)
2026-06-08 07:10:52,301 - MQTTClient - 99 - DEBUG - Published: /idms/api/v1/createControlX - {"type": "\u66dd\u6c14\u667a\u80fd\u4f53", "time": "2026-06-08 07:10:52", "algorithmVersion": "v1.0.0", "controller": "\u9ec4\u5188AI\u7b97\u6cd5\u63a7\u5236", "outputCommand": "\u4e00\u671f\u751f\u7269\u6c60#\u5b9e\u65f6\uff1a\u4e00\u671f\u6eb6\u89e3\u6c27\uff1a2.81mg/L\uff0c\u76ee\u6807\u503c\uff1a2mg/L#\u4e00\u671f1\u53f7\u98ce\u673a\u8fd0\u884c\uff0c\u53cd\u9988\uff1a60%\uff0c\u4e0a\u9650\uff1a100%\uff0c\u4e0b\u9650\uff1a55%\uff0c\u63a7\u5236\u8f93\u51fa\uff1a55.0%\u4e00\u671f2\u53f7\u98ce\u673a\u8fd0\u884c\uff0c\u53cd\u9988\uff1a60%\uff0c\u4e0a\u9650\uff1a100%\uff0c\u4e0b\u9650\uff1a55%\uff0c\u63a7\u5236\u8f93\u51fa\uff1a55.0%\u4e00\u671f3\u53f7\u98ce\u673a\u8fd0\u884c\uff0c\u53cd\u9988\uff1a60%\uff0c\u4e0a\u9650\uff1a100%\uff0c\u4e0b\u9650\uff1a55%\uff0c\u63a7\u5236\u8f93\u51fa\uff1a55.0%\u4e8c\u671f\u751f\u7269\u6c60#\u5b9e\u65f6\uff1a\u4e8c\u671f\u6eb6\u89e3\u6c27\uff1a2.78mg/L\uff0c\u76ee\u6807\u503c\uff1a2mg/L#\u4e8c\u671f1\u53f7\u98ce\u673a\u8fd0\u884c\uff0c\u53cd\u9988\uff1a75%\uff0c\u4e0a\u9650\uff1a98%\uff0c\u4e0b\u9650\uff1a55%\uff0c\u63a7\u5236\u8f93\u51fa\uff1a71.0%\u4e8c\u671f3\u53f7\u98ce\u673a\u8fd0\u884c\uff0c\u53cd\u9988\uff1a78%\uff0c\u4e0a\u9650\uff1a98%\uff0c\u4e0b\u9650\uff1a55%\uff0c\u63a7\u5236\u8f93\u51fa\uff1a74.0%\u4e8c\u671f6\u53f7\u98ce\u673a\u8fd0\u884c\uff0c\u53cd\u9988\uff1a78%\uff0c\u4e0a\u9650\uff1a98%\uff0c\u4e0b\u9650\uff1a55%\uff0c\u63a7\u5236\u8f93\u51fa\uff1a74.0%"}
2026-06-08 07:10:52,303 - MQTTClient - 177 - DEBUG - Message published (mid=20109)
2026-06-08 07:10:53,557 - MQTTClient - 141 - DEBUG - Connected to 10.7.7.62 successfully
2026-06-08 07:10:53,639 - MQTTClient - 174 - DEBUG - Subscribed with QOS: (0,)
2026-06-08 07:11:25,289 - MQTTClient - 141 - DEBUG - Connected to 10.7.7.62 successfully
2026-06-08 07:11:25,831 - MQTTClient - 174 - DEBUG - Subscribed with QOS: (0,)
2026-06-08 07:11:55,377 - MQTTClient - 141 - DEBUG - Connected to 10.7.7.62 successfully
2026-06-08 07:11:55,441 - MQTTClient - 174 - DEBUG - Subscribed with QOS: (0,)
2026-06-08 07:12:25,696 - MQTTClient - 141 - DEBUG - Connected to 10.7.7.62 successfully
2026-06-08 07:12:25,768 - MQTTClient - 174 - DEBUG - Subscribed with QOS: (0,)
2026-06-08 07:12:52,482 - MQTTClient - 99 - DEBUG - Published: Rpc/ - {"\u865a\u62df\u8bbe\u5907": {"\u4e00\u671f1\u53f7\u98ce\u673a\u542f\u505c": 1}}
2026-06-08 07:12:52,486 - MQTTClient - 99 - DEBUG - Published: Rpc/ - {"\u865a\u62df\u8bbe\u5907": {"\u4e00\u671f1\u53f7\u98ce\u673aSV\u503c": 55.0}}
2026-06-08 07:12:52,486 - MQTTClient - 99 - DEBUG - Published: Rpc/ - {"\u865a\u62df\u8bbe\u5907": {"\u4e00\u671f2\u53f7\u98ce\u673a\u542f\u505c": 1}}
2026-06-08 07:12:52,491 - MQTTClient - 99 - DEBUG - Published: Rpc/ - {"\u865a\u62df\u8bbe\u5907": {"\u4e00\u671f2\u53f7\u98ce\u673aSV\u503c": 55.0}}
2026-06-08 07:12:52,492 - MQTTClient - 99 - DEBUG - Published: Rpc/ - {"\u865a\u62df\u8bbe\u5907": {"\u4e00\u671f3\u53f7\u98ce\u673a\u542f\u505c": 1}}
2026-06-08 07:12:52,494 - MQTTClient - 99 - DEBUG - Published: Rpc/ - {"\u865a\u62df\u8bbe\u5907": {"\u4e00\u671f3\u53f7\u98ce\u673aSV\u503c": 55.0}}
2026-06-08 07:12:52,496 - MQTTClient - 99 - DEBUG - Published: Rpc/ - {"\u865a\u62df\u8bbe\u5907": {"\u4e8c\u671f1\u53f7\u98ce\u673a\u542f\u505c": 1}}
2026-06-08 07:12:52,500 - MQTTClient - 99 - DEBUG - Published: Rpc/ - {"\u865a\u62df\u8bbe\u5907": {"\u4e8c\u671f1\u53f7\u98ce\u673aSV\u503c": 71.0}}
2026-06-08 07:12:52,500 - MQTTClient - 99 - DEBUG - Published: Rpc/ - {"\u865a\u62df\u8bbe\u5907": {"\u4e8c\u671f3\u53f7\u98ce\u673a\u542f\u505c": 1}}
2026-06-08 07:12:52,504 - MQTTClient - 99 - DEBUG - Published: Rpc/ - {"\u865a\u62df\u8bbe\u5907": {"\u4e8c\u671f3\u53f7\u98ce\u673aSV\u503c": 74.0}}
2026-06-08 07:12:52,504 - MQTTClient - 99 - DEBUG - Published: Rpc/ - {"\u865a\u62df\u8bbe\u5907": {"\u4e8c\u671f6\u53f7\u98ce\u673a\u542f\u505c": 1}}
2026-06-08 07:12:52,508 - MQTTClient - 99 - DEBUG - Published: Rpc/ - {"\u865a\u62df\u8bbe\u5907": {"\u4e8c\u671f6\u53f7\u98ce\u673aSV\u503c": 74.0}}
2026-06-08 07:12:52,509 - MQTTClient - 99 - DEBUG - Published: /idms/api/v1/createControlX - {"type": "\u66dd\u6c14\u667a\u80fd\u4f53", "time": "2026-06-08 07:12:52", "algorithmVersion": "v1.0.0", "controller": "\u9ec4\u5188AI\u7b97\u6cd5\u63a7\u5236", "outputCommand": "\u4e00\u671f\u751f\u7269\u6c60#\u5b9e\u65f6\uff1a\u4e00\u671f\u6eb6\u89e3\u6c27\uff1a2.96mg/L\uff0c\u76ee\u6807\u503c\uff1a2mg/L#\u4e00\u671f1\u53f7\u98ce\u673a\u8fd0\u884c\uff0c\u53cd\u9988\uff1a60%\uff0c\u4e0a\u9650\uff1a100%\uff0c\u4e0b\u9650\uff1a55%\uff0c\u63a7\u5236\u8f93\u51fa\uff1a55.0%\u4e00\u671f2\u53f7\u98ce\u673a\u8fd0\u884c\uff0c\u53cd\u9988\uff1a60%\uff0c\u4e0a\u9650\uff1a100%\uff0c\u4e0b\u9650\uff1a55%\uff0c\u63a7\u5236\u8f93\u51fa\uff1a55.0%\u4e00\u671f3\u53f7\u98ce\u673a\u8fd0\u884c\uff0c\u53cd\u9988\uff1a60%\uff0c\u4e0a\u9650\uff1a100%\uff0c\u4e0b\u9650\uff1a55%\uff0c\u63a7\u5236\u8f93\u51fa\uff1a55.0%\u4e8c\u671f\u751f\u7269\u6c60#\u5b9e\u65f6\uff1a\u4e8c\u671f\u6eb6\u89e3\u6c27\uff1a2.49mg/L\uff0c\u76ee\u6807\u503c\uff1a2mg/L#\u4e8c\u671f1\u53f7\u98ce\u673a\u8fd0\u884c\uff0c\u53cd\u9988\uff1a75%\uff0c\u4e0a\u9650\uff1a98%\uff0c\u4e0b\u9650\uff1a55%\uff0c\u63a7\u5236\u8f93\u51fa\uff1a71.0%\u4e8c\u671f3\u53f7\u98ce\u673a\u8fd0\u884c\uff0c\u53cd\u9988\uff1a78%\uff0c\u4e0a\u9650\uff1a98%\uff0c\u4e0b\u9650\uff1a55%\uff0c\u63a7\u5236\u8f93\u51fa\uff1a74.0%\u4e8c\u671f6\u53f7\u98ce\u673a\u8fd0\u884c\uff0c\u53cd\u9988\uff1a78%\uff0c\u4e0a\u9650\uff1a98%\uff0c\u4e0b\u9650\uff1a55%\uff0c\u63a7\u5236\u8f93\u51fa\uff1a74.0%"}
2026-06-08 07:12:53,630 - MQTTClient - 141 - DEBUG - Connected to 10.7.7.62 successfully
2026-06-08 07:12:53,682 - MQTTClient - 174 - DEBUG - Subscribed with QOS: (0,)
2026-06-08 07:13:19,045 - MQTTClient - 141 - DEBUG - Connected to 10.7.7.62 successfully
2026-06-08 07:13:19,102 - MQTTClient - 174 - DEBUG - Subscribed with QOS: (0,)
2026-06-08 07:13:47,440 - MQTTClient - 141 - DEBUG - Connected to 10.7.7.62 successfully
2026-06-08 07:13:47,473 - MQTTClient - 174 - DEBUG - Subscribed with QOS: (0,)
2026-06-08 07:14:32,140 - MQTTClient - 141 - DEBUG - Connected to 10.7.7.62 successfully
2026-06-08 07:14:32,177 - MQTTClient - 174 - DEBUG - Subscribed with QOS: (0,)
2026-06-08 07:14:52,678 - MQTTClient - 99 - DEBUG - Published: Rpc/ - {"\u865a\u62df\u8bbe\u5907": {"\u4e00\u671f1\u53f7\u98ce\u673a\u542f\u505c": 1}}
2026-06-08 07:14:52,678 - MQTTClient - 177 - DEBUG - Message published (mid=20131)
2026-06-08 07:14:52,680 - MQTTClient - 177 - DEBUG - Message published (mid=20132)
2026-06-08 07:14:52,680 - MQTTClient - 99 - DEBUG - Published: Rpc/ - {"\u865a\u62df\u8bbe\u5907": {"\u4e00\u671f1\u53f7\u98ce\u673aSV\u503c": 55.0}}
2026-06-08 07:14:52,681 - MQTTClient - 177 - DEBUG - Message published (mid=20133)
2026-06-08 07:14:52,681 - MQTTClient - 99 - DEBUG - Published: Rpc/ - {"\u865a\u62df\u8bbe\u5907": {"\u4e00\u671f2\u53f7\u98ce\u673a\u542f\u505c": 1}}
2026-06-08 07:14:52,684 - MQTTClient - 99 - DEBUG - Published: Rpc/ - {"\u865a\u62df\u8bbe\u5907": {"\u4e00\u671f2\u53f7\u98ce\u673aSV\u503c": 55.0}}
2026-06-08 07:14:52,685 - MQTTClient - 177 - DEBUG - Message published (mid=20134)
2026-06-08 07:14:52,685 - MQTTClient - 99 - DEBUG - Published: Rpc/ - {"\u865a\u62df\u8bbe\u5907": {"\u4e00\u671f3\u53f7\u98ce\u673a\u542f\u505c": 1}}
2026-06-08 07:14:52,687 - MQTTClient - 177 - DEBUG - Message published (mid=20135)
2026-06-08 07:14:52,690 - MQTTClient - 99 - DEBUG - Published: Rpc/ - {"\u865a\u62df\u8bbe\u5907": {"\u4e00\u671f3\u53f7\u98ce\u673aSV\u503c": 55.0}}
2026-06-08 07:14:52,690 - MQTTClient - 177 - DEBUG - Message published (mid=20136)
2026-06-08 07:14:52,690 - MQTTClient - 99 - DEBUG - Published: Rpc/ - {"\u865a\u62df\u8bbe\u5907": {"\u4e8c\u671f1\u53f7\u98ce\u673a\u542f\u505c": 1}}
2026-06-08 07:14:52,694 - MQTTClient - 177 - DEBUG - Message published (mid=20137)
2026-06-08 07:14:52,697 - MQTTClient - 99 - DEBUG - Published: Rpc/ - {"\u865a\u62df\u8bbe\u5907": {"\u4e8c\u671f1\u53f7\u98ce\u673aSV\u503c": 71.0}}
2026-06-08 07:14:52,698 - MQTTClient - 177 - DEBUG - Message published (mid=20138)
2026-06-08 07:14:52,698 - MQTTClient - 99 - DEBUG - Published: Rpc/ - {"\u865a\u62df\u8bbe\u5907": {"\u4e8c\u671f3\u53f7\u98ce\u673a\u542f\u505c": 1}}
2026-06-08 07:14:52,699 - MQTTClient - 177 - DEBUG - Message published (mid=20139)
2026-06-08 07:14:52,701 - MQTTClient - 177 - DEBUG - Message published (mid=20140)
2026-06-08 07:14:52,702 - MQTTClient - 99 - DEBUG - Published: Rpc/ - {"\u865a\u62df\u8bbe\u5907": {"\u4e8c\u671f3\u53f7\u98ce\u673aSV\u503c": 74.0}}
2026-06-08 07:14:52,703 - MQTTClient - 177 - DEBUG - Message published (mid=20141)
2026-06-08 07:14:52,704 - MQTTClient - 99 - DEBUG - Published: Rpc/ - {"\u865a\u62df\u8bbe\u5907": {"\u4e8c\u671f6\u53f7\u98ce\u673a\u542f\u505c": 1}}
2026-06-08 07:14:52,708 - MQTTClient - 99 - DEBUG - Published: Rpc/ - {"\u865a\u62df\u8bbe\u5907": {"\u4e8c\u671f6\u53f7\u98ce\u673aSV\u503c": 74.0}}
2026-06-08 07:14:52,708 - MQTTClient - 177 - DEBUG - Message published (mid=20142)
2026-06-08 07:14:52,709 - MQTTClient - 99 - DEBUG - Published: /idms/api/v1/createControlX - {"type": "\u66dd\u6c14\u667a\u80fd\u4f53", "time": "2026-06-08 07:14:52", "algorithmVersion": "v1.0.0", "controller": "\u9ec4\u5188AI\u7b97\u6cd5\u63a7\u5236", "outputCommand": "\u4e00\u671f\u751f\u7269\u6c60#\u5b9e\u65f6\uff1a\u4e00\u671f\u6eb6\u89e3\u6c27\uff1a3.19mg/L\uff0c\u76ee\u6807\u503c\uff1a2mg/L#\u4e00\u671f1\u53f7\u98ce\u673a\u8fd0\u884c\uff0c\u53cd\u9988\uff1a60%\uff0c\u4e0a\u9650\uff1a100%\uff0c\u4e0b\u9650\uff1a55%\uff0c\u63a7\u5236\u8f93\u51fa\uff1a55.0%\u4e00\u671f2\u53f7\u98ce\u673a\u8fd0\u884c\uff0c\u53cd\u9988\uff1a60%\uff0c\u4e0a\u9650\uff1a100%\uff0c\u4e0b\u9650\uff1a55%\uff0c\u63a7\u5236\u8f93\u51fa\uff1a55.0%\u4e00\u671f3\u53f7\u98ce\u673a\u8fd0\u884c\uff0c\u53cd\u9988\uff1a60%\uff0c\u4e0a\u9650\uff1a100%\uff0c\u4e0b\u9650\uff1a55%\uff0c\u63a7\u5236\u8f93\u51fa\uff1a55.0%\u4e8c\u671f\u751f\u7269\u6c60#\u5b9e\u65f6\uff1a\u4e8c\u671f\u6eb6\u89e3\u6c27\uff1a2.68mg/L\uff0c\u76ee\u6807\u503c\uff1a2mg/L#\u4e8c\u671f1\u53f7\u98ce\u673a\u8fd0\u884c\uff0c\u53cd\u9988\uff1a75%\uff0c\u4e0a\u9650\uff1a98%\uff0c\u4e0b\u9650\uff1a55%\uff0c\u63a7\u5236\u8f93\u51fa\uff1a71.0%\u4e8c\u671f3\u53f7\u98ce\u673a\u8fd0\u884c\uff0c\u53cd\u9988\uff1a78%\uff0c\u4e0a\u9650\uff1a98%\uff0c\u4e0b\u9650\uff1a55%\uff0c\u63a7\u5236\u8f93\u51fa\uff1a74.0%\u4e8c\u671f6\u53f7\u98ce\u673a\u8fd0\u884c\uff0c\u53cd\u9988\uff1a78%\uff0c\u4e0a\u9650\uff1a98%\uff0c\u4e0b\u9650\uff1a55%\uff0c\u63a7\u5236\u8f93\u51fa\uff1a74.0%"}
2026-06-08 07:14:52,710 - MQTTClient - 177 - DEBUG - Message published (mid=20143)
2026-06-08 07:15:05,012 - MQTTClient - 141 - DEBUG - Connected to 10.7.7.62 successfully
2026-06-08 07:15:05,262 - MQTTClient - 174 - DEBUG - Subscribed with QOS: (0,)
2026-06-08 07:15:35,131 - MQTTClient - 141 - DEBUG - Connected to 10.7.7.62 successfully
2026-06-08 07:15:35,175 - MQTTClient - 174 - DEBUG - Subscribed with QOS: (0,)
2026-06-08 07:16:05,608 - MQTTClient - 141 - DEBUG - Connected to 10.7.7.62 successfully
2026-06-08 07:16:05,647 - MQTTClient - 174 - DEBUG - Subscribed with QOS: (0,)
2026-06-08 07:16:52,890 - MQTTClient - 177 - DEBUG - Message published (mid=20147)
2026-06-08 07:16:52,891 - MQTTClient - 99 - DEBUG - Published: Rpc/ - {"\u865a\u62df\u8bbe\u5907": {"\u4e00\u671f1\u53f7\u98ce\u673a\u542f\u505c": 1}}
2026-06-08 07:16:52,894 - MQTTClient - 177 - DEBUG - Message published (mid=20148)
2026-06-08 07:16:52,895 - MQTTClient - 99 - DEBUG - Published: Rpc/ - {"\u865a\u62df\u8bbe\u5907": {"\u4e00\u671f1\u53f7\u98ce\u673aSV\u503c": 62.0}}
2026-06-08 07:16:52,896 - MQTTClient - 99 - DEBUG - Published: Rpc/ - {"\u865a\u62df\u8bbe\u5907": {"\u4e00\u671f2\u53f7\u98ce\u673a\u542f\u505c": 1}}
2026-06-08 07:16:52,896 - MQTTClient - 177 - DEBUG - Message published (mid=20149)
2026-06-08 07:16:52,900 - MQTTClient - 177 - DEBUG - Message published (mid=20150)
2026-06-08 07:16:52,901 - MQTTClient - 99 - DEBUG - Published: Rpc/ - {"\u865a\u62df\u8bbe\u5907": {"\u4e00\u671f2\u53f7\u98ce\u673aSV\u503c": 62.0}}
2026-06-08 07:16:52,902 - MQTTClient - 177 - DEBUG - Message published (mid=20151)
2026-06-08 07:16:52,903 - MQTTClient - 99 - DEBUG - Published: Rpc/ - {"\u865a\u62df\u8bbe\u5907": {"\u4e00\u671f3\u53f7\u98ce\u673a\u542f\u505c": 1}}
2026-06-08 07:16:52,906 - MQTTClient - 99 - DEBUG - Published: Rpc/ - {"\u865a\u62df\u8bbe\u5907": {"\u4e00\u671f3\u53f7\u98ce\u673aSV\u503c": 62.0}}
2026-06-08 07:16:52,906 - MQTTClient - 177 - DEBUG - Message published (mid=20152)
2026-06-08 07:16:52,908 - MQTTClient - 177 - DEBUG - Message published (mid=20153)
2026-06-08 07:16:52,908 - MQTTClient - 99 - DEBUG - Published: Rpc/ - {"\u865a\u62df\u8bbe\u5907": {"\u4e8c\u671f1\u53f7\u98ce\u673a\u542f\u505c": 1}}
2026-06-08 07:16:52,912 - MQTTClient - 177 - DEBUG - Message published (mid=20154)
2026-06-08 07:16:52,913 - MQTTClient - 99 - DEBUG - Published: Rpc/ - {"\u865a\u62df\u8bbe\u5907": {"\u4e8c\u671f1\u53f7\u98ce\u673aSV\u503c": 71.0}}
2026-06-08 07:16:52,915 - MQTTClient - 177 - DEBUG - Message published (mid=20155)
2026-06-08 07:16:52,915 - MQTTClient - 99 - DEBUG - Published: Rpc/ - {"\u865a\u62df\u8bbe\u5907": {"\u4e8c\u671f3\u53f7\u98ce\u673a\u542f\u505c": 1}}
2026-06-08 07:16:52,919 - MQTTClient - 99 - DEBUG - Published: Rpc/ - {"\u865a\u62df\u8bbe\u5907": {"\u4e8c\u671f3\u53f7\u98ce\u673aSV\u503c": 74.0}}
2026-06-08 07:16:52,919 - MQTTClient - 177 - DEBUG - Message published (mid=20156)
2026-06-08 07:16:52,920 - MQTTClient - 99 - DEBUG - Published: Rpc/ - {"\u865a\u62df\u8bbe\u5907": {"\u4e8c\u671f6\u53f7\u98ce\u673a\u542f\u505c": 1}}
2026-06-08 07:16:52,921 - MQTTClient - 177 - DEBUG - Message published (mid=20157)
2026-06-08 07:16:52,923 - MQTTClient - 99 - DEBUG - Published: Rpc/ - {"\u865a\u62df\u8bbe\u5907": {"\u4e8c\u671f6\u53f7\u98ce\u673aSV\u503c": 74.0}}
2026-06-08 07:16:52,923 - MQTTClient - 177 - DEBUG - Message published (mid=20158)
2026-06-08 07:16:52,923 - MQTTClient - 99 - DEBUG - Published: /idms/api/v1/createControlX - {"type": "\u66dd\u6c14\u667a\u80fd\u4f53", "time": "2026-06-08 07:16:52", "algorithmVersion": "v1.0.0", "controller": "\u9ec4\u5188AI\u7b97\u6cd5\u63a7\u5236", "outputCommand": "\u4e00\u671f\u751f\u7269\u6c60#\u5b9e\u65f6\uff1a\u4e00\u671f\u6eb6\u89e3\u6c27\uff1a3.44mg/L\uff0c\u76ee\u6807\u503c\uff1a2mg/L#\u4e00\u671f1\u53f7\u98ce\u673a\u8fd0\u884c\uff0c\u53cd\u9988\uff1a60%\uff0c\u4e0a\u9650\uff1a100%\uff0c\u4e0b\u9650\uff1a55%\uff0c\u63a7\u5236\u8f93\u51fa\uff1a62.0%\u4e00\u671f2\u53f7\u98ce\u673a\u8fd0\u884c\uff0c\u53cd\u9988\uff1a60%\uff0c\u4e0a\u9650\uff1a100%\uff0c\u4e0b\u9650\uff1a55%\uff0c\u63a7\u5236\u8f93\u51fa\uff1a62.0%\u4e00\u671f3\u53f7\u98ce\u673a\u8fd0\u884c\uff0c\u53cd\u9988\uff1a60%\uff0c\u4e0a\u9650\uff1a100%\uff0c\u4e0b\u9650\uff1a55%\uff0c\u63a7\u5236\u8f93\u51fa\uff1a62.0%\u4e8c\u671f\u751f\u7269\u6c60#\u5b9e\u65f6\uff1a\u4e8c\u671f\u6eb6\u89e3\u6c27\uff1a2.63mg/L\uff0c\u76ee\u6807\u503c\uff1a2mg/L#\u4e8c\u671f1\u53f7\u98ce\u673a\u8fd0\u884c\uff0c\u53cd\u9988\uff1a75%\uff0c\u4e0a\u9650\uff1a98%\uff0c\u4e0b\u9650\uff1a55%\uff0c\u63a7\u5236\u8f93\u51fa\uff1a71.0%\u4e8c\u671f3\u53f7\u98ce\u673a\u8fd0\u884c\uff0c\u53cd\u9988\uff1a78%\uff0c\u4e0a\u9650\uff1a98%\uff0c\u4e0b\u9650\uff1a55%\uff0c\u63a7\u5236\u8f93\u51fa\uff1a74.0%\u4e8c\u671f6\u53f7\u98ce\u673a\u8fd0\u884c\uff0c\u53cd\u9988\uff1a78%\uff0c\u4e0a\u9650\uff1a98%\uff0c\u4e0b\u9650\uff1a55%\uff0c\u63a7\u5236\u8f93\u51fa\uff1a74.0%"}
2026-06-08 07:16:52,925 - MQTTClient - 177 - DEBUG - Message published (mid=20159)
2026-06-08 07:18:53,070 - MQTTClient - 177 - DEBUG - Message published (mid=20160)
2026-06-08 07:18:53,070 - MQTTClient - 99 - DEBUG - Published: Rpc/ - {"\u865a\u62df\u8bbe\u5907": {"\u4e00\u671f1\u53f7\u98ce\u673a\u542f\u505c": 1}}
2026-06-08 07:18:53,074 - MQTTClient - 177 - DEBUG - Message published (mid=20161)
2026-06-08 07:18:53,074 - MQTTClient - 99 - DEBUG - Published: Rpc/ - {"\u865a\u62df\u8bbe\u5907": {"\u4e00\u671f1\u53f7\u98ce\u673aSV\u503c": 62.0}}
2026-06-08 07:18:53,074 - MQTTClient - 99 - DEBUG - Published: Rpc/ - {"\u865a\u62df\u8bbe\u5907": {"\u4e00\u671f2\u53f7\u98ce\u673a\u542f\u505c": 1}}
2026-06-08 07:18:53,074 - MQTTClient - 177 - DEBUG - Message published (mid=20162)
2026-06-08 07:18:53,078 - MQTTClient - 99 - DEBUG - Published: Rpc/ - {"\u865a\u62df\u8bbe\u5907": {"\u4e00\u671f2\u53f7\u98ce\u673aSV\u503c": 62.0}}
2026-06-08 07:18:53,078 - MQTTClient - 177 - DEBUG - Message published (mid=20163)
2026-06-08 07:18:53,079 - MQTTClient - 99 - DEBUG - Published: Rpc/ - {"\u865a\u62df\u8bbe\u5907": {"\u4e00\u671f3\u53f7\u98ce\u673a\u542f\u505c": 1}}
2026-06-08 07:18:53,080 - MQTTClient - 177 - DEBUG - Message published (mid=20164)
2026-06-08 07:18:53,082 - MQTTClient - 177 - DEBUG - Message published (mid=20165)
2026-06-08 07:18:53,082 - MQTTClient - 99 - DEBUG - Published: Rpc/ - {"\u865a\u62df\u8bbe\u5907": {"\u4e00\u671f3\u53f7\u98ce\u673aSV\u503c": 62.0}}
2026-06-08 07:18:53,083 - MQTTClient - 99 - DEBUG - Published: Rpc/ - {"\u865a\u62df\u8bbe\u5907": {"\u4e8c\u671f1\u53f7\u98ce\u673a\u542f\u505c": 1}}
2026-06-08 07:18:53,083 - MQTTClient - 177 - DEBUG - Message published (mid=20166)
2026-06-08 07:18:53,088 - MQTTClient - 177 - DEBUG - Message published (mid=20167)
2026-06-08 07:18:53,089 - MQTTClient - 99 - DEBUG - Published: Rpc/ - {"\u865a\u62df\u8bbe\u5907": {"\u4e8c\u671f1\u53f7\u98ce\u673aSV\u503c": 71.0}}
2026-06-08 07:18:53,091 - MQTTClient - 177 - DEBUG - Message published (mid=20168)
2026-06-08 07:18:53,091 - MQTTClient - 99 - DEBUG - Published: Rpc/ - {"\u865a\u62df\u8bbe\u5907": {"\u4e8c\u671f3\u53f7\u98ce\u673a\u542f\u505c": 1}}
2026-06-08 07:18:53,095 - MQTTClient - 99 - DEBUG - Published: Rpc/ - {"\u865a\u62df\u8bbe\u5907": {"\u4e8c\u671f3\u53f7\u98ce\u673aSV\u503c": 74.0}}
2026-06-08 07:18:53,095 - MQTTClient - 177 - DEBUG - Message published (mid=20169)
2026-06-08 07:18:53,095 - MQTTClient - 99 - DEBUG - Published: Rpc/ - {"\u865a\u62df\u8bbe\u5907": {"\u4e8c\u671f6\u53f7\u98ce\u673a\u542f\u505c": 1}}
2026-06-08 07:18:53,097 - MQTTClient - 177 - DEBUG - Message published (mid=20170)
2026-06-08 07:18:53,099 - MQTTClient - 177 - DEBUG - Message published (mid=20171)
2026-06-08 07:18:53,099 - MQTTClient - 99 - DEBUG - Published: Rpc/ - {"\u865a\u62df\u8bbe\u5907": {"\u4e8c\u671f6\u53f7\u98ce\u673aSV\u503c": 74.0}}
2026-06-08 07:18:53,100 - MQTTClient - 99 - DEBUG - Published: /idms/api/v1/createControlX - {"type": "\u66dd\u6c14\u667a\u80fd\u4f53", "time": "2026-06-08 07:18:53", "algorithmVersion": "v1.0.0", "controller": "\u9ec4\u5188AI\u7b97\u6cd5\u63a7\u5236", "outputCommand": "\u4e00\u671f\u751f\u7269\u6c60#\u5b9e\u65f6\uff1a\u4e00\u671f\u6eb6\u89e3\u6c27\uff1a3.51mg/L\uff0c\u76ee\u6807\u503c\uff1a2mg/L#\u4e00\u671f1\u53f7\u98ce\u673a\u8fd0\u884c\uff0c\u53cd\u9988\uff1a60%\uff0c\u4e0a\u9650\uff1a100%\uff0c\u4e0b\u9650\uff1a55%\uff0c\u63a7\u5236\u8f93\u51fa\uff1a62.0%\u4e00\u671f2\u53f7\u98ce\u673a\u8fd0\u884c\uff0c\u53cd\u9988\uff1a60%\uff0c\u4e0a\u9650\uff1a100%\uff0c\u4e0b\u9650\uff1a55%\uff0c\u63a7\u5236\u8f93\u51fa\uff1a62.0%\u4e00\u671f3\u53f7\u98ce\u673a\u8fd0\u884c\uff0c\u53cd\u9988\uff1a60%\uff0c\u4e0a\u9650\uff1a100%\uff0c\u4e0b\u9650\uff1a55%\uff0c\u63a7\u5236\u8f93\u51fa\uff1a62.0%\u4e8c\u671f\u751f\u7269\u6c60#\u5b9e\u65f6\uff1a\u4e8c\u671f\u6eb6\u89e3\u6c27\uff1a2.78mg/L\uff0c\u76ee\u6807\u503c\uff1a2mg/L#\u4e8c\u671f1\u53f7\u98ce\u673a\u8fd0\u884c\uff0c\u53cd\u9988\uff1a75%\uff0c\u4e0a\u9650\uff1a98%\uff0c\u4e0b\u9650\uff1a55%\uff0c\u63a7\u5236\u8f93\u51fa\uff1a71.0%\u4e8c\u671f3\u53f7\u98ce\u673a\u8fd0\u884c\uff0c\u53cd\u9988\uff1a78%\uff0c\u4e0a\u9650\uff1a98%\uff0c\u4e0b\u9650\uff1a55%\uff0c\u63a7\u5236\u8f93\u51fa\uff1a74.0%\u4e8c\u671f6\u53f7\u98ce\u673a\u8fd0\u884c\uff0c\u53cd\u9988\uff1a78%\uff0c\u4e0a\u9650\uff1a98%\uff0c\u4e0b\u9650\uff1a55%\uff0c\u63a7\u5236\u8f93\u51fa\uff1a74.0%"}
2026-06-08 07:18:53,101 - MQTTClient - 177 - DEBUG - Message published (mid=20172)
2026-06-08 07:20:53,257 - MQTTClient - 99 - DEBUG - Published: Rpc/ - {"\u865a\u62df\u8bbe\u5907": {"\u4e00\u671f1\u53f7\u98ce\u673a\u542f\u505c": 1}}
2026-06-08 07:20:53,258 - MQTTClient - 177 - DEBUG - Message published (mid=20173)
2026-06-08 07:20:53,261 - MQTTClient - 177 - DEBUG - Message published (mid=20174)
2026-06-08 07:20:53,261 - MQTTClient - 99 - DEBUG - Published: Rpc/ - {"\u865a\u62df\u8bbe\u5907": {"\u4e00\u671f1\u53f7\u98ce\u673aSV\u503c": 55.0}}
2026-06-08 07:20:53,262 - MQTTClient - 99 - DEBUG - Published: Rpc/ - {"\u865a\u62df\u8bbe\u5907": {"\u4e00\u671f2\u53f7\u98ce\u673a\u542f\u505c": 1}}
2026-06-08 07:20:53,263 - MQTTClient - 177 - DEBUG - Message published (mid=20175)
2026-06-08 07:20:53,266 - MQTTClient - 177 - DEBUG - Message published (mid=20176)
2026-06-08 07:20:53,266 - MQTTClient - 99 - DEBUG - Published: Rpc/ - {"\u865a\u62df\u8bbe\u5907": {"\u4e00\u671f2\u53f7\u98ce\u673aSV\u503c": 55.0}}
2026-06-08 07:20:53,267 - MQTTClient - 99 - DEBUG - Published: Rpc/ - {"\u865a\u62df\u8bbe\u5907": {"\u4e00\u671f3\u53f7\u98ce\u673a\u542f\u505c": 1}}
2026-06-08 07:20:53,267 - MQTTClient - 177 - DEBUG - Message published (mid=20177)
2026-06-08 07:20:53,271 - MQTTClient - 99 - DEBUG - Published: Rpc/ - {"\u865a\u62df\u8bbe\u5907": {"\u4e00\u671f3\u53f7\u98ce\u673aSV\u503c": 55.0}}
2026-06-08 07:20:53,271 - MQTTClient - 177 - DEBUG - Message published (mid=20178)
2026-06-08 07:20:53,271 - MQTTClient - 99 - DEBUG - Published: Rpc/ - {"\u865a\u62df\u8bbe\u5907": {"\u4e8c\u671f1\u53f7\u98ce\u673a\u542f\u505c": 1}}
2026-06-08 07:20:53,273 - MQTTClient - 177 - DEBUG - Message published (mid=20179)
2026-06-08 07:20:53,276 - MQTTClient - 99 - DEBUG - Published: Rpc/ - {"\u865a\u62df\u8bbe\u5907": {"\u4e8c\u671f1\u53f7\u98ce\u673aSV\u503c": 70.0}}
2026-06-08 07:20:53,276 - MQTTClient - 177 - DEBUG - Message published (mid=20180)
2026-06-08 07:20:53,276 - MQTTClient - 99 - DEBUG - Published: Rpc/ - {"\u865a\u62df\u8bbe\u5907": {"\u4e8c\u671f3\u53f7\u98ce\u673a\u542f\u505c": 1}}
2026-06-08 07:20:53,278 - MQTTClient - 177 - DEBUG - Message published (mid=20181)
2026-06-08 07:20:53,280 - MQTTClient - 99 - DEBUG - Published: Rpc/ - {"\u865a\u62df\u8bbe\u5907": {"\u4e8c\u671f3\u53f7\u98ce\u673aSV\u503c": 73.0}}
2026-06-08 07:20:53,280 - MQTTClient - 177 - DEBUG - Message published (mid=20182)
2026-06-08 07:20:53,280 - MQTTClient - 99 - DEBUG - Published: Rpc/ - {"\u865a\u62df\u8bbe\u5907": {"\u4e8c\u671f6\u53f7\u98ce\u673a\u542f\u505c": 1}}
2026-06-08 07:20:53,282 - MQTTClient - 177 - DEBUG - Message published (mid=20183)
2026-06-08 07:20:53,284 - MQTTClient - 177 - DEBUG - Message published (mid=20184)
2026-06-08 07:20:53,285 - MQTTClient - 99 - DEBUG - Published: Rpc/ - {"\u865a\u62df\u8bbe\u5907": {"\u4e8c\u671f6\u53f7\u98ce\u673aSV\u503c": 73.0}}
2026-06-08 07:20:53,287 - MQTTClient - 99 - DEBUG - Published: /idms/api/v1/createControlX - {"type": "\u66dd\u6c14\u667a\u80fd\u4f53", "time": "2026-06-08 07:20:53", "algorithmVersion": "v1.0.0", "controller": "\u9ec4\u5188AI\u7b97\u6cd5\u63a7\u5236", "outputCommand": "\u4e00\u671f\u751f\u7269\u6c60#\u5b9e\u65f6\uff1a\u4e00\u671f\u6eb6\u89e3\u6c27\uff1a3.54mg/L\uff0c\u76ee\u6807\u503c\uff1a2mg/L#\u4e00\u671f1\u53f7\u98ce\u673a\u8fd0\u884c\uff0c\u53cd\u9988\uff1a60%\uff0c\u4e0a\u9650\uff1a100%\uff0c\u4e0b\u9650\uff1a55%\uff0c\u63a7\u5236\u8f93\u51fa\uff1a55.0%\u4e00\u671f2\u53f7\u98ce\u673a\u8fd0\u884c\uff0c\u53cd\u9988\uff1a60%\uff0c\u4e0a\u9650\uff1a100%\uff0c\u4e0b\u9650\uff1a55%\uff0c\u63a7\u5236\u8f93\u51fa\uff1a55.0%\u4e00\u671f3\u53f7\u98ce\u673a\u8fd0\u884c\uff0c\u53cd\u9988\uff1a60%\uff0c\u4e0a\u9650\uff1a100%\uff0c\u4e0b\u9650\uff1a55%\uff0c\u63a7\u5236\u8f93\u51fa\uff1a55.0%\u4e8c\u671f\u751f\u7269\u6c60#\u5b9e\u65f6\uff1a\u4e8c\u671f\u6eb6\u89e3\u6c27\uff1a2.81mg/L\uff0c\u76ee\u6807\u503c\uff1a2mg/L#\u4e8c\u671f1\u53f7\u98ce\u673a\u8fd0\u884c\uff0c\u53cd\u9988\uff1a75%\uff0c\u4e0a\u9650\uff1a98%\uff0c\u4e0b\u9650\uff1a55%\uff0c\u63a7\u5236\u8f93\u51fa\uff1a69.4%\u4e8c\u671f3\u53f7\u98ce\u673a\u8fd0\u884c\uff0c\u53cd\u9988\uff1a78%\uff0c\u4e0a\u9650\uff1a98%\uff0c\u4e0b\u9650\uff1a55%\uff0c\u63a7\u5236\u8f93\u51fa\uff1a72.4%\u4e8c\u671f6\u53f7\u98ce\u673a\u8fd0\u884c\uff0c\u53cd\u9988\uff1a78%\uff0c\u4e0a\u9650\uff1a98%\uff0c\u4e0b\u9650\uff1a55%\uff0c\u63a7\u5236\u8f93\u51fa\uff1a72.4%"}
2026-06-08 07:20:53,287 - MQTTClient - 177 - DEBUG - Message published (mid=20185)
2026-06-08 07:21:08,283 - MQTTClient - 177 - DEBUG - Message published (mid=20186)
2026-06-08 07:21:08,283 - MQTTClient - 99 - DEBUG - Published: Rpc/ - {"\u865a\u62df\u8bbe\u5907": {"\u4e8c\u671f1\u53f7\u98ce\u673aSV\u503c": 69.4}}
2026-06-08 07:21:08,283 - MQTTClient - 99 - DEBUG - Published: Rpc/ - {"\u865a\u62df\u8bbe\u5907": {"\u4e8c\u671f3\u53f7\u98ce\u673aSV\u503c": 72.4}}
2026-06-08 07:21:08,285 - MQTTClient - 177 - DEBUG - Message published (mid=20187)
2026-06-08 07:21:08,290 - MQTTClient - 177 - DEBUG - Message published (mid=20188)
2026-06-08 07:21:08,291 - MQTTClient - 99 - DEBUG - Published: Rpc/ - {"\u865a\u62df\u8bbe\u5907": {"\u4e8c\u671f6\u53f7\u98ce\u673aSV\u503c": 72.4}}
2026-06-08 07:22:53,450 - MQTTClient - 99 - DEBUG - Published: Rpc/ - {"\u865a\u62df\u8bbe\u5907": {"\u4e00\u671f1\u53f7\u98ce\u673a\u542f\u505c": 1}}
2026-06-08 07:22:53,453 - MQTTClient - 99 - DEBUG - Published: Rpc/ - {"\u865a\u62df\u8bbe\u5907": {"\u4e00\u671f1\u53f7\u98ce\u673aSV\u503c": 55.0}}
2026-06-08 07:22:53,454 - MQTTClient - 99 - DEBUG - Published: Rpc/ - {"\u865a\u62df\u8bbe\u5907": {"\u4e00\u671f2\u53f7\u98ce\u673a\u542f\u505c": 1}}
2026-06-08 07:22:53,457 - MQTTClient - 99 - DEBUG - Published: Rpc/ - {"\u865a\u62df\u8bbe\u5907": {"\u4e00\u671f2\u53f7\u98ce\u673aSV\u503c": 55.0}}
2026-06-08 07:22:53,458 - MQTTClient - 99 - DEBUG - Published: Rpc/ - {"\u865a\u62df\u8bbe\u5907": {"\u4e00\u671f3\u53f7\u98ce\u673a\u542f\u505c": 1}}
2026-06-08 07:22:53,462 - MQTTClient - 99 - DEBUG - Published: Rpc/ - {"\u865a\u62df\u8bbe\u5907": {"\u4e00\u671f3\u53f7\u98ce\u673aSV\u503c": 55.0}}
2026-06-08 07:22:53,463 - MQTTClient - 99 - DEBUG - Published: Rpc/ - {"\u865a\u62df\u8bbe\u5907": {"\u4e8c\u671f1\u53f7\u98ce\u673a\u542f\u505c": 1}}
2026-06-08 07:22:53,466 - MQTTClient - 99 - DEBUG - Published: Rpc/ - {"\u865a\u62df\u8bbe\u5907": {"\u4e8c\u671f1\u53f7\u98ce\u673aSV\u503c": 71.0}}
2026-06-08 07:22:53,468 - MQTTClient - 99 - DEBUG - Published: Rpc/ - {"\u865a\u62df\u8bbe\u5907": {"\u4e8c\u671f3\u53f7\u98ce\u673a\u542f\u505c": 1}}
2026-06-08 07:22:53,472 - MQTTClient - 99 - DEBUG - Published: Rpc/ - {"\u865a\u62df\u8bbe\u5907": {"\u4e8c\u671f3\u53f7\u98ce\u673aSV\u503c": 74.0}}
2026-06-08 07:22:53,473 - MQTTClient - 99 - DEBUG - Published: Rpc/ - {"\u865a\u62df\u8bbe\u5907": {"\u4e8c\u671f6\u53f7\u98ce\u673a\u542f\u505c": 1}}
2026-06-08 07:22:53,477 - MQTTClient - 99 - DEBUG - Published: Rpc/ - {"\u865a\u62df\u8bbe\u5907": {"\u4e8c\u671f6\u53f7\u98ce\u673aSV\u503c": 74.0}}
2026-06-08 07:22:53,478 - MQTTClient - 99 - DEBUG - Published: /idms/api/v1/createControlX - {"type": "\u66dd\u6c14\u667a\u80fd\u4f53", "time": "2026-06-08 07:22:53", "algorithmVersion": "v1.0.0", "controller": "\u9ec4\u5188AI\u7b97\u6cd5\u63a7\u5236", "outputCommand": "\u4e00\u671f\u751f\u7269\u6c60#\u5b9e\u65f6\uff1a\u4e00\u671f\u6eb6\u89e3\u6c27\uff1a3.49mg/L\uff0c\u76ee\u6807\u503c\uff1a2mg/L#\u4e00\u671f1\u53f7\u98ce\u673a\u8fd0\u884c\uff0c\u53cd\u9988\uff1a60%\uff0c\u4e0a\u9650\uff1a100%\uff0c\u4e0b\u9650\uff1a55%\uff0c\u63a7\u5236\u8f93\u51fa\uff1a55.0%\u4e00\u671f2\u53f7\u98ce\u673a\u8fd0\u884c\uff0c\u53cd\u9988\uff1a60%\uff0c\u4e0a\u9650\uff1a100%\uff0c\u4e0b\u9650\uff1a55%\uff0c\u63a7\u5236\u8f93\u51fa\uff1a55.0%\u4e00\u671f3\u53f7\u98ce\u673a\u8fd0\u884c\uff0c\u53cd\u9988\uff1a60%\uff0c\u4e0a\u9650\uff1a100%\uff0c\u4e0b\u9650\uff1a55%\uff0c\u63a7\u5236\u8f93\u51fa\uff1a55.0%\u4e8c\u671f\u751f\u7269\u6c60#\u5b9e\u65f6\uff1a\u4e8c\u671f\u6eb6\u89e3\u6c27\uff1a2.78mg/L\uff0c\u76ee\u6807\u503c\uff1a2mg/L#\u4e8c\u671f1\u53f7\u98ce\u673a\u8fd0\u884c\uff0c\u53cd\u9988\uff1a75%\uff0c\u4e0a\u9650\uff1a98%\uff0c\u4e0b\u9650\uff1a55%\uff0c\u63a7\u5236\u8f93\u51fa\uff1a71.0%\u4e8c\u671f3\u53f7\u98ce\u673a\u8fd0\u884c\uff0c\u53cd\u9988\uff1a78%\uff0c\u4e0a\u9650\uff1a98%\uff0c\u4e0b\u9650\uff1a55%\uff0c\u63a7\u5236\u8f93\u51fa\uff1a74.0%\u4e8c\u671f6\u53f7\u98ce\u673a\u8fd0\u884c\uff0c\u53cd\u9988\uff1a78%\uff0c\u4e0a\u9650\uff1a98%\uff0c\u4e0b\u9650\uff1a55%\uff0c\u63a7\u5236\u8f93\u51fa\uff1a74.0%"}
2026-06-08 07:24:33,177 - MQTTClient - 141 - DEBUG - Connected to 10.7.7.62 successfully
2026-06-08 07:24:33,291 - MQTTClient - 174 - DEBUG - Subscribed with QOS: (0,)
2026-06-08 07:24:53,613 - MQTTClient - 177 - DEBUG - Message published (mid=20203)
2026-06-08 07:24:53,614 - MQTTClient - 99 - DEBUG - Published: Rpc/ - {"\u865a\u62df\u8bbe\u5907": {"\u4e00\u671f1\u53f7\u98ce\u673a\u542f\u505c": 1}}
2026-06-08 07:24:53,617 - MQTTClient - 177 - DEBUG - Message published (mid=20204)
2026-06-08 07:24:53,617 - MQTTClient - 99 - DEBUG - Published: Rpc/ - {"\u865a\u62df\u8bbe\u5907": {"\u4e00\u671f2\u53f7\u98ce\u673a\u542f\u505c": 1}}
2026-06-08 07:24:53,617 - MQTTClient - 99 - DEBUG - Published: Rpc/ - {"\u865a\u62df\u8bbe\u5907": {"\u4e00\u671f1\u53f7\u98ce\u673aSV\u503c": 55.0}}
2026-06-08 07:24:53,620 - MQTTClient - 177 - DEBUG - Message published (mid=20205)
2026-06-08 07:24:53,625 - MQTTClient - 177 - DEBUG - Message published (mid=20206)
2026-06-08 07:24:53,625 - MQTTClient - 99 - DEBUG - Published: Rpc/ - {"\u865a\u62df\u8bbe\u5907": {"\u4e00\u671f2\u53f7\u98ce\u673aSV\u503c": 55.0}}
2026-06-08 07:24:53,627 - MQTTClient - 177 - DEBUG - Message published (mid=20207)
2026-06-08 07:24:53,627 - MQTTClient - 99 - DEBUG - Published: Rpc/ - {"\u865a\u62df\u8bbe\u5907": {"\u4e00\u671f3\u53f7\u98ce\u673a\u542f\u505c": 1}}
2026-06-08 07:24:53,631 - MQTTClient - 99 - DEBUG - Published: Rpc/ - {"\u865a\u62df\u8bbe\u5907": {"\u4e00\u671f3\u53f7\u98ce\u673aSV\u503c": 55.0}}
2026-06-08 07:24:53,632 - MQTTClient - 177 - DEBUG - Message published (mid=20208)
2026-06-08 07:24:53,633 - MQTTClient - 99 - DEBUG - Published: Rpc/ - {"\u865a\u62df\u8bbe\u5907": {"\u4e8c\u671f1\u53f7\u98ce\u673a\u542f\u505c": 1}}
2026-06-08 07:24:53,634 - MQTTClient - 177 - DEBUG - Message published (mid=20209)
2026-06-08 07:24:53,637 - MQTTClient - 177 - DEBUG - Message published (mid=20210)
2026-06-08 07:24:53,638 - MQTTClient - 99 - DEBUG - Published: Rpc/ - {"\u865a\u62df\u8bbe\u5907": {"\u4e8c\u671f1\u53f7\u98ce\u673aSV\u503c": 71.0}}
2026-06-08 07:24:53,640 - MQTTClient - 177 - DEBUG - Message published (mid=20211)
2026-06-08 07:24:53,640 - MQTTClient - 99 - DEBUG - Published: Rpc/ - {"\u865a\u62df\u8bbe\u5907": {"\u4e8c\u671f3\u53f7\u98ce\u673a\u542f\u505c": 1}}
2026-06-08 07:24:53,645 - MQTTClient - 177 - DEBUG - Message published (mid=20212)
2026-06-08 07:24:53,645 - MQTTClient - 99 - DEBUG - Published: Rpc/ - {"\u865a\u62df\u8bbe\u5907": {"\u4e8c\u671f3\u53f7\u98ce\u673aSV\u503c": 74.0}}
2026-06-08 07:24:53,646 - MQTTClient - 177 - DEBUG - Message published (mid=20213)
2026-06-08 07:24:53,646 - MQTTClient - 99 - DEBUG - Published: Rpc/ - {"\u865a\u62df\u8bbe\u5907": {"\u4e8c\u671f6\u53f7\u98ce\u673a\u542f\u505c": 1}}
2026-06-08 07:24:53,649 - MQTTClient - 99 - DEBUG - Published: Rpc/ - {"\u865a\u62df\u8bbe\u5907": {"\u4e8c\u671f6\u53f7\u98ce\u673aSV\u503c": 74.0}}
2026-06-08 07:24:53,649 - MQTTClient - 177 - DEBUG - Message published (mid=20214)
2026-06-08 07:24:53,650 - MQTTClient - 99 - DEBUG - Published: /idms/api/v1/createControlX - {"type": "\u66dd\u6c14\u667a\u80fd\u4f53", "time": "2026-06-08 07:24:53", "algorithmVersion": "v1.0.0", "controller": "\u9ec4\u5188AI\u7b97\u6cd5\u63a7\u5236", "outputCommand": "\u4e00\u671f\u751f\u7269\u6c60#\u5b9e\u65f6\uff1a\u4e00\u671f\u6eb6\u89e3\u6c27\uff1a3.55mg/L\uff0c\u76ee\u6807\u503c\uff1a2mg/L#\u4e00\u671f1\u53f7\u98ce\u673a\u8fd0\u884c\uff0c\u53cd\u9988\uff1a60%\uff0c\u4e0a\u9650\uff1a100%\uff0c\u4e0b\u9650\uff1a55%\uff0c\u63a7\u5236\u8f93\u51fa\uff1a55.0%\u4e00\u671f2\u53f7\u98ce\u673a\u8fd0\u884c\uff0c\u53cd\u9988\uff1a60%\uff0c\u4e0a\u9650\uff1a100%\uff0c\u4e0b\u9650\uff1a55%\uff0c\u63a7\u5236\u8f93\u51fa\uff1a55.0%\u4e00\u671f3\u53f7\u98ce\u673a\u8fd0\u884c\uff0c\u53cd\u9988\uff1a60%\uff0c\u4e0a\u9650\uff1a100%\uff0c\u4e0b\u9650\uff1a55%\uff0c\u63a7\u5236\u8f93\u51fa\uff1a55.0%\u4e8c\u671f\u751f\u7269\u6c60#\u5b9e\u65f6\uff1a\u4e8c\u671f\u6eb6\u89e3\u6c27\uff1a2.38mg/L\uff0c\u76ee\u6807\u503c\uff1a2mg/L#\u4e8c\u671f1\u53f7\u98ce\u673a\u8fd0\u884c\uff0c\u53cd\u9988\uff1a75%\uff0c\u4e0a\u9650\uff1a98%\uff0c\u4e0b\u9650\uff1a55%\uff0c\u63a7\u5236\u8f93\u51fa\uff1a71.0%\u4e8c\u671f3\u53f7\u98ce\u673a\u8fd0\u884c\uff0c\u53cd\u9988\uff1a78%\uff0c\u4e0a\u9650\uff1a98%\uff0c\u4e0b\u9650\uff1a55%\uff0c\u63a7\u5236\u8f93\u51fa\uff1a74.0%\u4e8c\u671f6\u53f7\u98ce\u673a\u8fd0\u884c\uff0c\u53cd\u9988\uff1a78%\uff0c\u4e0a\u9650\uff1a98%\uff0c\u4e0b\u9650\uff1a55%\uff0c\u63a7\u5236\u8f93\u51fa\uff1a74.0%"}
2026-06-08 07:24:53,651 - MQTTClient - 177 - DEBUG - Message published (mid=20215)
2026-06-08 07:26:53,861 - MQTTClient - 177 - DEBUG - Message published (mid=20216)
2026-06-08 07:26:53,862 - MQTTClient - 99 - DEBUG - Published: Rpc/ - {"\u865a\u62df\u8bbe\u5907": {"\u4e00\u671f1\u53f7\u98ce\u673a\u542f\u505c": 1}}
2026-06-08 07:26:53,867 - MQTTClient - 177 - DEBUG - Message published (mid=20217)
2026-06-08 07:26:53,867 - MQTTClient - 99 - DEBUG - Published: Rpc/ - {"\u865a\u62df\u8bbe\u5907": {"\u4e00\u671f1\u53f7\u98ce\u673aSV\u503c": 55.0}}
2026-06-08 07:26:53,869 - MQTTClient - 177 - DEBUG - Message published (mid=20218)
2026-06-08 07:26:53,869 - MQTTClient - 99 - DEBUG - Published: Rpc/ - {"\u865a\u62df\u8bbe\u5907": {"\u4e00\u671f2\u53f7\u98ce\u673a\u542f\u505c": 1}}
2026-06-08 07:26:53,873 - MQTTClient - 99 - DEBUG - Published: Rpc/ - {"\u865a\u62df\u8bbe\u5907": {"\u4e00\u671f3\u53f7\u98ce\u673a\u542f\u505c": 1}}
2026-06-08 07:26:53,873 - MQTTClient - 177 - DEBUG - Message published (mid=20219)
2026-06-08 07:26:53,874 - MQTTClient - 99 - DEBUG - Published: Rpc/ - {"\u865a\u62df\u8bbe\u5907": {"\u4e00\u671f2\u53f7\u98ce\u673aSV\u503c": 55.0}}
2026-06-08 07:26:53,875 - MQTTClient - 177 - DEBUG - Message published (mid=20220)
2026-06-08 07:26:53,876 - MQTTClient - 177 - DEBUG - Message published (mid=20221)
2026-06-08 07:26:53,877 - MQTTClient - 99 - DEBUG - Published: Rpc/ - {"\u865a\u62df\u8bbe\u5907": {"\u4e00\u671f3\u53f7\u98ce\u673aSV\u503c": 55.0}}
2026-06-08 07:26:53,878 - MQTTClient - 177 - DEBUG - Message published (mid=20222)
2026-06-08 07:26:53,878 - MQTTClient - 99 - DEBUG - Published: Rpc/ - {"\u865a\u62df\u8bbe\u5907": {"\u4e8c\u671f1\u53f7\u98ce\u673a\u542f\u505c": 1}}
2026-06-08 07:26:53,881 - MQTTClient - 99 - DEBUG - Published: Rpc/ - {"\u865a\u62df\u8bbe\u5907": {"\u4e8c\u671f1\u53f7\u98ce\u673aSV\u503c": 71.0}}
2026-06-08 07:26:53,881 - MQTTClient - 177 - DEBUG - Message published (mid=20223)
2026-06-08 07:26:53,882 - MQTTClient - 99 - DEBUG - Published: Rpc/ - {"\u865a\u62df\u8bbe\u5907": {"\u4e8c\u671f3\u53f7\u98ce\u673a\u542f\u505c": 1}}
2026-06-08 07:26:53,883 - MQTTClient - 177 - DEBUG - Message published (mid=20224)
2026-06-08 07:26:53,885 - MQTTClient - 99 - DEBUG - Published: Rpc/ - {"\u865a\u62df\u8bbe\u5907": {"\u4e8c\u671f3\u53f7\u98ce\u673aSV\u503c": 74.0}}
2026-06-08 07:26:53,885 - MQTTClient - 177 - DEBUG - Message published (mid=20225)
2026-06-08 07:26:53,887 - MQTTClient - 99 - DEBUG - Published: Rpc/ - {"\u865a\u62df\u8bbe\u5907": {"\u4e8c\u671f6\u53f7\u98ce\u673a\u542f\u505c": 1}}
2026-06-08 07:26:53,889 - MQTTClient - 177 - DEBUG - Message published (mid=20226)
2026-06-08 07:26:53,893 - MQTTClient - 177 - DEBUG - Message published (mid=20227)
2026-06-08 07:26:53,893 - MQTTClient - 99 - DEBUG - Published: Rpc/ - {"\u865a\u62df\u8bbe\u5907": {"\u4e8c\u671f6\u53f7\u98ce\u673aSV\u503c": 74.0}}
2026-06-08 07:26:53,895 - MQTTClient - 177 - DEBUG - Message published (mid=20228)
2026-06-08 07:26:53,895 - MQTTClient - 99 - DEBUG - Published: /idms/api/v1/createControlX - {"type": "\u66dd\u6c14\u667a\u80fd\u4f53", "time": "2026-06-08 07:26:53", "algorithmVersion": "v1.0.0", "controller": "\u9ec4\u5188AI\u7b97\u6cd5\u63a7\u5236", "outputCommand": "\u4e00\u671f\u751f\u7269\u6c60#\u5b9e\u65f6\uff1a\u4e00\u671f\u6eb6\u89e3\u6c27\uff1a3.58mg/L\uff0c\u76ee\u6807\u503c\uff1a2mg/L#\u4e00\u671f1\u53f7\u98ce\u673a\u8fd0\u884c\uff0c\u53cd\u9988\uff1a60%\uff0c\u4e0a\u9650\uff1a100%\uff0c\u4e0b\u9650\uff1a55%\uff0c\u63a7\u5236\u8f93\u51fa\uff1a55.0%\u4e00\u671f2\u53f7\u98ce\u673a\u8fd0\u884c\uff0c\u53cd\u9988\uff1a60%\uff0c\u4e0a\u9650\uff1a100%\uff0c\u4e0b\u9650\uff1a55%\uff0c\u63a7\u5236\u8f93\u51fa\uff1a55.0%\u4e00\u671f3\u53f7\u98ce\u673a\u8fd0\u884c\uff0c\u53cd\u9988\uff1a60%\uff0c\u4e0a\u9650\uff1a100%\uff0c\u4e0b\u9650\uff1a55%\uff0c\u63a7\u5236\u8f93\u51fa\uff1a55.0%\u4e8c\u671f\u751f\u7269\u6c60#\u5b9e\u65f6\uff1a\u4e8c\u671f\u6eb6\u89e3\u6c27\uff1a2.46mg/L\uff0c\u76ee\u6807\u503c\uff1a2mg/L#\u4e8c\u671f1\u53f7\u98ce\u673a\u8fd0\u884c\uff0c\u53cd\u9988\uff1a75%\uff0c\u4e0a\u9650\uff1a98%\uff0c\u4e0b\u9650\uff1a55%\uff0c\u63a7\u5236\u8f93\u51fa\uff1a71.0%\u4e8c\u671f3\u53f7\u98ce\u673a\u8fd0\u884c\uff0c\u53cd\u9988\uff1a78%\uff0c\u4e0a\u9650\uff1a98%\uff0c\u4e0b\u9650\uff1a55%\uff0c\u63a7\u5236\u8f93\u51fa\uff1a74.0%\u4e8c\u671f6\u53f7\u98ce\u673a\u8fd0\u884c\uff0c\u53cd\u9988\uff1a78%\uff0c\u4e0a\u9650\uff1a98%\uff0c\u4e0b\u9650\uff1a55%\uff0c\u63a7\u5236\u8f93\u51fa\uff1a74.0%"}
2026-06-08 07:28:54,059 - MQTTClient - 177 - DEBUG - Message published (mid=20229)
2026-06-08 07:28:54,059 - MQTTClient - 99 - DEBUG - Published: Rpc/ - {"\u865a\u62df\u8bbe\u5907": {"\u4e00\u671f1\u53f7\u98ce\u673a\u542f\u505c": 1}}
2026-06-08 07:28:54,066 - MQTTClient - 177 - DEBUG - Message published (mid=20230)
2026-06-08 07:28:54,066 - MQTTClient - 99 - DEBUG - Published: Rpc/ - {"\u865a\u62df\u8bbe\u5907": {"\u4e00\u671f1\u53f7\u98ce\u673aSV\u503c": 55.2}}
2026-06-08 07:28:54,067 - MQTTClient - 177 - DEBUG - Message published (mid=20231)
2026-06-08 07:28:54,068 - MQTTClient - 99 - DEBUG - Published: Rpc/ - {"\u865a\u62df\u8bbe\u5907": {"\u4e00\u671f2\u53f7\u98ce\u673a\u542f\u505c": 1}}
2026-06-08 07:28:54,072 - MQTTClient - 99 - DEBUG - Published: Rpc/ - {"\u865a\u62df\u8bbe\u5907": {"\u4e00\u671f2\u53f7\u98ce\u673aSV\u503c": 55.2}}
2026-06-08 07:28:54,073 - MQTTClient - 177 - DEBUG - Message published (mid=20232)
2026-06-08 07:28:54,074 - MQTTClient - 99 - DEBUG - Published: Rpc/ - {"\u865a\u62df\u8bbe\u5907": {"\u4e00\u671f3\u53f7\u98ce\u673a\u542f\u505c": 1}}
2026-06-08 07:28:54,074 - MQTTClient - 177 - DEBUG - Message published (mid=20233)
2026-06-08 07:28:54,077 - MQTTClient - 177 - DEBUG - Message published (mid=20234)
2026-06-08 07:28:54,077 - MQTTClient - 99 - DEBUG - Published: Rpc/ - {"\u865a\u62df\u8bbe\u5907": {"\u4e00\u671f3\u53f7\u98ce\u673aSV\u503c": 55.2}}
2026-06-08 07:28:54,078 - MQTTClient - 99 - DEBUG - Published: Rpc/ - {"\u865a\u62df\u8bbe\u5907": {"\u4e8c\u671f1\u53f7\u98ce\u673a\u542f\u505c": 1}}
2026-06-08 07:28:54,078 - MQTTClient - 177 - DEBUG - Message published (mid=20235)
2026-06-08 07:28:54,081 - MQTTClient - 99 - DEBUG - Published: Rpc/ - {"\u865a\u62df\u8bbe\u5907": {"\u4e8c\u671f1\u53f7\u98ce\u673aSV\u503c": 71.9}}
2026-06-08 07:28:54,081 - MQTTClient - 177 - DEBUG - Message published (mid=20236)
2026-06-08 07:28:54,083 - MQTTClient - 99 - DEBUG - Published: Rpc/ - {"\u865a\u62df\u8bbe\u5907": {"\u4e8c\u671f3\u53f7\u98ce\u673a\u542f\u505c": 1}}
2026-06-08 07:28:54,083 - MQTTClient - 177 - DEBUG - Message published (mid=20237)
2026-06-08 07:28:54,085 - MQTTClient - 177 - DEBUG - Message published (mid=20238)
2026-06-08 07:28:54,085 - MQTTClient - 99 - DEBUG - Published: Rpc/ - {"\u865a\u62df\u8bbe\u5907": {"\u4e8c\u671f3\u53f7\u98ce\u673aSV\u503c": 74.9}}
2026-06-08 07:28:54,087 - MQTTClient - 177 - DEBUG - Message published (mid=20239)
2026-06-08 07:28:54,087 - MQTTClient - 99 - DEBUG - Published: Rpc/ - {"\u865a\u62df\u8bbe\u5907": {"\u4e8c\u671f6\u53f7\u98ce\u673a\u542f\u505c": 1}}
2026-06-08 07:28:54,093 - MQTTClient - 177 - DEBUG - Message published (mid=20240)
2026-06-08 07:28:54,094 - MQTTClient - 99 - DEBUG - Published: Rpc/ - {"\u865a\u62df\u8bbe\u5907": {"\u4e8c\u671f6\u53f7\u98ce\u673aSV\u503c": 74.9}}
2026-06-08 07:28:54,095 - MQTTClient - 177 - DEBUG - Message published (mid=20241)
2026-06-08 07:28:54,095 - MQTTClient - 99 - DEBUG - Published: /idms/api/v1/createControlX - {"type": "\u66dd\u6c14\u667a\u80fd\u4f53", "time": "2026-06-08 07:28:54", "algorithmVersion": "v1.0.0", "controller": "\u9ec4\u5188AI\u7b97\u6cd5\u63a7\u5236", "outputCommand": "\u4e00\u671f\u751f\u7269\u6c60#\u5b9e\u65f6\uff1a\u4e00\u671f\u6eb6\u89e3\u6c27\uff1a3.34mg/L\uff0c\u76ee\u6807\u503c\uff1a2mg/L#\u4e00\u671f1\u53f7\u98ce\u673a\u8fd0\u884c\uff0c\u53cd\u9988\uff1a60%\uff0c\u4e0a\u9650\uff1a100%\uff0c\u4e0b\u9650\uff1a55%\uff0c\u63a7\u5236\u8f93\u51fa\uff1a55.2%\u4e00\u671f2\u53f7\u98ce\u673a\u8fd0\u884c\uff0c\u53cd\u9988\uff1a60%\uff0c\u4e0a\u9650\uff1a100%\uff0c\u4e0b\u9650\uff1a55%\uff0c\u63a7\u5236\u8f93\u51fa\uff1a55.2%\u4e00\u671f3\u53f7\u98ce\u673a\u8fd0\u884c\uff0c\u53cd\u9988\uff1a60%\uff0c\u4e0a\u9650\uff1a100%\uff0c\u4e0b\u9650\uff1a55%\uff0c\u63a7\u5236\u8f93\u51fa\uff1a55.2%\u4e8c\u671f\u751f\u7269\u6c60#\u5b9e\u65f6\uff1a\u4e8c\u671f\u6eb6\u89e3\u6c27\uff1a2.29mg/L\uff0c\u76ee\u6807\u503c\uff1a2mg/L#\u4e8c\u671f1\u53f7\u98ce\u673a\u8fd0\u884c\uff0c\u53cd\u9988\uff1a75%\uff0c\u4e0a\u9650\uff1a98%\uff0c\u4e0b\u9650\uff1a55%\uff0c\u63a7\u5236\u8f93\u51fa\uff1a71.9%\u4e8c\u671f3\u53f7\u98ce\u673a\u8fd0\u884c\uff0c\u53cd\u9988\uff1a78%\uff0c\u4e0a\u9650\uff1a98%\uff0c\u4e0b\u9650\uff1a55%\uff0c\u63a7\u5236\u8f93\u51fa\uff1a74.9%\u4e8c\u671f6\u53f7\u98ce\u673a\u8fd0\u884c\uff0c\u53cd\u9988\uff1a78%\uff0c\u4e0a\u9650\uff1a98%\uff0c\u4e0b\u9650\uff1a55%\uff0c\u63a7\u5236\u8f93\u51fa\uff1a74.9%"}
2026-06-08 07:30:54,293 - MQTTClient - 99 - DEBUG - Published: Rpc/ - {"\u865a\u62df\u8bbe\u5907": {"\u4e00\u671f1\u53f7\u98ce\u673a\u542f\u505c": 1}}
2026-06-08 07:30:54,295 - MQTTClient - 177 - DEBUG - Message published (mid=20242)
2026-06-08 07:30:54,297 - MQTTClient - 177 - DEBUG - Message published (mid=20243)
2026-06-08 07:30:54,298 - MQTTClient - 99 - DEBUG - Published: Rpc/ - {"\u865a\u62df\u8bbe\u5907": {"\u4e00\u671f1\u53f7\u98ce\u673aSV\u503c": 57.3}}
2026-06-08 07:30:54,300 - MQTTClient - 177 - DEBUG - Message published (mid=20244)
2026-06-08 07:30:54,300 - MQTTClient - 99 - DEBUG - Published: Rpc/ - {"\u865a\u62df\u8bbe\u5907": {"\u4e00\u671f2\u53f7\u98ce\u673a\u542f\u505c": 1}}
2026-06-08 07:30:54,306 - MQTTClient - 177 - DEBUG - Message published (mid=20245)
2026-06-08 07:30:54,306 - MQTTClient - 99 - DEBUG - Published: Rpc/ - {"\u865a\u62df\u8bbe\u5907": {"\u4e00\u671f2\u53f7\u98ce\u673aSV\u503c": 57.3}}
2026-06-08 07:30:54,306 - MQTTClient - 99 - DEBUG - Published: Rpc/ - {"\u865a\u62df\u8bbe\u5907": {"\u4e00\u671f3\u53f7\u98ce\u673a\u542f\u505c": 1}}
2026-06-08 07:30:54,306 - MQTTClient - 177 - DEBUG - Message published (mid=20246)
2026-06-08 07:30:54,310 - MQTTClient - 99 - DEBUG - Published: Rpc/ - {"\u865a\u62df\u8bbe\u5907": {"\u4e00\u671f3\u53f7\u98ce\u673aSV\u503c": 57.3}}
2026-06-08 07:30:54,310 - MQTTClient - 177 - DEBUG - Message published (mid=20247)
2026-06-08 07:30:54,311 - MQTTClient - 99 - DEBUG - Published: Rpc/ - {"\u865a\u62df\u8bbe\u5907": {"\u4e8c\u671f1\u53f7\u98ce\u673a\u542f\u505c": 1}}
2026-06-08 07:30:54,313 - MQTTClient - 177 - DEBUG - Message published (mid=20248)
2026-06-08 07:30:54,314 - MQTTClient - 177 - DEBUG - Message published (mid=20249)
2026-06-08 07:30:54,315 - MQTTClient - 99 - DEBUG - Published: Rpc/ - {"\u865a\u62df\u8bbe\u5907": {"\u4e8c\u671f1\u53f7\u98ce\u673aSV\u503c": 71.0}}
2026-06-08 07:30:54,315 - MQTTClient - 99 - DEBUG - Published: Rpc/ - {"\u865a\u62df\u8bbe\u5907": {"\u4e8c\u671f3\u53f7\u98ce\u673a\u542f\u505c": 1}}
2026-06-08 07:30:54,316 - MQTTClient - 177 - DEBUG - Message published (mid=20250)
2026-06-08 07:30:54,322 - MQTTClient - 177 - DEBUG - Message published (mid=20251)
2026-06-08 07:30:54,323 - MQTTClient - 99 - DEBUG - Published: Rpc/ - {"\u865a\u62df\u8bbe\u5907": {"\u4e8c\u671f3\u53f7\u98ce\u673aSV\u503c": 74.0}}
2026-06-08 07:30:54,324 - MQTTClient - 177 - DEBUG - Message published (mid=20252)
2026-06-08 07:30:54,324 - MQTTClient - 99 - DEBUG - Published: Rpc/ - {"\u865a\u62df\u8bbe\u5907": {"\u4e8c\u671f6\u53f7\u98ce\u673a\u542f\u505c": 1}}
2026-06-08 07:30:54,330 - MQTTClient - 99 - DEBUG - Published: Rpc/ - {"\u865a\u62df\u8bbe\u5907": {"\u4e8c\u671f6\u53f7\u98ce\u673aSV\u503c": 74.0}}
2026-06-08 07:30:54,330 - MQTTClient - 177 - DEBUG - Message published (mid=20253)
2026-06-08 07:30:54,331 - MQTTClient - 99 - DEBUG - Published: /idms/api/v1/createControlX - {"type": "\u66dd\u6c14\u667a\u80fd\u4f53", "time": "2026-06-08 07:30:54", "algorithmVersion": "v1.0.0", "controller": "\u9ec4\u5188AI\u7b97\u6cd5\u63a7\u5236", "outputCommand": "\u4e00\u671f\u751f\u7269\u6c60#\u5b9e\u65f6\uff1a\u4e00\u671f\u6eb6\u89e3\u6c27\uff1a3.37mg/L\uff0c\u76ee\u6807\u503c\uff1a2mg/L#\u4e00\u671f1\u53f7\u98ce\u673a\u8fd0\u884c\uff0c\u53cd\u9988\uff1a60%\uff0c\u4e0a\u9650\uff1a100%\uff0c\u4e0b\u9650\uff1a55%\uff0c\u63a7\u5236\u8f93\u51fa\uff1a57.3%\u4e00\u671f2\u53f7\u98ce\u673a\u8fd0\u884c\uff0c\u53cd\u9988\uff1a60%\uff0c\u4e0a\u9650\uff1a100%\uff0c\u4e0b\u9650\uff1a55%\uff0c\u63a7\u5236\u8f93\u51fa\uff1a57.3%\u4e00\u671f3\u53f7\u98ce\u673a\u8fd0\u884c\uff0c\u53cd\u9988\uff1a60%\uff0c\u4e0a\u9650\uff1a100%\uff0c\u4e0b\u9650\uff1a55%\uff0c\u63a7\u5236\u8f93\u51fa\uff1a57.3%\u4e8c\u671f\u751f\u7269\u6c60#\u5b9e\u65f6\uff1a\u4e8c\u671f\u6eb6\u89e3\u6c27\uff1a2.6mg/L\uff0c\u76ee\u6807\u503c\uff1a2mg/L#\u4e8c\u671f1\u53f7\u98ce\u673a\u8fd0\u884c\uff0c\u53cd\u9988\uff1a75%\uff0c\u4e0a\u9650\uff1a98%\uff0c\u4e0b\u9650\uff1a55%\uff0c\u63a7\u5236\u8f93\u51fa\uff1a71.0%\u4e8c\u671f3\u53f7\u98ce\u673a\u8fd0\u884c\uff0c\u53cd\u9988\uff1a78%\uff0c\u4e0a\u9650\uff1a98%\uff0c\u4e0b\u9650\uff1a55%\uff0c\u63a7\u5236\u8f93\u51fa\uff1a74.0%\u4e8c\u671f6\u53f7\u98ce\u673a\u8fd0\u884c\uff0c\u53cd\u9988\uff1a78%\uff0c\u4e0a\u9650\uff1a98%\uff0c\u4e0b\u9650\uff1a55%\uff0c\u63a7\u5236\u8f93\u51fa\uff1a74.0%"}
2026-06-08 07:30:54,331 - MQTTClient - 177 - DEBUG - Message published (mid=20254)
2026-06-08 07:32:54,486 - MQTTClient - 177 - DEBUG - Message published (mid=20255)
2026-06-08 07:32:54,486 - MQTTClient - 99 - DEBUG - Published: Rpc/ - {"\u865a\u62df\u8bbe\u5907": {"\u4e00\u671f1\u53f7\u98ce\u673a\u542f\u505c": 1}}
2026-06-08 07:32:54,489 - MQTTClient - 177 - DEBUG - Message published (mid=20256)
2026-06-08 07:32:54,490 - MQTTClient - 99 - DEBUG - Published: Rpc/ - {"\u865a\u62df\u8bbe\u5907": {"\u4e00\u671f1\u53f7\u98ce\u673aSV\u503c": 57.1}}
2026-06-08 07:32:54,491 - MQTTClient - 177 - DEBUG - Message published (mid=20257)
2026-06-08 07:32:54,491 - MQTTClient - 99 - DEBUG - Published: Rpc/ - {"\u865a\u62df\u8bbe\u5907": {"\u4e00\u671f2\u53f7\u98ce\u673a\u542f\u505c": 1}}
2026-06-08 07:32:54,496 - MQTTClient - 99 - DEBUG - Published: Rpc/ - {"\u865a\u62df\u8bbe\u5907": {"\u4e00\u671f2\u53f7\u98ce\u673aSV\u503c": 57.1}}
2026-06-08 07:32:54,496 - MQTTClient - 177 - DEBUG - Message published (mid=20258)
2026-06-08 07:32:54,497 - MQTTClient - 99 - DEBUG - Published: Rpc/ - {"\u865a\u62df\u8bbe\u5907": {"\u4e00\u671f3\u53f7\u98ce\u673a\u542f\u505c": 1}}
2026-06-08 07:32:54,498 - MQTTClient - 177 - DEBUG - Message published (mid=20259)
2026-06-08 07:32:54,501 - MQTTClient - 177 - DEBUG - Message published (mid=20260)
2026-06-08 07:32:54,502 - MQTTClient - 99 - DEBUG - Published: Rpc/ - {"\u865a\u62df\u8bbe\u5907": {"\u4e00\u671f3\u53f7\u98ce\u673aSV\u503c": 57.1}}
2026-06-08 07:32:54,504 - MQTTClient - 177 - DEBUG - Message published (mid=20261)
2026-06-08 07:32:54,504 - MQTTClient - 99 - DEBUG - Published: Rpc/ - {"\u865a\u62df\u8bbe\u5907": {"\u4e8c\u671f1\u53f7\u98ce\u673a\u542f\u505c": 1}}
2026-06-08 07:32:54,508 - MQTTClient - 99 - DEBUG - Published: Rpc/ - {"\u865a\u62df\u8bbe\u5907": {"\u4e8c\u671f1\u53f7\u98ce\u673aSV\u503c": 71.0}}
2026-06-08 07:32:54,508 - MQTTClient - 177 - DEBUG - Message published (mid=20262)
2026-06-08 07:32:54,509 - MQTTClient - 99 - DEBUG - Published: Rpc/ - {"\u865a\u62df\u8bbe\u5907": {"\u4e8c\u671f3\u53f7\u98ce\u673a\u542f\u505c": 1}}
2026-06-08 07:32:54,510 - MQTTClient - 177 - DEBUG - Message published (mid=20263)
2026-06-08 07:32:54,513 - MQTTClient - 177 - DEBUG - Message published (mid=20264)
2026-06-08 07:32:54,513 - MQTTClient - 99 - DEBUG - Published: Rpc/ - {"\u865a\u62df\u8bbe\u5907": {"\u4e8c\u671f3\u53f7\u98ce\u673aSV\u503c": 74.0}}
2026-06-08 07:32:54,514 - MQTTClient - 99 - DEBUG - Published: Rpc/ - {"\u865a\u62df\u8bbe\u5907": {"\u4e8c\u671f6\u53f7\u98ce\u673a\u542f\u505c": 1}}
2026-06-08 07:32:54,514 - MQTTClient - 177 - DEBUG - Message published (mid=20265)
2026-06-08 07:32:54,517 - MQTTClient - 99 - DEBUG - Published: Rpc/ - {"\u865a\u62df\u8bbe\u5907": {"\u4e8c\u671f6\u53f7\u98ce\u673aSV\u503c": 74.0}}
2026-06-08 07:32:54,517 - MQTTClient - 177 - DEBUG - Message published (mid=20266)
2026-06-08 07:32:54,521 - MQTTClient - 177 - DEBUG - Message published (mid=20267)
2026-06-08 07:32:54,521 - MQTTClient - 99 - DEBUG - Published: /idms/api/v1/createControlX - {"type": "\u66dd\u6c14\u667a\u80fd\u4f53", "time": "2026-06-08 07:32:54", "algorithmVersion": "v1.0.0", "controller": "\u9ec4\u5188AI\u7b97\u6cd5\u63a7\u5236", "outputCommand": "\u4e00\u671f\u751f\u7269\u6c60#\u5b9e\u65f6\uff1a\u4e00\u671f\u6eb6\u89e3\u6c27\uff1a3.44mg/L\uff0c\u76ee\u6807\u503c\uff1a2mg/L#\u4e00\u671f1\u53f7\u98ce\u673a\u8fd0\u884c\uff0c\u53cd\u9988\uff1a60%\uff0c\u4e0a\u9650\uff1a100%\uff0c\u4e0b\u9650\uff1a55%\uff0c\u63a7\u5236\u8f93\u51fa\uff1a57.1%\u4e00\u671f2\u53f7\u98ce\u673a\u8fd0\u884c\uff0c\u53cd\u9988\uff1a60%\uff0c\u4e0a\u9650\uff1a100%\uff0c\u4e0b\u9650\uff1a55%\uff0c\u63a7\u5236\u8f93\u51fa\uff1a57.1%\u4e00\u671f3\u53f7\u98ce\u673a\u8fd0\u884c\uff0c\u53cd\u9988\uff1a60%\uff0c\u4e0a\u9650\uff1a100%\uff0c\u4e0b\u9650\uff1a55%\uff0c\u63a7\u5236\u8f93\u51fa\uff1a57.1%\u4e8c\u671f\u751f\u7269\u6c60#\u5b9e\u65f6\uff1a\u4e8c\u671f\u6eb6\u89e3\u6c27\uff1a2.71mg/L\uff0c\u76ee\u6807\u503c\uff1a2mg/L#\u4e8c\u671f1\u53f7\u98ce\u673a\u8fd0\u884c\uff0c\u53cd\u9988\uff1a75%\uff0c\u4e0a\u9650\uff1a98%\uff0c\u4e0b\u9650\uff1a55%\uff0c\u63a7\u5236\u8f93\u51fa\uff1a71.0%\u4e8c\u671f3\u53f7\u98ce\u673a\u8fd0\u884c\uff0c\u53cd\u9988\uff1a78%\uff0c\u4e0a\u9650\uff1a98%\uff0c\u4e0b\u9650\uff1a55%\uff0c\u63a7\u5236\u8f93\u51fa\uff1a74.0%\u4e8c\u671f6\u53f7\u98ce\u673a\u8fd0\u884c\uff0c\u53cd\u9988\uff1a78%\uff0c\u4e0a\u9650\uff1a98%\uff0c\u4e0b\u9650\uff1a55%\uff0c\u63a7\u5236\u8f93\u51fa\uff1a74.0%"}
2026-06-08 07:34:54,653 - MQTTClient - 177 - DEBUG - Message published (mid=20268)
2026-06-08 07:34:54,654 - MQTTClient - 99 - DEBUG - Published: Rpc/ - {"\u865a\u62df\u8bbe\u5907": {"\u4e00\u671f1\u53f7\u98ce\u673a\u542f\u505c": 1}}
2026-06-08 07:34:54,658 - MQTTClient - 99 - DEBUG - Published: Rpc/ - {"\u865a\u62df\u8bbe\u5907": {"\u4e00\u671f1\u53f7\u98ce\u673aSV\u503c": 57.0}}
2026-06-08 07:34:54,658 - MQTTClient - 177 - DEBUG - Message published (mid=20269)
2026-06-08 07:34:54,659 - MQTTClient - 177 - DEBUG - Message published (mid=20270)
2026-06-08 07:34:54,658 - MQTTClient - 99 - DEBUG - Published: Rpc/ - {"\u865a\u62df\u8bbe\u5907": {"\u4e00\u671f2\u53f7\u98ce\u673a\u542f\u505c": 1}}
2026-06-08 07:34:54,662 - MQTTClient - 99 - DEBUG - Published: Rpc/ - {"\u865a\u62df\u8bbe\u5907": {"\u4e00\u671f2\u53f7\u98ce\u673aSV\u503c": 57.0}}
2026-06-08 07:34:54,662 - MQTTClient - 177 - DEBUG - Message published (mid=20271)
2026-06-08 07:34:54,662 - MQTTClient - 99 - DEBUG - Published: Rpc/ - {"\u865a\u62df\u8bbe\u5907": {"\u4e00\u671f3\u53f7\u98ce\u673a\u542f\u505c": 1}}
2026-06-08 07:34:54,665 - MQTTClient - 177 - DEBUG - Message published (mid=20272)
2026-06-08 07:34:54,670 - MQTTClient - 99 - DEBUG - Published: Rpc/ - {"\u865a\u62df\u8bbe\u5907": {"\u4e00\u671f3\u53f7\u98ce\u673aSV\u503c": 57.0}}
2026-06-08 07:34:54,670 - MQTTClient - 177 - DEBUG - Message published (mid=20273)
2026-06-08 07:34:54,670 - MQTTClient - 99 - DEBUG - Published: Rpc/ - {"\u865a\u62df\u8bbe\u5907": {"\u4e8c\u671f1\u53f7\u98ce\u673a\u542f\u505c": 1}}
2026-06-08 07:34:54,671 - MQTTClient - 177 - DEBUG - Message published (mid=20274)
2026-06-08 07:34:54,674 - MQTTClient - 177 - DEBUG - Message published (mid=20275)
2026-06-08 07:34:54,674 - MQTTClient - 99 - DEBUG - Published: Rpc/ - {"\u865a\u62df\u8bbe\u5907": {"\u4e8c\u671f1\u53f7\u98ce\u673aSV\u503c": 71.0}}
2026-06-08 07:34:54,675 - MQTTClient - 99 - DEBUG - Published: Rpc/ - {"\u865a\u62df\u8bbe\u5907": {"\u4e8c\u671f3\u53f7\u98ce\u673a\u542f\u505c": 1}}
2026-06-08 07:34:54,675 - MQTTClient - 177 - DEBUG - Message published (mid=20276)
2026-06-08 07:34:54,677 - MQTTClient - 177 - DEBUG - Message published (mid=20277)
2026-06-08 07:34:54,677 - MQTTClient - 99 - DEBUG - Published: Rpc/ - {"\u865a\u62df\u8bbe\u5907": {"\u4e8c\u671f3\u53f7\u98ce\u673aSV\u503c": 74.0}}
2026-06-08 07:34:54,678 - MQTTClient - 99 - DEBUG - Published: Rpc/ - {"\u865a\u62df\u8bbe\u5907": {"\u4e8c\u671f6\u53f7\u98ce\u673a\u542f\u505c": 1}}
2026-06-08 07:34:54,678 - MQTTClient - 177 - DEBUG - Message published (mid=20278)
2026-06-08 07:34:54,682 - MQTTClient - 99 - DEBUG - Published: Rpc/ - {"\u865a\u62df\u8bbe\u5907": {"\u4e8c\u671f6\u53f7\u98ce\u673aSV\u503c": 74.0}}
2026-06-08 07:34:54,682 - MQTTClient - 177 - DEBUG - Message published (mid=20279)
2026-06-08 07:34:54,683 - MQTTClient - 99 - DEBUG - Published: /idms/api/v1/createControlX - {"type": "\u66dd\u6c14\u667a\u80fd\u4f53", "time": "2026-06-08 07:34:54", "algorithmVersion": "v1.0.0", "controller": "\u9ec4\u5188AI\u7b97\u6cd5\u63a7\u5236", "outputCommand": "\u4e00\u671f\u751f\u7269\u6c60#\u5b9e\u65f6\uff1a\u4e00\u671f\u6eb6\u89e3\u6c27\uff1a3.51mg/L\uff0c\u76ee\u6807\u503c\uff1a2mg/L#\u4e00\u671f1\u53f7\u98ce\u673a\u8fd0\u884c\uff0c\u53cd\u9988\uff1a60%\uff0c\u4e0a\u9650\uff1a100%\uff0c\u4e0b\u9650\uff1a55%\uff0c\u63a7\u5236\u8f93\u51fa\uff1a57.0%\u4e00\u671f2\u53f7\u98ce\u673a\u8fd0\u884c\uff0c\u53cd\u9988\uff1a60%\uff0c\u4e0a\u9650\uff1a100%\uff0c\u4e0b\u9650\uff1a55%\uff0c\u63a7\u5236\u8f93\u51fa\uff1a57.0%\u4e00\u671f3\u53f7\u98ce\u673a\u8fd0\u884c\uff0c\u53cd\u9988\uff1a60%\uff0c\u4e0a\u9650\uff1a100%\uff0c\u4e0b\u9650\uff1a55%\uff0c\u63a7\u5236\u8f93\u51fa\uff1a57.0%\u4e8c\u671f\u751f\u7269\u6c60#\u5b9e\u65f6\uff1a\u4e8c\u671f\u6eb6\u89e3\u6c27\uff1a2.67mg/L\uff0c\u76ee\u6807\u503c\uff1a2mg/L#\u4e8c\u671f1\u53f7\u98ce\u673a\u8fd0\u884c\uff0c\u53cd\u9988\uff1a75%\uff0c\u4e0a\u9650\uff1a98%\uff0c\u4e0b\u9650\uff1a55%\uff0c\u63a7\u5236\u8f93\u51fa\uff1a71.0%\u4e8c\u671f3\u53f7\u98ce\u673a\u8fd0\u884c\uff0c\u53cd\u9988\uff1a78%\uff0c\u4e0a\u9650\uff1a98%\uff0c\u4e0b\u9650\uff1a55%\uff0c\u63a7\u5236\u8f93\u51fa\uff1a74.0%\u4e8c\u671f6\u53f7\u98ce\u673a\u8fd0\u884c\uff0c\u53cd\u9988\uff1a78%\uff0c\u4e0a\u9650\uff1a98%\uff0c\u4e0b\u9650\uff1a55%\uff0c\u63a7\u5236\u8f93\u51fa\uff1a74.0%"}
2026-06-08 07:34:54,684 - MQTTClient - 177 - DEBUG - Message published (mid=20280)
2026-06-08 07:36:54,856 - MQTTClient - 177 - DEBUG - Message published (mid=20281)
2026-06-08 07:36:54,856 - MQTTClient - 99 - DEBUG - Published: Rpc/ - {"\u865a\u62df\u8bbe\u5907": {"\u4e00\u671f1\u53f7\u98ce\u673a\u542f\u505c": 1}}
2026-06-08 07:36:54,860 - MQTTClient - 177 - DEBUG - Message published (mid=20282)
2026-06-08 07:36:54,860 - MQTTClient - 99 - DEBUG - Published: Rpc/ - {"\u865a\u62df\u8bbe\u5907": {"\u4e00\u671f1\u53f7\u98ce\u673aSV\u503c": 55.0}}
2026-06-08 07:36:54,860 - MQTTClient - 99 - DEBUG - Published: Rpc/ - {"\u865a\u62df\u8bbe\u5907": {"\u4e00\u671f2\u53f7\u98ce\u673a\u542f\u505c": 1}}
2026-06-08 07:36:54,861 - MQTTClient - 177 - DEBUG - Message published (mid=20283)
2026-06-08 07:36:54,864 - MQTTClient - 177 - DEBUG - Message published (mid=20284)
2026-06-08 07:36:54,865 - MQTTClient - 99 - DEBUG - Published: Rpc/ - {"\u865a\u62df\u8bbe\u5907": {"\u4e00\u671f2\u53f7\u98ce\u673aSV\u503c": 55.0}}
2026-06-08 07:36:54,867 - MQTTClient - 177 - DEBUG - Message published (mid=20285)
2026-06-08 07:36:54,867 - MQTTClient - 99 - DEBUG - Published: Rpc/ - {"\u865a\u62df\u8bbe\u5907": {"\u4e00\u671f3\u53f7\u98ce\u673a\u542f\u505c": 1}}
2026-06-08 07:36:54,874 - MQTTClient - 177 - DEBUG - Message published (mid=20286)
2026-06-08 07:36:54,874 - MQTTClient - 99 - DEBUG - Published: Rpc/ - {"\u865a\u62df\u8bbe\u5907": {"\u4e00\u671f3\u53f7\u98ce\u673aSV\u503c": 55.0}}
2026-06-08 07:36:54,875 - MQTTClient - 177 - DEBUG - Message published (mid=20287)
2026-06-08 07:36:54,875 - MQTTClient - 99 - DEBUG - Published: Rpc/ - {"\u865a\u62df\u8bbe\u5907": {"\u4e8c\u671f1\u53f7\u98ce\u673a\u542f\u505c": 1}}
2026-06-08 07:36:54,880 - MQTTClient - 177 - DEBUG - Message published (mid=20288)
2026-06-08 07:36:54,880 - MQTTClient - 99 - DEBUG - Published: Rpc/ - {"\u865a\u62df\u8bbe\u5907": {"\u4e8c\u671f1\u53f7\u98ce\u673aSV\u503c": 71.0}}
2026-06-08 07:36:54,881 - MQTTClient - 99 - DEBUG - Published: Rpc/ - {"\u865a\u62df\u8bbe\u5907": {"\u4e8c\u671f3\u53f7\u98ce\u673a\u542f\u505c": 1}}
2026-06-08 07:36:54,881 - MQTTClient - 177 - DEBUG - Message published (mid=20289)
2026-06-08 07:36:54,885 - MQTTClient - 177 - DEBUG - Message published (mid=20290)
2026-06-08 07:36:54,886 - MQTTClient - 99 - DEBUG - Published: Rpc/ - {"\u865a\u62df\u8bbe\u5907": {"\u4e8c\u671f3\u53f7\u98ce\u673aSV\u503c": 74.0}}
2026-06-08 07:36:54,885 - MQTTClient - 99 - DEBUG - Published: Rpc/ - {"\u865a\u62df\u8bbe\u5907": {"\u4e8c\u671f6\u53f7\u98ce\u673a\u542f\u505c": 1}}
2026-06-08 07:36:54,886 - MQTTClient - 177 - DEBUG - Message published (mid=20291)
2026-06-08 07:36:54,889 - MQTTClient - 99 - DEBUG - Published: Rpc/ - {"\u865a\u62df\u8bbe\u5907": {"\u4e8c\u671f6\u53f7\u98ce\u673aSV\u503c": 74.0}}
2026-06-08 07:36:54,889 - MQTTClient - 177 - DEBUG - Message published (mid=20292)
2026-06-08 07:36:54,890 - MQTTClient - 99 - DEBUG - Published: /idms/api/v1/createControlX - {"type": "\u66dd\u6c14\u667a\u80fd\u4f53", "time": "2026-06-08 07:36:54", "algorithmVersion": "v1.0.0", "controller": "\u9ec4\u5188AI\u7b97\u6cd5\u63a7\u5236", "outputCommand": "\u4e00\u671f\u751f\u7269\u6c60#\u5b9e\u65f6\uff1a\u4e00\u671f\u6eb6\u89e3\u6c27\uff1a3.73mg/L\uff0c\u76ee\u6807\u503c\uff1a2mg/L#\u4e00\u671f1\u53f7\u98ce\u673a\u8fd0\u884c\uff0c\u53cd\u9988\uff1a60%\uff0c\u4e0a\u9650\uff1a100%\uff0c\u4e0b\u9650\uff1a55%\uff0c\u63a7\u5236\u8f93\u51fa\uff1a55.0%\u4e00\u671f2\u53f7\u98ce\u673a\u8fd0\u884c\uff0c\u53cd\u9988\uff1a60%\uff0c\u4e0a\u9650\uff1a100%\uff0c\u4e0b\u9650\uff1a55%\uff0c\u63a7\u5236\u8f93\u51fa\uff1a55.0%\u4e00\u671f3\u53f7\u98ce\u673a\u8fd0\u884c\uff0c\u53cd\u9988\uff1a60%\uff0c\u4e0a\u9650\uff1a100%\uff0c\u4e0b\u9650\uff1a55%\uff0c\u63a7\u5236\u8f93\u51fa\uff1a55.0%\u4e8c\u671f\u751f\u7269\u6c60#\u5b9e\u65f6\uff1a\u4e8c\u671f\u6eb6\u89e3\u6c27\uff1a2.8mg/L\uff0c\u76ee\u6807\u503c\uff1a2mg/L#\u4e8c\u671f1\u53f7\u98ce\u673a\u8fd0\u884c\uff0c\u53cd\u9988\uff1a75%\uff0c\u4e0a\u9650\uff1a98%\uff0c\u4e0b\u9650\uff1a55%\uff0c\u63a7\u5236\u8f93\u51fa\uff1a71.0%\u4e8c\u671f3\u53f7\u98ce\u673a\u8fd0\u884c\uff0c\u53cd\u9988\uff1a78%\uff0c\u4e0a\u9650\uff1a98%\uff0c\u4e0b\u9650\uff1a55%\uff0c\u63a7\u5236\u8f93\u51fa\uff1a74.0%\u4e8c\u671f6\u53f7\u98ce\u673a\u8fd0\u884c\uff0c\u53cd\u9988\uff1a78%\uff0c\u4e0a\u9650\uff1a98%\uff0c\u4e0b\u9650\uff1a55%\uff0c\u63a7\u5236\u8f93\u51fa\uff1a74.0%"}
2026-06-08 07:36:54,891 - MQTTClient - 177 - DEBUG - Message published (mid=20293)
2026-06-08 07:38:55,012 - MQTTClient - 177 - DEBUG - Message published (mid=20294)
2026-06-08 07:38:55,012 - MQTTClient - 99 - DEBUG - Published: Rpc/ - {"\u865a\u62df\u8bbe\u5907": {"\u4e00\u671f1\u53f7\u98ce\u673a\u542f\u505c": 1}}
2026-06-08 07:38:55,014 - MQTTClient - 177 - DEBUG - Message published (mid=20295)
2026-06-08 07:38:55,015 - MQTTClient - 99 - DEBUG - Published: Rpc/ - {"\u865a\u62df\u8bbe\u5907": {"\u4e00\u671f1\u53f7\u98ce\u673aSV\u503c": 55.0}}
2026-06-08 07:38:55,016 - MQTTClient - 99 - DEBUG - Published: Rpc/ - {"\u865a\u62df\u8bbe\u5907": {"\u4e00\u671f2\u53f7\u98ce\u673a\u542f\u505c": 1}}
2026-06-08 07:38:55,016 - MQTTClient - 177 - DEBUG - Message published (mid=20296)
2026-06-08 07:38:55,020 - MQTTClient - 177 - DEBUG - Message published (mid=20297)
2026-06-08 07:38:55,020 - MQTTClient - 99 - DEBUG - Published: Rpc/ - {"\u865a\u62df\u8bbe\u5907": {"\u4e00\u671f2\u53f7\u98ce\u673aSV\u503c": 55.0}}
2026-06-08 07:38:55,021 - MQTTClient - 99 - DEBUG - Published: Rpc/ - {"\u865a\u62df\u8bbe\u5907": {"\u4e00\u671f3\u53f7\u98ce\u673a\u542f\u505c": 1}}
2026-06-08 07:38:55,021 - MQTTClient - 177 - DEBUG - Message published (mid=20298)
2026-06-08 07:38:55,024 - MQTTClient - 99 - DEBUG - Published: Rpc/ - {"\u865a\u62df\u8bbe\u5907": {"\u4e00\u671f3\u53f7\u98ce\u673aSV\u503c": 55.0}}
2026-06-08 07:38:55,024 - MQTTClient - 177 - DEBUG - Message published (mid=20299)
2026-06-08 07:38:55,025 - MQTTClient - 99 - DEBUG - Published: Rpc/ - {"\u865a\u62df\u8bbe\u5907": {"\u4e8c\u671f1\u53f7\u98ce\u673a\u542f\u505c": 1}}
2026-06-08 07:38:55,027 - MQTTClient - 177 - DEBUG - Message published (mid=20300)
2026-06-08 07:38:55,029 - MQTTClient - 177 - DEBUG - Message published (mid=20301)
2026-06-08 07:38:55,029 - MQTTClient - 99 - DEBUG - Published: Rpc/ - {"\u865a\u62df\u8bbe\u5907": {"\u4e8c\u671f1\u53f7\u98ce\u673aSV\u503c": 69.0}}
2026-06-08 07:38:55,031 - MQTTClient - 99 - DEBUG - Published: Rpc/ - {"\u865a\u62df\u8bbe\u5907": {"\u4e8c\u671f3\u53f7\u98ce\u673a\u542f\u505c": 1}}
2026-06-08 07:38:55,031 - MQTTClient - 177 - DEBUG - Message published (mid=20302)
2026-06-08 07:38:55,034 - MQTTClient - 177 - DEBUG - Message published (mid=20303)
2026-06-08 07:38:55,034 - MQTTClient - 99 - DEBUG - Published: Rpc/ - {"\u865a\u62df\u8bbe\u5907": {"\u4e8c\u671f3\u53f7\u98ce\u673aSV\u503c": 69.0}}
2026-06-08 07:38:55,036 - MQTTClient - 177 - DEBUG - Message published (mid=20304)
2026-06-08 07:38:55,036 - MQTTClient - 99 - DEBUG - Published: Rpc/ - {"\u865a\u62df\u8bbe\u5907": {"\u4e8c\u671f6\u53f7\u98ce\u673a\u542f\u505c": 1}}
2026-06-08 07:38:55,040 - MQTTClient - 99 - DEBUG - Published: Rpc/ - {"\u865a\u62df\u8bbe\u5907": {"\u4e8c\u671f6\u53f7\u98ce\u673aSV\u503c": 69.0}}
2026-06-08 07:38:55,040 - MQTTClient - 177 - DEBUG - Message published (mid=20305)
2026-06-08 07:38:55,041 - MQTTClient - 99 - DEBUG - Published: /idms/api/v1/createControlX - {"type": "\u66dd\u6c14\u667a\u80fd\u4f53", "time": "2026-06-08 07:38:55", "algorithmVersion": "v1.0.0", "controller": "\u9ec4\u5188AI\u7b97\u6cd5\u63a7\u5236", "outputCommand": "\u4e00\u671f\u751f\u7269\u6c60#\u5b9e\u65f6\uff1a\u4e00\u671f\u6eb6\u89e3\u6c27\uff1a3.92mg/L\uff0c\u76ee\u6807\u503c\uff1a2mg/L#\u4e00\u671f1\u53f7\u98ce\u673a\u8fd0\u884c\uff0c\u53cd\u9988\uff1a57%\uff0c\u4e0a\u9650\uff1a100%\uff0c\u4e0b\u9650\uff1a55%\uff0c\u63a7\u5236\u8f93\u51fa\uff1a55.0%\u4e00\u671f2\u53f7\u98ce\u673a\u8fd0\u884c\uff0c\u53cd\u9988\uff1a57%\uff0c\u4e0a\u9650\uff1a100%\uff0c\u4e0b\u9650\uff1a55%\uff0c\u63a7\u5236\u8f93\u51fa\uff1a55.0%\u4e00\u671f3\u53f7\u98ce\u673a\u8fd0\u884c\uff0c\u53cd\u9988\uff1a57%\uff0c\u4e0a\u9650\uff1a100%\uff0c\u4e0b\u9650\uff1a55%\uff0c\u63a7\u5236\u8f93\u51fa\uff1a55.0%\u4e8c\u671f\u751f\u7269\u6c60#\u5b9e\u65f6\uff1a\u4e8c\u671f\u6eb6\u89e3\u6c27\uff1a2.67mg/L\uff0c\u76ee\u6807\u503c\uff1a2mg/L#\u4e8c\u671f1\u53f7\u98ce\u673a\u8fd0\u884c\uff0c\u53cd\u9988\uff1a73%\uff0c\u4e0a\u9650\uff1a98%\uff0c\u4e0b\u9650\uff1a55%\uff0c\u63a7\u5236\u8f93\u51fa\uff1a69.0%\u4e8c\u671f3\u53f7\u98ce\u673a\u8fd0\u884c\uff0c\u53cd\u9988\uff1a73%\uff0c\u4e0a\u9650\uff1a98%\uff0c\u4e0b\u9650\uff1a55%\uff0c\u63a7\u5236\u8f93\u51fa\uff1a69.0%\u4e8c\u671f6\u53f7\u98ce\u673a\u8fd0\u884c\uff0c\u53cd\u9988\uff1a73%\uff0c\u4e0a\u9650\uff1a98%\uff0c\u4e0b\u9650\uff1a55%\uff0c\u63a7\u5236\u8f93\u51fa\uff1a69.0%"}
2026-06-08 07:38:55,042 - MQTTClient - 177 - DEBUG - Message published (mid=20306)
2026-06-08 07:40:55,180 - MQTTClient - 177 - DEBUG - Message published (mid=20307)
2026-06-08 07:40:55,181 - MQTTClient - 99 - DEBUG - Published: Rpc/ - {"\u865a\u62df\u8bbe\u5907": {"\u4e00\u671f1\u53f7\u98ce\u673a\u542f\u505c": 1}}
2026-06-08 07:40:55,185 - MQTTClient - 177 - DEBUG - Message published (mid=20308)
2026-06-08 07:40:55,185 - MQTTClient - 99 - DEBUG - Published: Rpc/ - {"\u865a\u62df\u8bbe\u5907": {"\u4e00\u671f2\u53f7\u98ce\u673a\u542f\u505c": 1}}
2026-06-08 07:40:55,188 - MQTTClient - 99 - DEBUG - Published: Rpc/ - {"\u865a\u62df\u8bbe\u5907": {"\u4e00\u671f3\u53f7\u98ce\u673a\u542f\u505c": 1}}
2026-06-08 07:40:55,188 - MQTTClient - 177 - DEBUG - Message published (mid=20309)
2026-06-08 07:40:55,192 - MQTTClient - 99 - DEBUG - Published: Rpc/ - {"\u865a\u62df\u8bbe\u5907": {"\u4e8c\u671f1\u53f7\u98ce\u673a\u542f\u505c": 1}}
2026-06-08 07:40:55,192 - MQTTClient - 177 - DEBUG - Message published (mid=20310)
2026-06-08 07:40:55,196 - MQTTClient - 177 - DEBUG - Message published (mid=20311)
2026-06-08 07:40:55,196 - MQTTClient - 99 - DEBUG - Published: Rpc/ - {"\u865a\u62df\u8bbe\u5907": {"\u4e8c\u671f1\u53f7\u98ce\u673aSV\u503c": 69.0}}
2026-06-08 07:40:55,198 - MQTTClient - 177 - DEBUG - Message published (mid=20312)
2026-06-08 07:40:55,198 - MQTTClient - 99 - DEBUG - Published: Rpc/ - {"\u865a\u62df\u8bbe\u5907": {"\u4e8c\u671f3\u53f7\u98ce\u673a\u542f\u505c": 1}}
2026-06-08 07:40:55,202 - MQTTClient - 177 - DEBUG - Message published (mid=20313)
2026-06-08 07:40:55,202 - MQTTClient - 99 - DEBUG - Published: Rpc/ - {"\u865a\u62df\u8bbe\u5907": {"\u4e8c\u671f3\u53f7\u98ce\u673aSV\u503c": 69.0}}
2026-06-08 07:40:55,204 - MQTTClient - 177 - DEBUG - Message published (mid=20314)
2026-06-08 07:40:55,204 - MQTTClient - 99 - DEBUG - Published: Rpc/ - {"\u865a\u62df\u8bbe\u5907": {"\u4e8c\u671f6\u53f7\u98ce\u673a\u542f\u505c": 1}}
2026-06-08 07:40:55,207 - MQTTClient - 99 - DEBUG - Published: Rpc/ - {"\u865a\u62df\u8bbe\u5907": {"\u4e8c\u671f6\u53f7\u98ce\u673aSV\u503c": 69.0}}
2026-06-08 07:40:55,207 - MQTTClient - 177 - DEBUG - Message published (mid=20315)
2026-06-08 07:40:55,208 - MQTTClient - 99 - DEBUG - Published: /idms/api/v1/createControlX - {"type": "\u66dd\u6c14\u667a\u80fd\u4f53", "time": "2026-06-08 07:40:55", "algorithmVersion": "v1.0.0", "controller": "\u9ec4\u5188AI\u7b97\u6cd5\u63a7\u5236", "outputCommand": "\u4e00\u671f\u751f\u7269\u6c60#\u5b9e\u65f6\uff1a\u4e00\u671f\u6eb6\u89e3\u6c27\uff1a4.04mg/L\uff0c\u76ee\u6807\u503c\uff1a2mg/L#\u4e00\u671f1\u53f7\u98ce\u673a\u8fd0\u884c\uff0c\u53cd\u9988\uff1a55%\uff0c\u4e0a\u9650\uff1a100%\uff0c\u4e0b\u9650\uff1a55%\uff0c\u63a7\u5236\u8f93\u51fa\uff1a55.0%\u4e00\u671f2\u53f7\u98ce\u673a\u8fd0\u884c\uff0c\u53cd\u9988\uff1a55%\uff0c\u4e0a\u9650\uff1a100%\uff0c\u4e0b\u9650\uff1a55%\uff0c\u63a7\u5236\u8f93\u51fa\uff1a55.0%\u4e00\u671f3\u53f7\u98ce\u673a\u8fd0\u884c\uff0c\u53cd\u9988\uff1a55%\uff0c\u4e0a\u9650\uff1a100%\uff0c\u4e0b\u9650\uff1a55%\uff0c\u63a7\u5236\u8f93\u51fa\uff1a55.0%\u4e8c\u671f\u751f\u7269\u6c60#\u5b9e\u65f6\uff1a\u4e8c\u671f\u6eb6\u89e3\u6c27\uff1a2.7mg/L\uff0c\u76ee\u6807\u503c\uff1a2mg/L#\u4e8c\u671f1\u53f7\u98ce\u673a\u8fd0\u884c\uff0c\u53cd\u9988\uff1a73%\uff0c\u4e0a\u9650\uff1a98%\uff0c\u4e0b\u9650\uff1a55%\uff0c\u63a7\u5236\u8f93\u51fa\uff1a69.0%\u4e8c\u671f3\u53f7\u98ce\u673a\u8fd0\u884c\uff0c\u53cd\u9988\uff1a73%\uff0c\u4e0a\u9650\uff1a98%\uff0c\u4e0b\u9650\uff1a55%\uff0c\u63a7\u5236\u8f93\u51fa\uff1a69.0%\u4e8c\u671f6\u53f7\u98ce\u673a\u8fd0\u884c\uff0c\u53cd\u9988\uff1a73%\uff0c\u4e0a\u9650\uff1a98%\uff0c\u4e0b\u9650\uff1a55%\uff0c\u63a7\u5236\u8f93\u51fa\uff1a69.0%"}
2026-06-08 07:40:55,209 - MQTTClient - 177 - DEBUG - Message published (mid=20316)
2026-06-08 07:42:55,322 - MQTTClient - 99 - DEBUG - Published: Rpc/ - {"\u865a\u62df\u8bbe\u5907": {"\u4e00\u671f1\u53f7\u98ce\u673a\u542f\u505c": 1}}
2026-06-08 07:42:55,323 - MQTTClient - 177 - DEBUG - Message published (mid=20317)
2026-06-08 07:42:55,325 - MQTTClient - 99 - DEBUG - Published: Rpc/ - {"\u865a\u62df\u8bbe\u5907": {"\u4e00\u671f2\u53f7\u98ce\u673a\u542f\u505c": 1}}
2026-06-08 07:42:55,326 - MQTTClient - 177 - DEBUG - Message published (mid=20318)
2026-06-08 07:42:55,329 - MQTTClient - 177 - DEBUG - Message published (mid=20319)
2026-06-08 07:42:55,329 - MQTTClient - 99 - DEBUG - Published: Rpc/ - {"\u865a\u62df\u8bbe\u5907": {"\u4e00\u671f3\u53f7\u98ce\u673a\u542f\u505c": 1}}
2026-06-08 07:42:55,334 - MQTTClient - 177 - DEBUG - Message published (mid=20320)
2026-06-08 07:42:55,334 - MQTTClient - 99 - DEBUG - Published: Rpc/ - {"\u865a\u62df\u8bbe\u5907": {"\u4e8c\u671f1\u53f7\u98ce\u673a\u542f\u505c": 1}}
2026-06-08 07:42:55,338 - MQTTClient - 177 - DEBUG - Message published (mid=20321)
2026-06-08 07:42:55,338 - MQTTClient - 99 - DEBUG - Published: Rpc/ - {"\u865a\u62df\u8bbe\u5907": {"\u4e8c\u671f1\u53f7\u98ce\u673aSV\u503c": 69.0}}
2026-06-08 07:42:55,340 - MQTTClient - 99 - DEBUG - Published: Rpc/ - {"\u865a\u62df\u8bbe\u5907": {"\u4e8c\u671f3\u53f7\u98ce\u673a\u542f\u505c": 1}}
2026-06-08 07:42:55,340 - MQTTClient - 177 - DEBUG - Message published (mid=20322)
2026-06-08 07:42:55,344 - MQTTClient - 99 - DEBUG - Published: Rpc/ - {"\u865a\u62df\u8bbe\u5907": {"\u4e8c\u671f3\u53f7\u98ce\u673aSV\u503c": 69.0}}
2026-06-08 07:42:55,344 - MQTTClient - 177 - DEBUG - Message published (mid=20323)
2026-06-08 07:42:55,344 - MQTTClient - 99 - DEBUG - Published: Rpc/ - {"\u865a\u62df\u8bbe\u5907": {"\u4e8c\u671f6\u53f7\u98ce\u673a\u542f\u505c": 1}}
2026-06-08 07:42:55,346 - MQTTClient - 177 - DEBUG - Message published (mid=20324)
2026-06-08 07:42:55,348 - MQTTClient - 177 - DEBUG - Message published (mid=20325)
2026-06-08 07:42:55,348 - MQTTClient - 99 - DEBUG - Published: Rpc/ - {"\u865a\u62df\u8bbe\u5907": {"\u4e8c\u671f6\u53f7\u98ce\u673aSV\u503c": 69.0}}
2026-06-08 07:42:55,348 - MQTTClient - 99 - DEBUG - Published: /idms/api/v1/createControlX - {"type": "\u66dd\u6c14\u667a\u80fd\u4f53", "time": "2026-06-08 07:42:55", "algorithmVersion": "v1.0.0", "controller": "\u9ec4\u5188AI\u7b97\u6cd5\u63a7\u5236", "outputCommand": "\u4e00\u671f\u751f\u7269\u6c60#\u5b9e\u65f6\uff1a\u4e00\u671f\u6eb6\u89e3\u6c27\uff1a3.71mg/L\uff0c\u76ee\u6807\u503c\uff1a2mg/L#\u4e00\u671f1\u53f7\u98ce\u673a\u8fd0\u884c\uff0c\u53cd\u9988\uff1a55%\uff0c\u4e0a\u9650\uff1a100%\uff0c\u4e0b\u9650\uff1a55%\uff0c\u63a7\u5236\u8f93\u51fa\uff1a55.0%\u4e00\u671f2\u53f7\u98ce\u673a\u8fd0\u884c\uff0c\u53cd\u9988\uff1a55%\uff0c\u4e0a\u9650\uff1a100%\uff0c\u4e0b\u9650\uff1a55%\uff0c\u63a7\u5236\u8f93\u51fa\uff1a55.0%\u4e00\u671f3\u53f7\u98ce\u673a\u8fd0\u884c\uff0c\u53cd\u9988\uff1a55%\uff0c\u4e0a\u9650\uff1a100%\uff0c\u4e0b\u9650\uff1a55%\uff0c\u63a7\u5236\u8f93\u51fa\uff1a55.0%\u4e8c\u671f\u751f\u7269\u6c60#\u5b9e\u65f6\uff1a\u4e8c\u671f\u6eb6\u89e3\u6c27\uff1a2.61mg/L\uff0c\u76ee\u6807\u503c\uff1a2mg/L#\u4e8c\u671f1\u53f7\u98ce\u673a\u8fd0\u884c\uff0c\u53cd\u9988\uff1a73%\uff0c\u4e0a\u9650\uff1a98%\uff0c\u4e0b\u9650\uff1a55%\uff0c\u63a7\u5236\u8f93\u51fa\uff1a69.0%\u4e8c\u671f3\u53f7\u98ce\u673a\u8fd0\u884c\uff0c\u53cd\u9988\uff1a73%\uff0c\u4e0a\u9650\uff1a98%\uff0c\u4e0b\u9650\uff1a55%\uff0c\u63a7\u5236\u8f93\u51fa\uff1a69.0%\u4e8c\u671f6\u53f7\u98ce\u673a\u8fd0\u884c\uff0c\u53cd\u9988\uff1a73%\uff0c\u4e0a\u9650\uff1a98%\uff0c\u4e0b\u9650\uff1a55%\uff0c\u63a7\u5236\u8f93\u51fa\uff1a69.0%"}
2026-06-08 07:42:55,349 - MQTTClient - 177 - DEBUG - Message published (mid=20326)
2026-06-08 07:44:55,536 - MQTTClient - 99 - DEBUG - Published: Rpc/ - {"\u865a\u62df\u8bbe\u5907": {"\u4e00\u671f1\u53f7\u98ce\u673a\u542f\u505c": 1}}
2026-06-08 07:44:55,536 - MQTTClient - 177 - DEBUG - Message published (mid=20327)
2026-06-08 07:44:55,541 - MQTTClient - 177 - DEBUG - Message published (mid=20328)
2026-06-08 07:44:55,541 - MQTTClient - 99 - DEBUG - Published: Rpc/ - {"\u865a\u62df\u8bbe\u5907": {"\u4e00\u671f2\u53f7\u98ce\u673a\u542f\u505c": 1}}
2026-06-08 07:44:55,546 - MQTTClient - 177 - DEBUG - Message published (mid=20329)
2026-06-08 07:44:55,546 - MQTTClient - 99 - DEBUG - Published: Rpc/ - {"\u865a\u62df\u8bbe\u5907": {"\u4e00\u671f3\u53f7\u98ce\u673a\u542f\u505c": 1}}
2026-06-08 07:44:55,550 - MQTTClient - 177 - DEBUG - Message published (mid=20330)
2026-06-08 07:44:55,550 - MQTTClient - 99 - DEBUG - Published: Rpc/ - {"\u865a\u62df\u8bbe\u5907": {"\u4e8c\u671f1\u53f7\u98ce\u673a\u542f\u505c": 1}}
2026-06-08 07:44:55,554 - MQTTClient - 177 - DEBUG - Message published (mid=20331)
2026-06-08 07:44:55,554 - MQTTClient - 99 - DEBUG - Published: Rpc/ - {"\u865a\u62df\u8bbe\u5907": {"\u4e8c\u671f1\u53f7\u98ce\u673aSV\u503c": 69.0}}
2026-06-08 07:44:55,554 - MQTTClient - 99 - DEBUG - Published: Rpc/ - {"\u865a\u62df\u8bbe\u5907": {"\u4e8c\u671f3\u53f7\u98ce\u673a\u542f\u505c": 1}}
2026-06-08 07:44:55,556 - MQTTClient - 177 - DEBUG - Message published (mid=20332)
2026-06-08 07:44:55,560 - MQTTClient - 177 - DEBUG - Message published (mid=20333)
2026-06-08 07:44:55,561 - MQTTClient - 99 - DEBUG - Published: Rpc/ - {"\u865a\u62df\u8bbe\u5907": {"\u4e8c\u671f3\u53f7\u98ce\u673aSV\u503c": 69.0}}
2026-06-08 07:44:55,563 - MQTTClient - 177 - DEBUG - Message published (mid=20334)
2026-06-08 07:44:55,563 - MQTTClient - 99 - DEBUG - Published: Rpc/ - {"\u865a\u62df\u8bbe\u5907": {"\u4e8c\u671f6\u53f7\u98ce\u673a\u542f\u505c": 1}}
2026-06-08 07:44:55,567 - MQTTClient - 99 - DEBUG - Published: Rpc/ - {"\u865a\u62df\u8bbe\u5907": {"\u4e8c\u671f6\u53f7\u98ce\u673aSV\u503c": 69.0}}
2026-06-08 07:44:55,567 - MQTTClient - 177 - DEBUG - Message published (mid=20335)
2026-06-08 07:44:55,568 - MQTTClient - 99 - DEBUG - Published: /idms/api/v1/createControlX - {"type": "\u66dd\u6c14\u667a\u80fd\u4f53", "time": "2026-06-08 07:44:55", "algorithmVersion": "v1.0.0", "controller": "\u9ec4\u5188AI\u7b97\u6cd5\u63a7\u5236", "outputCommand": "\u4e00\u671f\u751f\u7269\u6c60#\u5b9e\u65f6\uff1a\u4e00\u671f\u6eb6\u89e3\u6c27\uff1a3.46mg/L\uff0c\u76ee\u6807\u503c\uff1a2mg/L#\u4e00\u671f1\u53f7\u98ce\u673a\u8fd0\u884c\uff0c\u53cd\u9988\uff1a55%\uff0c\u4e0a\u9650\uff1a100%\uff0c\u4e0b\u9650\uff1a55%\uff0c\u63a7\u5236\u8f93\u51fa\uff1a55.0%\u4e00\u671f2\u53f7\u98ce\u673a\u8fd0\u884c\uff0c\u53cd\u9988\uff1a55%\uff0c\u4e0a\u9650\uff1a100%\uff0c\u4e0b\u9650\uff1a55%\uff0c\u63a7\u5236\u8f93\u51fa\uff1a55.0%\u4e00\u671f3\u53f7\u98ce\u673a\u8fd0\u884c\uff0c\u53cd\u9988\uff1a55%\uff0c\u4e0a\u9650\uff1a100%\uff0c\u4e0b\u9650\uff1a55%\uff0c\u63a7\u5236\u8f93\u51fa\uff1a55.0%\u4e8c\u671f\u751f\u7269\u6c60#\u5b9e\u65f6\uff1a\u4e8c\u671f\u6eb6\u89e3\u6c27\uff1a2.7mg/L\uff0c\u76ee\u6807\u503c\uff1a2mg/L#\u4e8c\u671f1\u53f7\u98ce\u673a\u8fd0\u884c\uff0c\u53cd\u9988\uff1a73%\uff0c\u4e0a\u9650\uff1a98%\uff0c\u4e0b\u9650\uff1a55%\uff0c\u63a7\u5236\u8f93\u51fa\uff1a69.0%\u4e8c\u671f3\u53f7\u98ce\u673a\u8fd0\u884c\uff0c\u53cd\u9988\uff1a73%\uff0c\u4e0a\u9650\uff1a98%\uff0c\u4e0b\u9650\uff1a55%\uff0c\u63a7\u5236\u8f93\u51fa\uff1a69.0%\u4e8c\u671f6\u53f7\u98ce\u673a\u8fd0\u884c\uff0c\u53cd\u9988\uff1a73%\uff0c\u4e0a\u9650\uff1a98%\uff0c\u4e0b\u9650\uff1a55%\uff0c\u63a7\u5236\u8f93\u51fa\uff1a69.0%"}
2026-06-08 07:44:55,569 - MQTTClient - 177 - DEBUG - Message published (mid=20336)
2026-06-08 07:46:55,733 - MQTTClient - 177 - DEBUG - Message published (mid=20337)
2026-06-08 07:46:55,733 - MQTTClient - 99 - DEBUG - Published: Rpc/ - {"\u865a\u62df\u8bbe\u5907": {"\u4e00\u671f1\u53f7\u98ce\u673a\u542f\u505c": 1}}
2026-06-08 07:46:55,737 - MQTTClient - 177 - DEBUG - Message published (mid=20338)
2026-06-08 07:46:55,738 - MQTTClient - 99 - DEBUG - Published: Rpc/ - {"\u865a\u62df\u8bbe\u5907": {"\u4e00\u671f2\u53f7\u98ce\u673a\u542f\u505c": 1}}
2026-06-08 07:46:55,743 - MQTTClient - 99 - DEBUG - Published: Rpc/ - {"\u865a\u62df\u8bbe\u5907": {"\u4e00\u671f3\u53f7\u98ce\u673a\u542f\u505c": 1}}
2026-06-08 07:46:55,743 - MQTTClient - 177 - DEBUG - Message published (mid=20339)
2026-06-08 07:46:55,746 - MQTTClient - 99 - DEBUG - Published: Rpc/ - {"\u865a\u62df\u8bbe\u5907": {"\u4e8c\u671f1\u53f7\u98ce\u673a\u542f\u505c": 1}}
2026-06-08 07:46:55,747 - MQTTClient - 177 - DEBUG - Message published (mid=20340)
2026-06-08 07:46:55,749 - MQTTClient - 177 - DEBUG - Message published (mid=20341)
2026-06-08 07:46:55,750 - MQTTClient - 99 - DEBUG - Published: Rpc/ - {"\u865a\u62df\u8bbe\u5907": {"\u4e8c\u671f1\u53f7\u98ce\u673aSV\u503c": 69.0}}
2026-06-08 07:46:55,750 - MQTTClient - 99 - DEBUG - Published: Rpc/ - {"\u865a\u62df\u8bbe\u5907": {"\u4e8c\u671f3\u53f7\u98ce\u673a\u542f\u505c": 1}}
2026-06-08 07:46:55,751 - MQTTClient - 177 - DEBUG - Message published (mid=20342)
2026-06-08 07:46:55,754 - MQTTClient - 177 - DEBUG - Message published (mid=20343)
2026-06-08 07:46:55,754 - MQTTClient - 99 - DEBUG - Published: Rpc/ - {"\u865a\u62df\u8bbe\u5907": {"\u4e8c\u671f3\u53f7\u98ce\u673aSV\u503c": 69.0}}
2026-06-08 07:46:55,754 - MQTTClient - 99 - DEBUG - Published: Rpc/ - {"\u865a\u62df\u8bbe\u5907": {"\u4e8c\u671f6\u53f7\u98ce\u673a\u542f\u505c": 1}}
2026-06-08 07:46:55,754 - MQTTClient - 177 - DEBUG - Message published (mid=20344)
2026-06-08 07:46:55,761 - MQTTClient - 99 - DEBUG - Published: Rpc/ - {"\u865a\u62df\u8bbe\u5907": {"\u4e8c\u671f6\u53f7\u98ce\u673aSV\u503c": 69.0}}
2026-06-08 07:46:55,761 - MQTTClient - 177 - DEBUG - Message published (mid=20345)
2026-06-08 07:46:55,761 - MQTTClient - 99 - DEBUG - Published: /idms/api/v1/createControlX - {"type": "\u66dd\u6c14\u667a\u80fd\u4f53", "time": "2026-06-08 07:46:55", "algorithmVersion": "v1.0.0", "controller": "\u9ec4\u5188AI\u7b97\u6cd5\u63a7\u5236", "outputCommand": "\u4e00\u671f\u751f\u7269\u6c60#\u5b9e\u65f6\uff1a\u4e00\u671f\u6eb6\u89e3\u6c27\uff1a3.11mg/L\uff0c\u76ee\u6807\u503c\uff1a2mg/L#\u4e00\u671f1\u53f7\u98ce\u673a\u8fd0\u884c\uff0c\u53cd\u9988\uff1a55%\uff0c\u4e0a\u9650\uff1a100%\uff0c\u4e0b\u9650\uff1a55%\uff0c\u63a7\u5236\u8f93\u51fa\uff1a55.0%\u4e00\u671f2\u53f7\u98ce\u673a\u8fd0\u884c\uff0c\u53cd\u9988\uff1a55%\uff0c\u4e0a\u9650\uff1a100%\uff0c\u4e0b\u9650\uff1a55%\uff0c\u63a7\u5236\u8f93\u51fa\uff1a55.0%\u4e00\u671f3\u53f7\u98ce\u673a\u8fd0\u884c\uff0c\u53cd\u9988\uff1a55%\uff0c\u4e0a\u9650\uff1a100%\uff0c\u4e0b\u9650\uff1a55%\uff0c\u63a7\u5236\u8f93\u51fa\uff1a55.0%\u4e8c\u671f\u751f\u7269\u6c60#\u5b9e\u65f6\uff1a\u4e8c\u671f\u6eb6\u89e3\u6c27\uff1a2.49mg/L\uff0c\u76ee\u6807\u503c\uff1a2mg/L#\u4e8c\u671f1\u53f7\u98ce\u673a\u8fd0\u884c\uff0c\u53cd\u9988\uff1a73%\uff0c\u4e0a\u9650\uff1a98%\uff0c\u4e0b\u9650\uff1a55%\uff0c\u63a7\u5236\u8f93\u51fa\uff1a69.0%\u4e8c\u671f3\u53f7\u98ce\u673a\u8fd0\u884c\uff0c\u53cd\u9988\uff1a73%\uff0c\u4e0a\u9650\uff1a98%\uff0c\u4e0b\u9650\uff1a55%\uff0c\u63a7\u5236\u8f93\u51fa\uff1a69.0%\u4e8c\u671f6\u53f7\u98ce\u673a\u8fd0\u884c\uff0c\u53cd\u9988\uff1a73%\uff0c\u4e0a\u9650\uff1a98%\uff0c\u4e0b\u9650\uff1a55%\uff0c\u63a7\u5236\u8f93\u51fa\uff1a69.0%"}
2026-06-08 07:46:55,764 - MQTTClient - 177 - DEBUG - Message published (mid=20346)
2026-06-08 07:48:55,949 - MQTTClient - 177 - DEBUG - Message published (mid=20347)
2026-06-08 07:48:55,949 - MQTTClient - 99 - DEBUG - Published: Rpc/ - {"\u865a\u62df\u8bbe\u5907": {"\u4e00\u671f1\u53f7\u98ce\u673a\u542f\u505c": 1}}
2026-06-08 07:48:55,966 - MQTTClient - 99 - DEBUG - Published: Rpc/ - {"\u865a\u62df\u8bbe\u5907": {"\u4e00\u671f1\u53f7\u98ce\u673aSV\u503c": 55.6}}
2026-06-08 07:48:55,966 - MQTTClient - 177 - DEBUG - Message published (mid=20348)
2026-06-08 07:48:55,967 - MQTTClient - 99 - DEBUG - Published: Rpc/ - {"\u865a\u62df\u8bbe\u5907": {"\u4e00\u671f2\u53f7\u98ce\u673a\u542f\u505c": 1}}
2026-06-08 07:48:55,971 - MQTTClient - 177 - DEBUG - Message published (mid=20349)
2026-06-08 07:48:55,973 - MQTTClient - 99 - DEBUG - Published: Rpc/ - {"\u865a\u62df\u8bbe\u5907": {"\u4e00\u671f2\u53f7\u98ce\u673aSV\u503c": 55.6}}
2026-06-08 07:48:55,973 - MQTTClient - 177 - DEBUG - Message published (mid=20350)
2026-06-08 07:48:55,975 - MQTTClient - 99 - DEBUG - Published: Rpc/ - {"\u865a\u62df\u8bbe\u5907": {"\u4e00\u671f3\u53f7\u98ce\u673a\u542f\u505c": 1}}
2026-06-08 07:48:55,975 - MQTTClient - 177 - DEBUG - Message published (mid=20351)
2026-06-08 07:48:55,978 - MQTTClient - 99 - DEBUG - Published: Rpc/ - {"\u865a\u62df\u8bbe\u5907": {"\u4e00\u671f3\u53f7\u98ce\u673aSV\u503c": 55.6}}
2026-06-08 07:48:55,978 - MQTTClient - 177 - DEBUG - Message published (mid=20352)
2026-06-08 07:48:55,980 - MQTTClient - 99 - DEBUG - Published: Rpc/ - {"\u865a\u62df\u8bbe\u5907": {"\u4e8c\u671f1\u53f7\u98ce\u673a\u542f\u505c": 1}}
2026-06-08 07:48:55,981 - MQTTClient - 177 - DEBUG - Message published (mid=20353)
2026-06-08 07:48:55,984 - MQTTClient - 99 - DEBUG - Published: Rpc/ - {"\u865a\u62df\u8bbe\u5907": {"\u4e8c\u671f1\u53f7\u98ce\u673aSV\u503c": 71.2}}
2026-06-08 07:48:55,984 - MQTTClient - 177 - DEBUG - Message published (mid=20354)
2026-06-08 07:48:55,985 - MQTTClient - 99 - DEBUG - Published: Rpc/ - {"\u865a\u62df\u8bbe\u5907": {"\u4e8c\u671f3\u53f7\u98ce\u673a\u542f\u505c": 1}}
2026-06-08 07:48:55,986 - MQTTClient - 177 - DEBUG - Message published (mid=20355)
2026-06-08 07:48:55,989 - MQTTClient - 99 - DEBUG - Published: Rpc/ - {"\u865a\u62df\u8bbe\u5907": {"\u4e8c\u671f3\u53f7\u98ce\u673aSV\u503c": 71.2}}
2026-06-08 07:48:55,989 - MQTTClient - 177 - DEBUG - Message published (mid=20356)
2026-06-08 07:48:55,992 - MQTTClient - 99 - DEBUG - Published: Rpc/ - {"\u865a\u62df\u8bbe\u5907": {"\u4e8c\u671f6\u53f7\u98ce\u673a\u542f\u505c": 1}}
2026-06-08 07:48:55,993 - MQTTClient - 177 - DEBUG - Message published (mid=20357)
2026-06-08 07:48:55,998 - MQTTClient - 99 - DEBUG - Published: Rpc/ - {"\u865a\u62df\u8bbe\u5907": {"\u4e8c\u671f6\u53f7\u98ce\u673aSV\u503c": 71.2}}
2026-06-08 07:48:55,998 - MQTTClient - 177 - DEBUG - Message published (mid=20358)
2026-06-08 07:48:55,999 - MQTTClient - 99 - DEBUG - Published: /idms/api/v1/createControlX - {"type": "\u66dd\u6c14\u667a\u80fd\u4f53", "time": "2026-06-08 07:48:55", "algorithmVersion": "v1.0.0", "controller": "\u9ec4\u5188AI\u7b97\u6cd5\u63a7\u5236", "outputCommand": "\u4e00\u671f\u751f\u7269\u6c60#\u5b9e\u65f6\uff1a\u4e00\u671f\u6eb6\u89e3\u6c27\uff1a3.26mg/L\uff0c\u76ee\u6807\u503c\uff1a2mg/L#\u4e00\u671f1\u53f7\u98ce\u673a\u8fd0\u884c\uff0c\u53cd\u9988\uff1a58%\uff0c\u4e0a\u9650\uff1a100%\uff0c\u4e0b\u9650\uff1a55%\uff0c\u63a7\u5236\u8f93\u51fa\uff1a55.6%\u4e00\u671f2\u53f7\u98ce\u673a\u8fd0\u884c\uff0c\u53cd\u9988\uff1a58%\uff0c\u4e0a\u9650\uff1a100%\uff0c\u4e0b\u9650\uff1a55%\uff0c\u63a7\u5236\u8f93\u51fa\uff1a55.6%\u4e00\u671f3\u53f7\u98ce\u673a\u8fd0\u884c\uff0c\u53cd\u9988\uff1a58%\uff0c\u4e0a\u9650\uff1a100%\uff0c\u4e0b\u9650\uff1a55%\uff0c\u63a7\u5236\u8f93\u51fa\uff1a55.6%\u4e8c\u671f\u751f\u7269\u6c60#\u5b9e\u65f6\uff1a\u4e8c\u671f\u6eb6\u89e3\u6c27\uff1a2.15mg/L\uff0c\u76ee\u6807\u503c\uff1a2mg/L#\u4e8c\u671f1\u53f7\u98ce\u673a\u8fd0\u884c\uff0c\u53cd\u9988\uff1a73%\uff0c\u4e0a\u9650\uff1a98%\uff0c\u4e0b\u9650\uff1a55%\uff0c\u63a7\u5236\u8f93\u51fa\uff1a71.2%\u4e8c\u671f3\u53f7\u98ce\u673a\u8fd0\u884c\uff0c\u53cd\u9988\uff1a73%\uff0c\u4e0a\u9650\uff1a98%\uff0c\u4e0b\u9650\uff1a55%\uff0c\u63a7\u5236\u8f93\u51fa\uff1a71.2%\u4e8c\u671f6\u53f7\u98ce\u673a\u8fd0\u884c\uff0c\u53cd\u9988\uff1a73%\uff0c\u4e0a\u9650\uff1a98%\uff0c\u4e0b\u9650\uff1a55%\uff0c\u63a7\u5236\u8f93\u51fa\uff1a71.2%"}
2026-06-08 07:48:56,000 - MQTTClient - 177 - DEBUG - Message published (mid=20359)
2026-06-08 07:50:56,187 - MQTTClient - 177 - DEBUG - Message published (mid=20360)
2026-06-08 07:50:56,187 - MQTTClient - 99 - DEBUG - Published: Rpc/ - {"\u865a\u62df\u8bbe\u5907": {"\u4e00\u671f1\u53f7\u98ce\u673a\u542f\u505c": 1}}
2026-06-08 07:50:56,189 - MQTTClient - 177 - DEBUG - Message published (mid=20361)
2026-06-08 07:50:56,190 - MQTTClient - 99 - DEBUG - Published: Rpc/ - {"\u865a\u62df\u8bbe\u5907": {"\u4e00\u671f1\u53f7\u98ce\u673aSV\u503c": 57.1}}
2026-06-08 07:50:56,191 - MQTTClient - 177 - DEBUG - Message published (mid=20362)
2026-06-08 07:50:56,191 - MQTTClient - 99 - DEBUG - Published: Rpc/ - {"\u865a\u62df\u8bbe\u5907": {"\u4e00\u671f2\u53f7\u98ce\u673a\u542f\u505c": 1}}
2026-06-08 07:50:56,194 - MQTTClient - 177 - DEBUG - Message published (mid=20363)
2026-06-08 07:50:56,194 - MQTTClient - 99 - DEBUG - Published: Rpc/ - {"\u865a\u62df\u8bbe\u5907": {"\u4e00\u671f2\u53f7\u98ce\u673aSV\u503c": 57.1}}
2026-06-08 07:50:56,195 - MQTTClient - 177 - DEBUG - Message published (mid=20364)
2026-06-08 07:50:56,195 - MQTTClient - 99 - DEBUG - Published: Rpc/ - {"\u865a\u62df\u8bbe\u5907": {"\u4e00\u671f3\u53f7\u98ce\u673a\u542f\u505c": 1}}
2026-06-08 07:50:56,200 - MQTTClient - 177 - DEBUG - Message published (mid=20365)
2026-06-08 07:50:56,201 - MQTTClient - 99 - DEBUG - Published: Rpc/ - {"\u865a\u62df\u8bbe\u5907": {"\u4e00\u671f3\u53f7\u98ce\u673aSV\u503c": 57.1}}
2026-06-08 07:50:56,202 - MQTTClient - 177 - DEBUG - Message published (mid=20366)
2026-06-08 07:50:56,202 - MQTTClient - 99 - DEBUG - Published: Rpc/ - {"\u865a\u62df\u8bbe\u5907": {"\u4e8c\u671f1\u53f7\u98ce\u673a\u542f\u505c": 1}}
2026-06-08 07:50:56,205 - MQTTClient - 99 - DEBUG - Published: Rpc/ - {"\u865a\u62df\u8bbe\u5907": {"\u4e8c\u671f1\u53f7\u98ce\u673aSV\u503c": 69.0}}
2026-06-08 07:50:56,205 - MQTTClient - 177 - DEBUG - Message published (mid=20367)
2026-06-08 07:50:56,206 - MQTTClient - 99 - DEBUG - Published: Rpc/ - {"\u865a\u62df\u8bbe\u5907": {"\u4e8c\u671f3\u53f7\u98ce\u673a\u542f\u505c": 1}}
2026-06-08 07:50:56,209 - MQTTClient - 177 - DEBUG - Message published (mid=20368)
2026-06-08 07:50:56,212 - MQTTClient - 177 - DEBUG - Message published (mid=20369)
2026-06-08 07:50:56,212 - MQTTClient - 99 - DEBUG - Published: Rpc/ - {"\u865a\u62df\u8bbe\u5907": {"\u4e8c\u671f3\u53f7\u98ce\u673aSV\u503c": 69.0}}
2026-06-08 07:50:56,214 - MQTTClient - 177 - DEBUG - Message published (mid=20370)
2026-06-08 07:50:56,214 - MQTTClient - 99 - DEBUG - Published: Rpc/ - {"\u865a\u62df\u8bbe\u5907": {"\u4e8c\u671f6\u53f7\u98ce\u673a\u542f\u505c": 1}}
2026-06-08 07:50:56,219 - MQTTClient - 177 - DEBUG - Message published (mid=20371)
2026-06-08 07:50:56,219 - MQTTClient - 99 - DEBUG - Published: Rpc/ - {"\u865a\u62df\u8bbe\u5907": {"\u4e8c\u671f6\u53f7\u98ce\u673aSV\u503c": 69.0}}
2026-06-08 07:50:56,220 - MQTTClient - 99 - DEBUG - Published: /idms/api/v1/createControlX - {"type": "\u66dd\u6c14\u667a\u80fd\u4f53", "time": "2026-06-08 07:50:56", "algorithmVersion": "v1.0.0", "controller": "\u9ec4\u5188AI\u7b97\u6cd5\u63a7\u5236", "outputCommand": "\u4e00\u671f\u751f\u7269\u6c60#\u5b9e\u65f6\uff1a\u4e00\u671f\u6eb6\u89e3\u6c27\uff1a3.53mg/L\uff0c\u76ee\u6807\u503c\uff1a2mg/L#\u4e00\u671f1\u53f7\u98ce\u673a\u8fd0\u884c\uff0c\u53cd\u9988\uff1a60%\uff0c\u4e0a\u9650\uff1a100%\uff0c\u4e0b\u9650\uff1a55%\uff0c\u63a7\u5236\u8f93\u51fa\uff1a57.1%\u4e00\u671f2\u53f7\u98ce\u673a\u8fd0\u884c\uff0c\u53cd\u9988\uff1a60%\uff0c\u4e0a\u9650\uff1a100%\uff0c\u4e0b\u9650\uff1a55%\uff0c\u63a7\u5236\u8f93\u51fa\uff1a57.1%\u4e00\u671f3\u53f7\u98ce\u673a\u8fd0\u884c\uff0c\u53cd\u9988\uff1a60%\uff0c\u4e0a\u9650\uff1a100%\uff0c\u4e0b\u9650\uff1a55%\uff0c\u63a7\u5236\u8f93\u51fa\uff1a57.1%\u4e8c\u671f\u751f\u7269\u6c60#\u5b9e\u65f6\uff1a\u4e8c\u671f\u6eb6\u89e3\u6c27\uff1a2.49mg/L\uff0c\u76ee\u6807\u503c\uff1a2mg/L#\u4e8c\u671f1\u53f7\u98ce\u673a\u8fd0\u884c\uff0c\u53cd\u9988\uff1a73%\uff0c\u4e0a\u9650\uff1a98%\uff0c\u4e0b\u9650\uff1a55%\uff0c\u63a7\u5236\u8f93\u51fa\uff1a69.0%\u4e8c\u671f3\u53f7\u98ce\u673a\u8fd0\u884c\uff0c\u53cd\u9988\uff1a73%\uff0c\u4e0a\u9650\uff1a98%\uff0c\u4e0b\u9650\uff1a55%\uff0c\u63a7\u5236\u8f93\u51fa\uff1a69.0%\u4e8c\u671f6\u53f7\u98ce\u673a\u8fd0\u884c\uff0c\u53cd\u9988\uff1a73%\uff0c\u4e0a\u9650\uff1a98%\uff0c\u4e0b\u9650\uff1a55%\uff0c\u63a7\u5236\u8f93\u51fa\uff1a69.0%"}
2026-06-08 07:50:56,221 - MQTTClient - 177 - DEBUG - Message published (mid=20372)
2026-06-08 07:52:56,378 - MQTTClient - 177 - DEBUG - Message published (mid=20373)
2026-06-08 07:52:56,379 - MQTTClient - 99 - DEBUG - Published: Rpc/ - {"\u865a\u62df\u8bbe\u5907": {"\u4e00\u671f1\u53f7\u98ce\u673a\u542f\u505c": 1}}
2026-06-08 07:52:56,383 - MQTTClient - 99 - DEBUG - Published: Rpc/ - {"\u865a\u62df\u8bbe\u5907": {"\u4e00\u671f1\u53f7\u98ce\u673aSV\u503c": 55.0}}
2026-06-08 07:52:56,383 - MQTTClient - 177 - DEBUG - Message published (mid=20374)
2026-06-08 07:52:56,383 - MQTTClient - 99 - DEBUG - Published: Rpc/ - {"\u865a\u62df\u8bbe\u5907": {"\u4e00\u671f2\u53f7\u98ce\u673a\u542f\u505c": 1}}
2026-06-08 07:52:56,384 - MQTTClient - 177 - DEBUG - Message published (mid=20375)
2026-06-08 07:52:56,387 - MQTTClient - 99 - DEBUG - Published: Rpc/ - {"\u865a\u62df\u8bbe\u5907": {"\u4e00\u671f2\u53f7\u98ce\u673aSV\u503c": 55.0}}
2026-06-08 07:52:56,387 - MQTTClient - 177 - DEBUG - Message published (mid=20376)
2026-06-08 07:52:56,389 - MQTTClient - 99 - DEBUG - Published: Rpc/ - {"\u865a\u62df\u8bbe\u5907": {"\u4e00\u671f3\u53f7\u98ce\u673a\u542f\u505c": 1}}
2026-06-08 07:52:56,389 - MQTTClient - 177 - DEBUG - Message published (mid=20377)
2026-06-08 07:52:56,392 - MQTTClient - 99 - DEBUG - Published: Rpc/ - {"\u865a\u62df\u8bbe\u5907": {"\u4e00\u671f3\u53f7\u98ce\u673aSV\u503c": 55.0}}
2026-06-08 07:52:56,392 - MQTTClient - 177 - DEBUG - Message published (mid=20378)
2026-06-08 07:52:56,393 - MQTTClient - 99 - DEBUG - Published: Rpc/ - {"\u865a\u62df\u8bbe\u5907": {"\u4e8c\u671f1\u53f7\u98ce\u673a\u542f\u505c": 1}}
2026-06-08 07:52:56,394 - MQTTClient - 177 - DEBUG - Message published (mid=20379)
2026-06-08 07:52:56,397 - MQTTClient - 177 - DEBUG - Message published (mid=20380)
2026-06-08 07:52:56,397 - MQTTClient - 99 - DEBUG - Published: Rpc/ - {"\u865a\u62df\u8bbe\u5907": {"\u4e8c\u671f1\u53f7\u98ce\u673aSV\u503c": 69.0}}
2026-06-08 07:52:56,397 - MQTTClient - 99 - DEBUG - Published: Rpc/ - {"\u865a\u62df\u8bbe\u5907": {"\u4e8c\u671f3\u53f7\u98ce\u673a\u542f\u505c": 1}}
2026-06-08 07:52:56,399 - MQTTClient - 177 - DEBUG - Message published (mid=20381)
2026-06-08 07:52:56,405 - MQTTClient - 99 - DEBUG - Published: Rpc/ - {"\u865a\u62df\u8bbe\u5907": {"\u4e8c\u671f3\u53f7\u98ce\u673aSV\u503c": 69.0}}
2026-06-08 07:52:56,405 - MQTTClient - 177 - DEBUG - Message published (mid=20382)
2026-06-08 07:52:56,406 - MQTTClient - 99 - DEBUG - Published: Rpc/ - {"\u865a\u62df\u8bbe\u5907": {"\u4e8c\u671f6\u53f7\u98ce\u673a\u542f\u505c": 1}}
2026-06-08 07:52:56,408 - MQTTClient - 177 - DEBUG - Message published (mid=20383)
2026-06-08 07:52:56,411 - MQTTClient - 99 - DEBUG - Published: Rpc/ - {"\u865a\u62df\u8bbe\u5907": {"\u4e8c\u671f6\u53f7\u98ce\u673aSV\u503c": 69.0}}
2026-06-08 07:52:56,411 - MQTTClient - 177 - DEBUG - Message published (mid=20384)
2026-06-08 07:52:56,412 - MQTTClient - 99 - DEBUG - Published: /idms/api/v1/createControlX - {"type": "\u66dd\u6c14\u667a\u80fd\u4f53", "time": "2026-06-08 07:52:56", "algorithmVersion": "v1.0.0", "controller": "\u9ec4\u5188AI\u7b97\u6cd5\u63a7\u5236", "outputCommand": "\u4e00\u671f\u751f\u7269\u6c60#\u5b9e\u65f6\uff1a\u4e00\u671f\u6eb6\u89e3\u6c27\uff1a3.72mg/L\uff0c\u76ee\u6807\u503c\uff1a2mg/L#\u4e00\u671f1\u53f7\u98ce\u673a\u8fd0\u884c\uff0c\u53cd\u9988\uff1a60%\uff0c\u4e0a\u9650\uff1a100%\uff0c\u4e0b\u9650\uff1a55%\uff0c\u63a7\u5236\u8f93\u51fa\uff1a55.0%\u4e00\u671f2\u53f7\u98ce\u673a\u8fd0\u884c\uff0c\u53cd\u9988\uff1a60%\uff0c\u4e0a\u9650\uff1a100%\uff0c\u4e0b\u9650\uff1a55%\uff0c\u63a7\u5236\u8f93\u51fa\uff1a55.0%\u4e00\u671f3\u53f7\u98ce\u673a\u8fd0\u884c\uff0c\u53cd\u9988\uff1a60%\uff0c\u4e0a\u9650\uff1a100%\uff0c\u4e0b\u9650\uff1a55%\uff0c\u63a7\u5236\u8f93\u51fa\uff1a55.0%\u4e8c\u671f\u751f\u7269\u6c60#\u5b9e\u65f6\uff1a\u4e8c\u671f\u6eb6\u89e3\u6c27\uff1a2.67mg/L\uff0c\u76ee\u6807\u503c\uff1a2mg/L#\u4e8c\u671f1\u53f7\u98ce\u673a\u8fd0\u884c\uff0c\u53cd\u9988\uff1a73%\uff0c\u4e0a\u9650\uff1a98%\uff0c\u4e0b\u9650\uff1a55%\uff0c\u63a7\u5236\u8f93\u51fa\uff1a69.0%\u4e8c\u671f3\u53f7\u98ce\u673a\u8fd0\u884c\uff0c\u53cd\u9988\uff1a73%\uff0c\u4e0a\u9650\uff1a98%\uff0c\u4e0b\u9650\uff1a55%\uff0c\u63a7\u5236\u8f93\u51fa\uff1a69.0%\u4e8c\u671f6\u53f7\u98ce\u673a\u8fd0\u884c\uff0c\u53cd\u9988\uff1a73%\uff0c\u4e0a\u9650\uff1a98%\uff0c\u4e0b\u9650\uff1a55%\uff0c\u63a7\u5236\u8f93\u51fa\uff1a69.0%"}
2026-06-08 07:52:56,414 - MQTTClient - 177 - DEBUG - Message published (mid=20385)
2026-06-08 07:54:56,562 - MQTTClient - 99 - DEBUG - Published: Rpc/ - {"\u865a\u62df\u8bbe\u5907": {"\u4e00\u671f1\u53f7\u98ce\u673a\u542f\u505c": 1}}
2026-06-08 07:54:56,562 - MQTTClient - 177 - DEBUG - Message published (mid=20386)
2026-06-08 07:54:56,566 - MQTTClient - 177 - DEBUG - Message published (mid=20387)
2026-06-08 07:54:56,566 - MQTTClient - 99 - DEBUG - Published: Rpc/ - {"\u865a\u62df\u8bbe\u5907": {"\u4e00\u671f1\u53f7\u98ce\u673aSV\u503c": 55.0}}
2026-06-08 07:54:56,567 - MQTTClient - 99 - DEBUG - Published: Rpc/ - {"\u865a\u62df\u8bbe\u5907": {"\u4e00\u671f2\u53f7\u98ce\u673a\u542f\u505c": 1}}
2026-06-08 07:54:56,567 - MQTTClient - 177 - DEBUG - Message published (mid=20388)
2026-06-08 07:54:56,571 - MQTTClient - 177 - DEBUG - Message published (mid=20389)
2026-06-08 07:54:56,571 - MQTTClient - 99 - DEBUG - Published: Rpc/ - {"\u865a\u62df\u8bbe\u5907": {"\u4e00\u671f2\u53f7\u98ce\u673aSV\u503c": 55.0}}
2026-06-08 07:54:56,573 - MQTTClient - 177 - DEBUG - Message published (mid=20390)
2026-06-08 07:54:56,574 - MQTTClient - 99 - DEBUG - Published: Rpc/ - {"\u865a\u62df\u8bbe\u5907": {"\u4e00\u671f3\u53f7\u98ce\u673a\u542f\u505c": 1}}
2026-06-08 07:54:56,579 - MQTTClient - 177 - DEBUG - Message published (mid=20391)
2026-06-08 07:54:56,579 - MQTTClient - 99 - DEBUG - Published: Rpc/ - {"\u865a\u62df\u8bbe\u5907": {"\u4e00\u671f3\u53f7\u98ce\u673aSV\u503c": 55.0}}
2026-06-08 07:54:56,580 - MQTTClient - 99 - DEBUG - Published: Rpc/ - {"\u865a\u62df\u8bbe\u5907": {"\u4e8c\u671f1\u53f7\u98ce\u673a\u542f\u505c": 1}}
2026-06-08 07:54:56,580 - MQTTClient - 177 - DEBUG - Message published (mid=20392)
2026-06-08 07:54:56,583 - MQTTClient - 99 - DEBUG - Published: Rpc/ - {"\u865a\u62df\u8bbe\u5907": {"\u4e8c\u671f1\u53f7\u98ce\u673aSV\u503c": 69.0}}
2026-06-08 07:54:56,583 - MQTTClient - 177 - DEBUG - Message published (mid=20393)
2026-06-08 07:54:56,584 - MQTTClient - 99 - DEBUG - Published: Rpc/ - {"\u865a\u62df\u8bbe\u5907": {"\u4e8c\u671f3\u53f7\u98ce\u673a\u542f\u505c": 1}}
2026-06-08 07:54:56,586 - MQTTClient - 177 - DEBUG - Message published (mid=20394)
2026-06-08 07:54:56,588 - MQTTClient - 99 - DEBUG - Published: Rpc/ - {"\u865a\u62df\u8bbe\u5907": {"\u4e8c\u671f3\u53f7\u98ce\u673aSV\u503c": 69.0}}
2026-06-08 07:54:56,588 - MQTTClient - 177 - DEBUG - Message published (mid=20395)
2026-06-08 07:54:56,589 - MQTTClient - 99 - DEBUG - Published: Rpc/ - {"\u865a\u62df\u8bbe\u5907": {"\u4e8c\u671f6\u53f7\u98ce\u673a\u542f\u505c": 1}}
2026-06-08 07:54:56,590 - MQTTClient - 177 - DEBUG - Message published (mid=20396)
2026-06-08 07:54:56,593 - MQTTClient - 177 - DEBUG - Message published (mid=20397)
2026-06-08 07:54:56,593 - MQTTClient - 99 - DEBUG - Published: /idms/api/v1/createControlX - {"type": "\u66dd\u6c14\u667a\u80fd\u4f53", "time": "2026-06-08 07:54:56", "algorithmVersion": "v1.0.0", "controller": "\u9ec4\u5188AI\u7b97\u6cd5\u63a7\u5236", "outputCommand": "\u4e00\u671f\u751f\u7269\u6c60#\u5b9e\u65f6\uff1a\u4e00\u671f\u6eb6\u89e3\u6c27\uff1a3.84mg/L\uff0c\u76ee\u6807\u503c\uff1a2mg/L#\u4e00\u671f1\u53f7\u98ce\u673a\u8fd0\u884c\uff0c\u53cd\u9988\uff1a60%\uff0c\u4e0a\u9650\uff1a100%\uff0c\u4e0b\u9650\uff1a55%\uff0c\u63a7\u5236\u8f93\u51fa\uff1a55.0%\u4e00\u671f2\u53f7\u98ce\u673a\u8fd0\u884c\uff0c\u53cd\u9988\uff1a60%\uff0c\u4e0a\u9650\uff1a100%\uff0c\u4e0b\u9650\uff1a55%\uff0c\u63a7\u5236\u8f93\u51fa\uff1a55.0%\u4e00\u671f3\u53f7\u98ce\u673a\u8fd0\u884c\uff0c\u53cd\u9988\uff1a60%\uff0c\u4e0a\u9650\uff1a100%\uff0c\u4e0b\u9650\uff1a55%\uff0c\u63a7\u5236\u8f93\u51fa\uff1a55.0%\u4e8c\u671f\u751f\u7269\u6c60#\u5b9e\u65f6\uff1a\u4e8c\u671f\u6eb6\u89e3\u6c27\uff1a2.6mg/L\uff0c\u76ee\u6807\u503c\uff1a2mg/L#\u4e8c\u671f1\u53f7\u98ce\u673a\u8fd0\u884c\uff0c\u53cd\u9988\uff1a73%\uff0c\u4e0a\u9650\uff1a98%\uff0c\u4e0b\u9650\uff1a55%\uff0c\u63a7\u5236\u8f93\u51fa\uff1a69.0%\u4e8c\u671f3\u53f7\u98ce\u673a\u8fd0\u884c\uff0c\u53cd\u9988\uff1a73%\uff0c\u4e0a\u9650\uff1a98%\uff0c\u4e0b\u9650\uff1a55%\uff0c\u63a7\u5236\u8f93\u51fa\uff1a69.0%\u4e8c\u671f6\u53f7\u98ce\u673a\u8fd0\u884c\uff0c\u53cd\u9988\uff1a73%\uff0c\u4e0a\u9650\uff1a98%\uff0c\u4e0b\u9650\uff1a55%\uff0c\u63a7\u5236\u8f93\u51fa\uff1a69.0%"}
2026-06-08 07:54:56,593 - MQTTClient - 99 - DEBUG - Published: Rpc/ - {"\u865a\u62df\u8bbe\u5907": {"\u4e8c\u671f6\u53f7\u98ce\u673aSV\u503c": 69.0}}
2026-06-08 07:54:56,594 - MQTTClient - 177 - DEBUG - Message published (mid=20398)
2026-06-08 07:56:56,763 - MQTTClient - 99 - DEBUG - Published: Rpc/ - {"\u865a\u62df\u8bbe\u5907": {"\u4e00\u671f1\u53f7\u98ce\u673a\u542f\u505c": 1}}
2026-06-08 07:56:56,763 - MQTTClient - 177 - DEBUG - Message published (mid=20399)
2026-06-08 07:56:56,766 - MQTTClient - 177 - DEBUG - Message published (mid=20400)
2026-06-08 07:56:56,766 - MQTTClient - 99 - DEBUG - Published: Rpc/ - {"\u865a\u62df\u8bbe\u5907": {"\u4e00\u671f1\u53f7\u98ce\u673aSV\u503c": 57.0}}
2026-06-08 07:56:56,767 - MQTTClient - 99 - DEBUG - Published: Rpc/ - {"\u865a\u62df\u8bbe\u5907": {"\u4e00\u671f2\u53f7\u98ce\u673a\u542f\u505c": 1}}
2026-06-08 07:56:56,767 - MQTTClient - 177 - DEBUG - Message published (mid=20401)
2026-06-08 07:56:56,772 - MQTTClient - 177 - DEBUG - Message published (mid=20402)
2026-06-08 07:56:56,772 - MQTTClient - 99 - DEBUG - Published: Rpc/ - {"\u865a\u62df\u8bbe\u5907": {"\u4e00\u671f2\u53f7\u98ce\u673aSV\u503c": 57.0}}
2026-06-08 07:56:56,773 - MQTTClient - 177 - DEBUG - Message published (mid=20403)
2026-06-08 07:56:56,774 - MQTTClient - 99 - DEBUG - Published: Rpc/ - {"\u865a\u62df\u8bbe\u5907": {"\u4e00\u671f3\u53f7\u98ce\u673a\u542f\u505c": 1}}
2026-06-08 07:56:56,777 - MQTTClient - 99 - DEBUG - Published: Rpc/ - {"\u865a\u62df\u8bbe\u5907": {"\u4e00\u671f3\u53f7\u98ce\u673aSV\u503c": 57.0}}
2026-06-08 07:56:56,777 - MQTTClient - 177 - DEBUG - Message published (mid=20404)
2026-06-08 07:56:56,777 - MQTTClient - 99 - DEBUG - Published: Rpc/ - {"\u865a\u62df\u8bbe\u5907": {"\u4e8c\u671f1\u53f7\u98ce\u673a\u542f\u505c": 1}}
2026-06-08 07:56:56,778 - MQTTClient - 177 - DEBUG - Message published (mid=20405)
2026-06-08 07:56:56,782 - MQTTClient - 99 - DEBUG - Published: Rpc/ - {"\u865a\u62df\u8bbe\u5907": {"\u4e8c\u671f1\u53f7\u98ce\u673aSV\u503c": 69.0}}
2026-06-08 07:56:56,782 - MQTTClient - 177 - DEBUG - Message published (mid=20406)
2026-06-08 07:56:56,783 - MQTTClient - 99 - DEBUG - Published: Rpc/ - {"\u865a\u62df\u8bbe\u5907": {"\u4e8c\u671f3\u53f7\u98ce\u673a\u542f\u505c": 1}}
2026-06-08 07:56:56,784 - MQTTClient - 177 - DEBUG - Message published (mid=20407)
2026-06-08 07:56:56,787 - MQTTClient - 99 - DEBUG - Published: Rpc/ - {"\u865a\u62df\u8bbe\u5907": {"\u4e8c\u671f3\u53f7\u98ce\u673aSV\u503c": 69.0}}
2026-06-08 07:56:56,787 - MQTTClient - 177 - DEBUG - Message published (mid=20408)
2026-06-08 07:56:56,787 - MQTTClient - 99 - DEBUG - Published: Rpc/ - {"\u865a\u62df\u8bbe\u5907": {"\u4e8c\u671f6\u53f7\u98ce\u673a\u542f\u505c": 1}}
2026-06-08 07:56:56,789 - MQTTClient - 177 - DEBUG - Message published (mid=20409)
2026-06-08 07:56:56,792 - MQTTClient - 99 - DEBUG - Published: Rpc/ - {"\u865a\u62df\u8bbe\u5907": {"\u4e8c\u671f6\u53f7\u98ce\u673aSV\u503c": 69.0}}
2026-06-08 07:56:56,792 - MQTTClient - 177 - DEBUG - Message published (mid=20410)
2026-06-08 07:56:56,793 - MQTTClient - 99 - DEBUG - Published: /idms/api/v1/createControlX - {"type": "\u66dd\u6c14\u667a\u80fd\u4f53", "time": "2026-06-08 07:56:56", "algorithmVersion": "v1.0.0", "controller": "\u9ec4\u5188AI\u7b97\u6cd5\u63a7\u5236", "outputCommand": "\u4e00\u671f\u751f\u7269\u6c60#\u5b9e\u65f6\uff1a\u4e00\u671f\u6eb6\u89e3\u6c27\uff1a3.83mg/L\uff0c\u76ee\u6807\u503c\uff1a2mg/L#\u4e00\u671f1\u53f7\u98ce\u673a\u8fd0\u884c\uff0c\u53cd\u9988\uff1a62%\uff0c\u4e0a\u9650\uff1a100%\uff0c\u4e0b\u9650\uff1a55%\uff0c\u63a7\u5236\u8f93\u51fa\uff1a55.0%\u4e00\u671f2\u53f7\u98ce\u673a\u8fd0\u884c\uff0c\u53cd\u9988\uff1a62%\uff0c\u4e0a\u9650\uff1a100%\uff0c\u4e0b\u9650\uff1a55%\uff0c\u63a7\u5236\u8f93\u51fa\uff1a55.0%\u4e00\u671f3\u53f7\u98ce\u673a\u8fd0\u884c\uff0c\u53cd\u9988\uff1a62%\uff0c\u4e0a\u9650\uff1a100%\uff0c\u4e0b\u9650\uff1a55%\uff0c\u63a7\u5236\u8f93\u51fa\uff1a55.0%\u4e8c\u671f\u751f\u7269\u6c60#\u5b9e\u65f6\uff1a\u4e8c\u671f\u6eb6\u89e3\u6c27\uff1a2.67mg/L\uff0c\u76ee\u6807\u503c\uff1a2mg/L#\u4e8c\u671f1\u53f7\u98ce\u673a\u8fd0\u884c\uff0c\u53cd\u9988\uff1a73%\uff0c\u4e0a\u9650\uff1a98%\uff0c\u4e0b\u9650\uff1a55%\uff0c\u63a7\u5236\u8f93\u51fa\uff1a69.0%\u4e8c\u671f3\u53f7\u98ce\u673a\u8fd0\u884c\uff0c\u53cd\u9988\uff1a73%\uff0c\u4e0a\u9650\uff1a98%\uff0c\u4e0b\u9650\uff1a55%\uff0c\u63a7\u5236\u8f93\u51fa\uff1a69.0%\u4e8c\u671f6\u53f7\u98ce\u673a\u8fd0\u884c\uff0c\u53cd\u9988\uff1a73%\uff0c\u4e0a\u9650\uff1a98%\uff0c\u4e0b\u9650\uff1a55%\uff0c\u63a7\u5236\u8f93\u51fa\uff1a69.0%"}
2026-06-08 07:56:56,795 - MQTTClient - 177 - DEBUG - Message published (mid=20411)
2026-06-08 07:57:11,770 - MQTTClient - 177 - DEBUG - Message published (mid=20412)
2026-06-08 07:57:11,771 - MQTTClient - 99 - DEBUG - Published: Rpc/ - {"\u865a\u62df\u8bbe\u5907": {"\u4e00\u671f1\u53f7\u98ce\u673aSV\u503c": 55.0}}
2026-06-08 07:57:11,784 - MQTTClient - 177 - DEBUG - Message published (mid=20413)
2026-06-08 07:57:11,784 - MQTTClient - 99 - DEBUG - Published: Rpc/ - {"\u865a\u62df\u8bbe\u5907": {"\u4e00\u671f3\u53f7\u98ce\u673aSV\u503c": 55.0}}
2026-06-08 07:57:11,784 - MQTTClient - 99 - DEBUG - Published: Rpc/ - {"\u865a\u62df\u8bbe\u5907": {"\u4e00\u671f2\u53f7\u98ce\u673aSV\u503c": 55.0}}
2026-06-08 07:57:11,786 - MQTTClient - 177 - DEBUG - Message published (mid=20414)
2026-06-08 07:58:56,952 - MQTTClient - 99 - DEBUG - Published: Rpc/ - {"\u865a\u62df\u8bbe\u5907": {"\u4e00\u671f1\u53f7\u98ce\u673a\u542f\u505c": 1}}
2026-06-08 07:58:56,952 - MQTTClient - 177 - DEBUG - Message published (mid=20415)
2026-06-08 07:58:56,956 - MQTTClient - 99 - DEBUG - Published: Rpc/ - {"\u865a\u62df\u8bbe\u5907": {"\u4e00\u671f1\u53f7\u98ce\u673aSV\u503c": 55.0}}
2026-06-08 07:58:56,956 - MQTTClient - 177 - DEBUG - Message published (mid=20416)
2026-06-08 07:58:56,957 - MQTTClient - 99 - DEBUG - Published: Rpc/ - {"\u865a\u62df\u8bbe\u5907": {"\u4e00\u671f2\u53f7\u98ce\u673a\u542f\u505c": 1}}
2026-06-08 07:58:56,959 - MQTTClient - 177 - DEBUG - Message published (mid=20417)
2026-06-08 07:58:56,960 - MQTTClient - 99 - DEBUG - Published: Rpc/ - {"\u865a\u62df\u8bbe\u5907": {"\u4e00\u671f2\u53f7\u98ce\u673aSV\u503c": 55.0}}
2026-06-08 07:58:56,961 - MQTTClient - 177 - DEBUG - Message published (mid=20418)
2026-06-08 07:58:56,961 - MQTTClient - 99 - DEBUG - Published: Rpc/ - {"\u865a\u62df\u8bbe\u5907": {"\u4e00\u671f3\u53f7\u98ce\u673a\u542f\u505c": 1}}
2026-06-08 07:58:56,964 - MQTTClient - 177 - DEBUG - Message published (mid=20419)
2026-06-08 07:58:56,966 - MQTTClient - 177 - DEBUG - Message published (mid=20420)
2026-06-08 07:58:56,966 - MQTTClient - 99 - DEBUG - Published: Rpc/ - {"\u865a\u62df\u8bbe\u5907": {"\u4e00\u671f3\u53f7\u98ce\u673aSV\u503c": 55.0}}
2026-06-08 07:58:56,966 - MQTTClient - 99 - DEBUG - Published: Rpc/ - {"\u865a\u62df\u8bbe\u5907": {"\u4e8c\u671f1\u53f7\u98ce\u673a\u542f\u505c": 1}}
2026-06-08 07:58:56,967 - MQTTClient - 177 - DEBUG - Message published (mid=20421)
2026-06-08 07:58:56,971 - MQTTClient - 177 - DEBUG - Message published (mid=20422)
2026-06-08 07:58:56,972 - MQTTClient - 99 - DEBUG - Published: Rpc/ - {"\u865a\u62df\u8bbe\u5907": {"\u4e8c\u671f1\u53f7\u98ce\u673aSV\u503c": 69.0}}
2026-06-08 07:58:56,974 - MQTTClient - 177 - DEBUG - Message published (mid=20423)
2026-06-08 07:58:56,974 - MQTTClient - 99 - DEBUG - Published: Rpc/ - {"\u865a\u62df\u8bbe\u5907": {"\u4e8c\u671f3\u53f7\u98ce\u673a\u542f\u505c": 1}}
2026-06-08 07:58:56,979 - MQTTClient - 99 - DEBUG - Published: Rpc/ - {"\u865a\u62df\u8bbe\u5907": {"\u4e8c\u671f3\u53f7\u98ce\u673aSV\u503c": 69.0}}
2026-06-08 07:58:56,979 - MQTTClient - 177 - DEBUG - Message published (mid=20424)
2026-06-08 07:58:56,979 - MQTTClient - 99 - DEBUG - Published: Rpc/ - {"\u865a\u62df\u8bbe\u5907": {"\u4e8c\u671f6\u53f7\u98ce\u673a\u542f\u505c": 1}}
2026-06-08 07:58:56,982 - MQTTClient - 177 - DEBUG - Message published (mid=20425)
2026-06-08 07:58:56,985 - MQTTClient - 177 - DEBUG - Message published (mid=20426)
2026-06-08 07:58:56,985 - MQTTClient - 99 - DEBUG - Published: Rpc/ - {"\u865a\u62df\u8bbe\u5907": {"\u4e8c\u671f6\u53f7\u98ce\u673aSV\u503c": 69.0}}
2026-06-08 07:58:56,986 - MQTTClient - 177 - DEBUG - Message published (mid=20427)
2026-06-08 07:58:56,987 - MQTTClient - 99 - DEBUG - Published: /idms/api/v1/createControlX - {"type": "\u66dd\u6c14\u667a\u80fd\u4f53", "time": "2026-06-08 07:58:56", "algorithmVersion": "v1.0.0", "controller": "\u9ec4\u5188AI\u7b97\u6cd5\u63a7\u5236", "outputCommand": "\u4e00\u671f\u751f\u7269\u6c60#\u5b9e\u65f6\uff1a\u4e00\u671f\u6eb6\u89e3\u6c27\uff1a3.8mg/L\uff0c\u76ee\u6807\u503c\uff1a2mg/L#\u4e00\u671f1\u53f7\u98ce\u673a\u8fd0\u884c\uff0c\u53cd\u9988\uff1a57%\uff0c\u4e0a\u9650\uff1a100%\uff0c\u4e0b\u9650\uff1a55%\uff0c\u63a7\u5236\u8f93\u51fa\uff1a55.0%\u4e00\u671f2\u53f7\u98ce\u673a\u8fd0\u884c\uff0c\u53cd\u9988\uff1a57%\uff0c\u4e0a\u9650\uff1a100%\uff0c\u4e0b\u9650\uff1a55%\uff0c\u63a7\u5236\u8f93\u51fa\uff1a55.0%\u4e00\u671f3\u53f7\u98ce\u673a\u8fd0\u884c\uff0c\u53cd\u9988\uff1a57%\uff0c\u4e0a\u9650\uff1a100%\uff0c\u4e0b\u9650\uff1a55%\uff0c\u63a7\u5236\u8f93\u51fa\uff1a55.0%\u4e8c\u671f\u751f\u7269\u6c60#\u5b9e\u65f6\uff1a\u4e8c\u671f\u6eb6\u89e3\u6c27\uff1a2.52mg/L\uff0c\u76ee\u6807\u503c\uff1a2mg/L#\u4e8c\u671f1\u53f7\u98ce\u673a\u8fd0\u884c\uff0c\u53cd\u9988\uff1a73%\uff0c\u4e0a\u9650\uff1a98%\uff0c\u4e0b\u9650\uff1a55%\uff0c\u63a7\u5236\u8f93\u51fa\uff1a69.0%\u4e8c\u671f3\u53f7\u98ce\u673a\u8fd0\u884c\uff0c\u53cd\u9988\uff1a73%\uff0c\u4e0a\u9650\uff1a98%\uff0c\u4e0b\u9650\uff1a55%\uff0c\u63a7\u5236\u8f93\u51fa\uff1a69.0%\u4e8c\u671f6\u53f7\u98ce\u673a\u8fd0\u884c\uff0c\u53cd\u9988\uff1a73%\uff0c\u4e0a\u9650\uff1a98%\uff0c\u4e0b\u9650\uff1a55%\uff0c\u63a7\u5236\u8f93\u51fa\uff1a69.0%"}
2026-06-08 08:00:45,662 - MQTTClient - 141 - DEBUG - Connected to 10.7.7.62 successfully
2026-06-08 08:00:45,685 - MQTTClient - 174 - DEBUG - Subscribed with QOS: (0,)
2026-06-08 08:00:57,164 - MQTTClient - 99 - DEBUG - Published: Rpc/ - {"\u865a\u62df\u8bbe\u5907": {"\u4e00\u671f1\u53f7\u98ce\u673a\u542f\u505c": 1}}
2026-06-08 08:00:57,164 - MQTTClient - 177 - DEBUG - Message published (mid=20429)
2026-06-08 08:00:57,167 - MQTTClient - 99 - DEBUG - Published: Rpc/ - {"\u865a\u62df\u8bbe\u5907": {"\u4e00\u671f1\u53f7\u98ce\u673aSV\u503c": 55.0}}
2026-06-08 08:00:57,167 - MQTTClient - 177 - DEBUG - Message published (mid=20430)
2026-06-08 08:00:57,168 - MQTTClient - 99 - DEBUG - Published: Rpc/ - {"\u865a\u62df\u8bbe\u5907": {"\u4e00\u671f2\u53f7\u98ce\u673a\u542f\u505c": 1}}
2026-06-08 08:00:57,169 - MQTTClient - 177 - DEBUG - Message published (mid=20431)
2026-06-08 08:00:57,172 - MQTTClient - 177 - DEBUG - Message published (mid=20432)
2026-06-08 08:00:57,173 - MQTTClient - 99 - DEBUG - Published: Rpc/ - {"\u865a\u62df\u8bbe\u5907": {"\u4e00\u671f2\u53f7\u98ce\u673aSV\u503c": 55.0}}
2026-06-08 08:00:57,173 - MQTTClient - 99 - DEBUG - Published: Rpc/ - {"\u865a\u62df\u8bbe\u5907": {"\u4e00\u671f3\u53f7\u98ce\u673a\u542f\u505c": 1}}
2026-06-08 08:00:57,174 - MQTTClient - 177 - DEBUG - Message published (mid=20433)
2026-06-08 08:00:57,179 - MQTTClient - 99 - DEBUG - Published: Rpc/ - {"\u865a\u62df\u8bbe\u5907": {"\u4e00\u671f3\u53f7\u98ce\u673aSV\u503c": 55.0}}
2026-06-08 08:00:57,180 - MQTTClient - 177 - DEBUG - Message published (mid=20434)
2026-06-08 08:00:57,180 - MQTTClient - 99 - DEBUG - Published: Rpc/ - {"\u865a\u62df\u8bbe\u5907": {"\u4e8c\u671f1\u53f7\u98ce\u673a\u542f\u505c": 1}}
2026-06-08 08:00:57,181 - MQTTClient - 177 - DEBUG - Message published (mid=20435)
2026-06-08 08:00:57,185 - MQTTClient - 99 - DEBUG - Published: Rpc/ - {"\u865a\u62df\u8bbe\u5907": {"\u4e8c\u671f1\u53f7\u98ce\u673aSV\u503c": 69.0}}
2026-06-08 08:00:57,185 - MQTTClient - 177 - DEBUG - Message published (mid=20436)
2026-06-08 08:00:57,186 - MQTTClient - 99 - DEBUG - Published: Rpc/ - {"\u865a\u62df\u8bbe\u5907": {"\u4e8c\u671f3\u53f7\u98ce\u673a\u542f\u505c": 1}}
2026-06-08 08:00:57,187 - MQTTClient - 177 - DEBUG - Message published (mid=20437)
2026-06-08 08:00:57,191 - MQTTClient - 99 - DEBUG - Published: Rpc/ - {"\u865a\u62df\u8bbe\u5907": {"\u4e8c\u671f3\u53f7\u98ce\u673aSV\u503c": 69.0}}
2026-06-08 08:00:57,191 - MQTTClient - 177 - DEBUG - Message published (mid=20438)
2026-06-08 08:00:57,192 - MQTTClient - 99 - DEBUG - Published: Rpc/ - {"\u865a\u62df\u8bbe\u5907": {"\u4e8c\u671f6\u53f7\u98ce\u673a\u542f\u505c": 1}}
2026-06-08 08:00:57,193 - MQTTClient - 177 - DEBUG - Message published (mid=20439)
2026-06-08 08:00:57,197 - MQTTClient - 177 - DEBUG - Message published (mid=20440)
2026-06-08 08:00:57,197 - MQTTClient - 99 - DEBUG - Published: Rpc/ - {"\u865a\u62df\u8bbe\u5907": {"\u4e8c\u671f6\u53f7\u98ce\u673aSV\u503c": 69.0}}
2026-06-08 08:00:57,198 - MQTTClient - 99 - DEBUG - Published: /idms/api/v1/createControlX - {"type": "\u66dd\u6c14\u667a\u80fd\u4f53", "time": "2026-06-08 08:00:57", "algorithmVersion": "v1.0.0", "controller": "\u9ec4\u5188AI\u7b97\u6cd5\u63a7\u5236", "outputCommand": "\u4e00\u671f\u751f\u7269\u6c60#\u5b9e\u65f6\uff1a\u4e00\u671f\u6eb6\u89e3\u6c27\uff1a3.6mg/L\uff0c\u76ee\u6807\u503c\uff1a2mg/L#\u4e00\u671f1\u53f7\u98ce\u673a\u8fd0\u884c\uff0c\u53cd\u9988\uff1a57%\uff0c\u4e0a\u9650\uff1a100%\uff0c\u4e0b\u9650\uff1a55%\uff0c\u63a7\u5236\u8f93\u51fa\uff1a55.0%\u4e00\u671f2\u53f7\u98ce\u673a\u8fd0\u884c\uff0c\u53cd\u9988\uff1a57%\uff0c\u4e0a\u9650\uff1a100%\uff0c\u4e0b\u9650\uff1a55%\uff0c\u63a7\u5236\u8f93\u51fa\uff1a55.0%\u4e00\u671f3\u53f7\u98ce\u673a\u8fd0\u884c\uff0c\u53cd\u9988\uff1a57%\uff0c\u4e0a\u9650\uff1a100%\uff0c\u4e0b\u9650\uff1a55%\uff0c\u63a7\u5236\u8f93\u51fa\uff1a55.0%\u4e8c\u671f\u751f\u7269\u6c60#\u5b9e\u65f6\uff1a\u4e8c\u671f\u6eb6\u89e3\u6c27\uff1a2.64mg/L\uff0c\u76ee\u6807\u503c\uff1a2mg/L#\u4e8c\u671f1\u53f7\u98ce\u673a\u8fd0\u884c\uff0c\u53cd\u9988\uff1a73%\uff0c\u4e0a\u9650\uff1a98%\uff0c\u4e0b\u9650\uff1a55%\uff0c\u63a7\u5236\u8f93\u51fa\uff1a69.0%\u4e8c\u671f3\u53f7\u98ce\u673a\u8fd0\u884c\uff0c\u53cd\u9988\uff1a73%\uff0c\u4e0a\u9650\uff1a98%\uff0c\u4e0b\u9650\uff1a55%\uff0c\u63a7\u5236\u8f93\u51fa\uff1a69.0%\u4e8c\u671f6\u53f7\u98ce\u673a\u8fd0\u884c\uff0c\u53cd\u9988\uff1a73%\uff0c\u4e0a\u9650\uff1a98%\uff0c\u4e0b\u9650\uff1a55%\uff0c\u63a7\u5236\u8f93\u51fa\uff1a69.0%"}
2026-06-08 08:00:57,198 - MQTTClient - 177 - DEBUG - Message published (mid=20441)
2026-06-08 08:02:57,347 - MQTTClient - 177 - DEBUG - Message published (mid=20442)
2026-06-08 08:02:57,348 - MQTTClient - 99 - DEBUG - Published: Rpc/ - {"\u865a\u62df\u8bbe\u5907": {"\u4e00\u671f1\u53f7\u98ce\u673a\u542f\u505c": 1}}
2026-06-08 08:02:57,352 - MQTTClient - 177 - DEBUG - Message published (mid=20443)
2026-06-08 08:02:57,352 - MQTTClient - 99 - DEBUG - Published: Rpc/ - {"\u865a\u62df\u8bbe\u5907": {"\u4e00\u671f2\u53f7\u98ce\u673a\u542f\u505c": 1}}
2026-06-08 08:02:57,352 - MQTTClient - 99 - DEBUG - Published: Rpc/ - {"\u865a\u62df\u8bbe\u5907": {"\u4e00\u671f1\u53f7\u98ce\u673aSV\u503c": 55.0}}
2026-06-08 08:02:57,353 - MQTTClient - 177 - DEBUG - Message published (mid=20444)
2026-06-08 08:02:57,356 - MQTTClient - 177 - DEBUG - Message published (mid=20445)
2026-06-08 08:02:57,356 - MQTTClient - 99 - DEBUG - Published: Rpc/ - {"\u865a\u62df\u8bbe\u5907": {"\u4e00\u671f2\u53f7\u98ce\u673aSV\u503c": 55.0}}
2026-06-08 08:02:57,358 - MQTTClient - 177 - DEBUG - Message published (mid=20446)
2026-06-08 08:02:57,359 - MQTTClient - 99 - DEBUG - Published: Rpc/ - {"\u865a\u62df\u8bbe\u5907": {"\u4e00\u671f3\u53f7\u98ce\u673a\u542f\u505c": 1}}
2026-06-08 08:02:57,363 - MQTTClient - 177 - DEBUG - Message published (mid=20447)
2026-06-08 08:02:57,363 - MQTTClient - 99 - DEBUG - Published: Rpc/ - {"\u865a\u62df\u8bbe\u5907": {"\u4e00\u671f3\u53f7\u98ce\u673aSV\u503c": 55.0}}
2026-06-08 08:02:57,364 - MQTTClient - 99 - DEBUG - Published: Rpc/ - {"\u865a\u62df\u8bbe\u5907": {"\u4e8c\u671f1\u53f7\u98ce\u673a\u542f\u505c": 1}}
2026-06-08 08:02:57,364 - MQTTClient - 177 - DEBUG - Message published (mid=20448)
2026-06-08 08:02:57,367 - MQTTClient - 99 - DEBUG - Published: Rpc/ - {"\u865a\u62df\u8bbe\u5907": {"\u4e8c\u671f1\u53f7\u98ce\u673aSV\u503c": 69.0}}
2026-06-08 08:02:57,367 - MQTTClient - 177 - DEBUG - Message published (mid=20449)
2026-06-08 08:02:57,368 - MQTTClient - 99 - DEBUG - Published: Rpc/ - {"\u865a\u62df\u8bbe\u5907": {"\u4e8c\u671f3\u53f7\u98ce\u673a\u542f\u505c": 1}}
2026-06-08 08:02:57,370 - MQTTClient - 177 - DEBUG - Message published (mid=20450)
2026-06-08 08:02:57,372 - MQTTClient - 99 - DEBUG - Published: Rpc/ - {"\u865a\u62df\u8bbe\u5907": {"\u4e8c\u671f3\u53f7\u98ce\u673aSV\u503c": 69.0}}
2026-06-08 08:02:57,372 - MQTTClient - 177 - DEBUG - Message published (mid=20451)
2026-06-08 08:02:57,373 - MQTTClient - 99 - DEBUG - Published: Rpc/ - {"\u865a\u62df\u8bbe\u5907": {"\u4e8c\u671f6\u53f7\u98ce\u673a\u542f\u505c": 1}}
2026-06-08 08:02:57,375 - MQTTClient - 177 - DEBUG - Message published (mid=20452)
2026-06-08 08:02:57,378 - MQTTClient - 99 - DEBUG - Published: Rpc/ - {"\u865a\u62df\u8bbe\u5907": {"\u4e8c\u671f6\u53f7\u98ce\u673aSV\u503c": 69.0}}
2026-06-08 08:02:57,378 - MQTTClient - 177 - DEBUG - Message published (mid=20453)
2026-06-08 08:02:57,379 - MQTTClient - 99 - DEBUG - Published: /idms/api/v1/createControlX - {"type": "\u66dd\u6c14\u667a\u80fd\u4f53", "time": "2026-06-08 08:02:57", "algorithmVersion": "v1.0.0", "controller": "\u9ec4\u5188AI\u7b97\u6cd5\u63a7\u5236", "outputCommand": "\u4e00\u671f\u751f\u7269\u6c60#\u5b9e\u65f6\uff1a\u4e00\u671f\u6eb6\u89e3\u6c27\uff1a3.36mg/L\uff0c\u76ee\u6807\u503c\uff1a2mg/L#\u4e00\u671f1\u53f7\u98ce\u673a\u8fd0\u884c\uff0c\u53cd\u9988\uff1a57%\uff0c\u4e0a\u9650\uff1a100%\uff0c\u4e0b\u9650\uff1a55%\uff0c\u63a7\u5236\u8f93\u51fa\uff1a55.0%\u4e00\u671f2\u53f7\u98ce\u673a\u8fd0\u884c\uff0c\u53cd\u9988\uff1a57%\uff0c\u4e0a\u9650\uff1a100%\uff0c\u4e0b\u9650\uff1a55%\uff0c\u63a7\u5236\u8f93\u51fa\uff1a55.0%\u4e00\u671f3\u53f7\u98ce\u673a\u8fd0\u884c\uff0c\u53cd\u9988\uff1a57%\uff0c\u4e0a\u9650\uff1a100%\uff0c\u4e0b\u9650\uff1a55%\uff0c\u63a7\u5236\u8f93\u51fa\uff1a55.0%\u4e8c\u671f\u751f\u7269\u6c60#\u5b9e\u65f6\uff1a\u4e8c\u671f\u6eb6\u89e3\u6c27\uff1a2.7mg/L\uff0c\u76ee\u6807\u503c\uff1a2mg/L#\u4e8c\u671f1\u53f7\u98ce\u673a\u8fd0\u884c\uff0c\u53cd\u9988\uff1a73%\uff0c\u4e0a\u9650\uff1a98%\uff0c\u4e0b\u9650\uff1a55%\uff0c\u63a7\u5236\u8f93\u51fa\uff1a69.0%\u4e8c\u671f3\u53f7\u98ce\u673a\u8fd0\u884c\uff0c\u53cd\u9988\uff1a73%\uff0c\u4e0a\u9650\uff1a98%\uff0c\u4e0b\u9650\uff1a55%\uff0c\u63a7\u5236\u8f93\u51fa\uff1a69.0%\u4e8c\u671f6\u53f7\u98ce\u673a\u8fd0\u884c\uff0c\u53cd\u9988\uff1a73%\uff0c\u4e0a\u9650\uff1a98%\uff0c\u4e0b\u9650\uff1a55%\uff0c\u63a7\u5236\u8f93\u51fa\uff1a69.0%"}
2026-06-08 08:02:57,380 - MQTTClient - 177 - DEBUG - Message published (mid=20454)
2026-06-08 08:04:57,564 - MQTTClient - 177 - DEBUG - Message published (mid=20455)
2026-06-08 08:04:57,565 - MQTTClient - 99 - DEBUG - Published: Rpc/ - {"\u865a\u62df\u8bbe\u5907": {"\u4e00\u671f1\u53f7\u98ce\u673a\u542f\u505c": 1}}
2026-06-08 08:04:57,570 - MQTTClient - 99 - DEBUG - Published: Rpc/ - {"\u865a\u62df\u8bbe\u5907": {"\u4e00\u671f1\u53f7\u98ce\u673aSV\u503c": 55.0}}
2026-06-08 08:04:57,570 - MQTTClient - 177 - DEBUG - Message published (mid=20456)
2026-06-08 08:04:57,571 - MQTTClient - 99 - DEBUG - Published: Rpc/ - {"\u865a\u62df\u8bbe\u5907": {"\u4e00\u671f2\u53f7\u98ce\u673a\u542f\u505c": 1}}
2026-06-08 08:04:57,571 - MQTTClient - 177 - DEBUG - Message published (mid=20457)
2026-06-08 08:04:57,574 - MQTTClient - 177 - DEBUG - Message published (mid=20458)
2026-06-08 08:04:57,574 - MQTTClient - 99 - DEBUG - Published: Rpc/ - {"\u865a\u62df\u8bbe\u5907": {"\u4e00\u671f2\u53f7\u98ce\u673aSV\u503c": 55.0}}
2026-06-08 08:04:57,575 - MQTTClient - 99 - DEBUG - Published: Rpc/ - {"\u865a\u62df\u8bbe\u5907": {"\u4e00\u671f3\u53f7\u98ce\u673a\u542f\u505c": 1}}
2026-06-08 08:04:57,575 - MQTTClient - 177 - DEBUG - Message published (mid=20459)
2026-06-08 08:04:57,579 - MQTTClient - 177 - DEBUG - Message published (mid=20460)
2026-06-08 08:04:57,579 - MQTTClient - 99 - DEBUG - Published: Rpc/ - {"\u865a\u62df\u8bbe\u5907": {"\u4e8c\u671f1\u53f7\u98ce\u673a\u542f\u505c": 1}}
2026-06-08 08:04:57,580 - MQTTClient - 99 - DEBUG - Published: Rpc/ - {"\u865a\u62df\u8bbe\u5907": {"\u4e00\u671f3\u53f7\u98ce\u673aSV\u503c": 55.0}}
2026-06-08 08:04:57,581 - MQTTClient - 177 - DEBUG - Message published (mid=20461)
2026-06-08 08:04:57,585 - MQTTClient - 177 - DEBUG - Message published (mid=20462)
2026-06-08 08:04:57,585 - MQTTClient - 99 - DEBUG - Published: Rpc/ - {"\u865a\u62df\u8bbe\u5907": {"\u4e8c\u671f1\u53f7\u98ce\u673aSV\u503c": 69.0}}
2026-06-08 08:04:57,586 - MQTTClient - 99 - DEBUG - Published: Rpc/ - {"\u865a\u62df\u8bbe\u5907": {"\u4e8c\u671f3\u53f7\u98ce\u673a\u542f\u505c": 1}}
2026-06-08 08:04:57,586 - MQTTClient - 177 - DEBUG - Message published (mid=20463)
2026-06-08 08:04:57,589 - MQTTClient - 99 - DEBUG - Published: Rpc/ - {"\u865a\u62df\u8bbe\u5907": {"\u4e8c\u671f3\u53f7\u98ce\u673aSV\u503c": 69.0}}
2026-06-08 08:04:57,589 - MQTTClient - 177 - DEBUG - Message published (mid=20464)
2026-06-08 08:04:57,590 - MQTTClient - 99 - DEBUG - Published: Rpc/ - {"\u865a\u62df\u8bbe\u5907": {"\u4e8c\u671f6\u53f7\u98ce\u673a\u542f\u505c": 1}}
2026-06-08 08:04:57,591 - MQTTClient - 177 - DEBUG - Message published (mid=20465)
2026-06-08 08:04:57,595 - MQTTClient - 177 - DEBUG - Message published (mid=20466)
2026-06-08 08:04:57,596 - MQTTClient - 99 - DEBUG - Published: Rpc/ - {"\u865a\u62df\u8bbe\u5907": {"\u4e8c\u671f6\u53f7\u98ce\u673aSV\u503c": 69.0}}
2026-06-08 08:04:57,597 - MQTTClient - 177 - DEBUG - Message published (mid=20467)
2026-06-08 08:04:57,598 - MQTTClient - 99 - DEBUG - Published: /idms/api/v1/createControlX - {"type": "\u66dd\u6c14\u667a\u80fd\u4f53", "time": "2026-06-08 08:04:57", "algorithmVersion": "v1.0.0", "controller": "\u9ec4\u5188AI\u7b97\u6cd5\u63a7\u5236", "outputCommand": "\u4e00\u671f\u751f\u7269\u6c60#\u5b9e\u65f6\uff1a\u4e00\u671f\u6eb6\u89e3\u6c27\uff1a2.89mg/L\uff0c\u76ee\u6807\u503c\uff1a2mg/L#\u4e00\u671f1\u53f7\u98ce\u673a\u8fd0\u884c\uff0c\u53cd\u9988\uff1a57%\uff0c\u4e0a\u9650\uff1a100%\uff0c\u4e0b\u9650\uff1a55%\uff0c\u63a7\u5236\u8f93\u51fa\uff1a55.0%\u4e00\u671f2\u53f7\u98ce\u673a\u8fd0\u884c\uff0c\u53cd\u9988\uff1a57%\uff0c\u4e0a\u9650\uff1a100%\uff0c\u4e0b\u9650\uff1a55%\uff0c\u63a7\u5236\u8f93\u51fa\uff1a55.0%\u4e00\u671f3\u53f7\u98ce\u673a\u8fd0\u884c\uff0c\u53cd\u9988\uff1a57%\uff0c\u4e0a\u9650\uff1a100%\uff0c\u4e0b\u9650\uff1a55%\uff0c\u63a7\u5236\u8f93\u51fa\uff1a55.0%\u4e8c\u671f\u751f\u7269\u6c60#\u5b9e\u65f6\uff1a\u4e8c\u671f\u6eb6\u89e3\u6c27\uff1a2.67mg/L\uff0c\u76ee\u6807\u503c\uff1a2mg/L#\u4e8c\u671f1\u53f7\u98ce\u673a\u8fd0\u884c\uff0c\u53cd\u9988\uff1a73%\uff0c\u4e0a\u9650\uff1a98%\uff0c\u4e0b\u9650\uff1a55%\uff0c\u63a7\u5236\u8f93\u51fa\uff1a69.0%\u4e8c\u671f3\u53f7\u98ce\u673a\u8fd0\u884c\uff0c\u53cd\u9988\uff1a73%\uff0c\u4e0a\u9650\uff1a98%\uff0c\u4e0b\u9650\uff1a55%\uff0c\u63a7\u5236\u8f93\u51fa\uff1a69.0%\u4e8c\u671f6\u53f7\u98ce\u673a\u8fd0\u884c\uff0c\u53cd\u9988\uff1a73%\uff0c\u4e0a\u9650\uff1a98%\uff0c\u4e0b\u9650\uff1a55%\uff0c\u63a7\u5236\u8f93\u51fa\uff1a69.0%"}
2026-06-08 08:06:57,780 - MQTTClient - 177 - DEBUG - Message published (mid=20468)
2026-06-08 08:06:57,781 - MQTTClient - 99 - DEBUG - Published: Rpc/ - {"\u865a\u62df\u8bbe\u5907": {"\u4e00\u671f1\u53f7\u98ce\u673a\u542f\u505c": 1}}
2026-06-08 08:06:57,784 - MQTTClient - 99 - DEBUG - Published: Rpc/ - {"\u865a\u62df\u8bbe\u5907": {"\u4e00\u671f1\u53f7\u98ce\u673aSV\u503c": 55.4}}
2026-06-08 08:06:57,785 - MQTTClient - 177 - DEBUG - Message published (mid=20469)
2026-06-08 08:06:57,787 - MQTTClient - 99 - DEBUG - Published: Rpc/ - {"\u865a\u62df\u8bbe\u5907": {"\u4e00\u671f2\u53f7\u98ce\u673a\u542f\u505c": 1}}
2026-06-08 08:06:57,787 - MQTTClient - 177 - DEBUG - Message published (mid=20470)
2026-06-08 08:06:57,789 - MQTTClient - 99 - DEBUG - Published: Rpc/ - {"\u865a\u62df\u8bbe\u5907": {"\u4e00\u671f2\u53f7\u98ce\u673aSV\u503c": 55.4}}
2026-06-08 08:06:57,790 - MQTTClient - 177 - DEBUG - Message published (mid=20471)
2026-06-08 08:06:57,791 - MQTTClient - 177 - DEBUG - Message published (mid=20472)
2026-06-08 08:06:57,792 - MQTTClient - 99 - DEBUG - Published: Rpc/ - {"\u865a\u62df\u8bbe\u5907": {"\u4e00\u671f3\u53f7\u98ce\u673a\u542f\u505c": 1}}
2026-06-08 08:06:57,795 - MQTTClient - 177 - DEBUG - Message published (mid=20473)
2026-06-08 08:06:57,795 - MQTTClient - 99 - DEBUG - Published: Rpc/ - {"\u865a\u62df\u8bbe\u5907": {"\u4e8c\u671f1\u53f7\u98ce\u673a\u542f\u505c": 1}}
2026-06-08 08:06:57,795 - MQTTClient - 99 - DEBUG - Published: Rpc/ - {"\u865a\u62df\u8bbe\u5907": {"\u4e00\u671f3\u53f7\u98ce\u673aSV\u503c": 55.4}}
2026-06-08 08:06:57,796 - MQTTClient - 177 - DEBUG - Message published (mid=20474)
2026-06-08 08:06:57,799 - MQTTClient - 177 - DEBUG - Message published (mid=20475)
2026-06-08 08:06:57,800 - MQTTClient - 99 - DEBUG - Published: Rpc/ - {"\u865a\u62df\u8bbe\u5907": {"\u4e8c\u671f1\u53f7\u98ce\u673aSV\u503c": 69.0}}
2026-06-08 08:06:57,800 - MQTTClient - 99 - DEBUG - Published: Rpc/ - {"\u865a\u62df\u8bbe\u5907": {"\u4e8c\u671f3\u53f7\u98ce\u673a\u542f\u505c": 1}}
2026-06-08 08:06:57,800 - MQTTClient - 177 - DEBUG - Message published (mid=20476)
2026-06-08 08:06:57,806 - MQTTClient - 177 - DEBUG - Message published (mid=20477)
2026-06-08 08:06:57,806 - MQTTClient - 99 - DEBUG - Published: Rpc/ - {"\u865a\u62df\u8bbe\u5907": {"\u4e8c\u671f3\u53f7\u98ce\u673aSV\u503c": 69.0}}
2026-06-08 08:06:57,808 - MQTTClient - 99 - DEBUG - Published: Rpc/ - {"\u865a\u62df\u8bbe\u5907": {"\u4e8c\u671f6\u53f7\u98ce\u673a\u542f\u505c": 1}}
2026-06-08 08:06:57,808 - MQTTClient - 177 - DEBUG - Message published (mid=20478)
2026-06-08 08:06:57,810 - MQTTClient - 177 - DEBUG - Message published (mid=20479)
2026-06-08 08:06:57,811 - MQTTClient - 99 - DEBUG - Published: Rpc/ - {"\u865a\u62df\u8bbe\u5907": {"\u4e8c\u671f6\u53f7\u98ce\u673aSV\u503c": 69.0}}
2026-06-08 08:06:57,811 - MQTTClient - 99 - DEBUG - Published: /idms/api/v1/createControlX - {"type": "\u66dd\u6c14\u667a\u80fd\u4f53", "time": "2026-06-08 08:06:57", "algorithmVersion": "v1.0.0", "controller": "\u9ec4\u5188AI\u7b97\u6cd5\u63a7\u5236", "outputCommand": "\u4e00\u671f\u751f\u7269\u6c60#\u5b9e\u65f6\uff1a\u4e00\u671f\u6eb6\u89e3\u6c27\uff1a2.76mg/L\uff0c\u76ee\u6807\u503c\uff1a2mg/L#\u4e00\u671f1\u53f7\u98ce\u673a\u8fd0\u884c\uff0c\u53cd\u9988\uff1a57%\uff0c\u4e0a\u9650\uff1a100%\uff0c\u4e0b\u9650\uff1a55%\uff0c\u63a7\u5236\u8f93\u51fa\uff1a55.4%\u4e00\u671f2\u53f7\u98ce\u673a\u8fd0\u884c\uff0c\u53cd\u9988\uff1a57%\uff0c\u4e0a\u9650\uff1a100%\uff0c\u4e0b\u9650\uff1a55%\uff0c\u63a7\u5236\u8f93\u51fa\uff1a55.4%\u4e00\u671f3\u53f7\u98ce\u673a\u8fd0\u884c\uff0c\u53cd\u9988\uff1a57%\uff0c\u4e0a\u9650\uff1a100%\uff0c\u4e0b\u9650\uff1a55%\uff0c\u63a7\u5236\u8f93\u51fa\uff1a55.4%\u4e8c\u671f\u751f\u7269\u6c60#\u5b9e\u65f6\uff1a\u4e8c\u671f\u6eb6\u89e3\u6c27\uff1a2.65mg/L\uff0c\u76ee\u6807\u503c\uff1a2mg/L#\u4e8c\u671f1\u53f7\u98ce\u673a\u8fd0\u884c\uff0c\u53cd\u9988\uff1a73%\uff0c\u4e0a\u9650\uff1a98%\uff0c\u4e0b\u9650\uff1a55%\uff0c\u63a7\u5236\u8f93\u51fa\uff1a69.0%\u4e8c\u671f3\u53f7\u98ce\u673a\u8fd0\u884c\uff0c\u53cd\u9988\uff1a73%\uff0c\u4e0a\u9650\uff1a98%\uff0c\u4e0b\u9650\uff1a55%\uff0c\u63a7\u5236\u8f93\u51fa\uff1a69.0%\u4e8c\u671f6\u53f7\u98ce\u673a\u8fd0\u884c\uff0c\u53cd\u9988\uff1a73%\uff0c\u4e0a\u9650\uff1a98%\uff0c\u4e0b\u9650\uff1a55%\uff0c\u63a7\u5236\u8f93\u51fa\uff1a69.0%"}
2026-06-08 08:06:57,812 - MQTTClient - 177 - DEBUG - Message published (mid=20480)
2026-06-08 08:08:57,958 - MQTTClient - 99 - DEBUG - Published: Rpc/ - {"\u865a\u62df\u8bbe\u5907": {"\u4e00\u671f1\u53f7\u98ce\u673a\u542f\u505c": 1}}
2026-06-08 08:08:57,958 - MQTTClient - 177 - DEBUG - Message published (mid=20481)
2026-06-08 08:08:57,961 - MQTTClient - 99 - DEBUG - Published: Rpc/ - {"\u865a\u62df\u8bbe\u5907": {"\u4e00\u671f2\u53f7\u98ce\u673a\u542f\u505c": 1}}
2026-06-08 08:08:57,961 - MQTTClient - 177 - DEBUG - Message published (mid=20482)
2026-06-08 08:08:57,964 - MQTTClient - 99 - DEBUG - Published: Rpc/ - {"\u865a\u62df\u8bbe\u5907": {"\u4e00\u671f3\u53f7\u98ce\u673a\u542f\u505c": 1}}
2026-06-08 08:08:57,964 - MQTTClient - 177 - DEBUG - Message published (mid=20483)
2026-06-08 08:08:57,968 - MQTTClient - 177 - DEBUG - Message published (mid=20484)
2026-06-08 08:08:57,968 - MQTTClient - 99 - DEBUG - Published: Rpc/ - {"\u865a\u62df\u8bbe\u5907": {"\u4e8c\u671f1\u53f7\u98ce\u673a\u542f\u505c": 1}}
2026-06-08 08:08:57,973 - MQTTClient - 177 - DEBUG - Message published (mid=20485)
2026-06-08 08:08:57,974 - MQTTClient - 99 - DEBUG - Published: Rpc/ - {"\u865a\u62df\u8bbe\u5907": {"\u4e8c\u671f1\u53f7\u98ce\u673aSV\u503c": 69.0}}
2026-06-08 08:08:57,975 - MQTTClient - 177 - DEBUG - Message published (mid=20486)
2026-06-08 08:08:57,975 - MQTTClient - 99 - DEBUG - Published: Rpc/ - {"\u865a\u62df\u8bbe\u5907": {"\u4e8c\u671f3\u53f7\u98ce\u673a\u542f\u505c": 1}}
2026-06-08 08:08:57,979 - MQTTClient - 177 - DEBUG - Message published (mid=20487)
2026-06-08 08:08:57,979 - MQTTClient - 99 - DEBUG - Published: Rpc/ - {"\u865a\u62df\u8bbe\u5907": {"\u4e8c\u671f3\u53f7\u98ce\u673aSV\u503c": 69.0}}
2026-06-08 08:08:57,979 - MQTTClient - 99 - DEBUG - Published: Rpc/ - {"\u865a\u62df\u8bbe\u5907": {"\u4e8c\u671f6\u53f7\u98ce\u673a\u542f\u505c": 1}}
2026-06-08 08:08:57,980 - MQTTClient - 177 - DEBUG - Message published (mid=20488)
2026-06-08 08:08:57,983 - MQTTClient - 177 - DEBUG - Message published (mid=20489)
2026-06-08 08:08:57,984 - MQTTClient - 99 - DEBUG - Published: Rpc/ - {"\u865a\u62df\u8bbe\u5907": {"\u4e8c\u671f6\u53f7\u98ce\u673aSV\u503c": 69.0}}
2026-06-08 08:08:57,985 - MQTTClient - 99 - DEBUG - Published: /idms/api/v1/createControlX - {"type": "\u66dd\u6c14\u667a\u80fd\u4f53", "time": "2026-06-08 08:08:57", "algorithmVersion": "v1.0.0", "controller": "\u9ec4\u5188AI\u7b97\u6cd5\u63a7\u5236", "outputCommand": "\u4e00\u671f\u751f\u7269\u6c60#\u5b9e\u65f6\uff1a\u4e00\u671f\u6eb6\u89e3\u6c27\uff1a2.34mg/L\uff0c\u76ee\u6807\u503c\uff1a2mg/L#\u4e00\u671f1\u53f7\u98ce\u673a\u8fd0\u884c\uff0c\u53cd\u9988\uff1a57%\uff0c\u4e0a\u9650\uff1a100%\uff0c\u4e0b\u9650\uff1a55%\uff0c\u63a7\u5236\u8f93\u51fa\uff1a57.0%\u4e00\u671f2\u53f7\u98ce\u673a\u8fd0\u884c\uff0c\u53cd\u9988\uff1a57%\uff0c\u4e0a\u9650\uff1a100%\uff0c\u4e0b\u9650\uff1a55%\uff0c\u63a7\u5236\u8f93\u51fa\uff1a57.0%\u4e00\u671f3\u53f7\u98ce\u673a\u8fd0\u884c\uff0c\u53cd\u9988\uff1a57%\uff0c\u4e0a\u9650\uff1a100%\uff0c\u4e0b\u9650\uff1a55%\uff0c\u63a7\u5236\u8f93\u51fa\uff1a57.0%\u4e8c\u671f\u751f\u7269\u6c60#\u5b9e\u65f6\uff1a\u4e8c\u671f\u6eb6\u89e3\u6c27\uff1a2.76mg/L\uff0c\u76ee\u6807\u503c\uff1a2mg/L#\u4e8c\u671f1\u53f7\u98ce\u673a\u8fd0\u884c\uff0c\u53cd\u9988\uff1a73%\uff0c\u4e0a\u9650\uff1a98%\uff0c\u4e0b\u9650\uff1a55%\uff0c\u63a7\u5236\u8f93\u51fa\uff1a69.0%\u4e8c\u671f3\u53f7\u98ce\u673a\u8fd0\u884c\uff0c\u53cd\u9988\uff1a73%\uff0c\u4e0a\u9650\uff1a98%\uff0c\u4e0b\u9650\uff1a55%\uff0c\u63a7\u5236\u8f93\u51fa\uff1a69.0%\u4e8c\u671f6\u53f7\u98ce\u673a\u8fd0\u884c\uff0c\u53cd\u9988\uff1a73%\uff0c\u4e0a\u9650\uff1a98%\uff0c\u4e0b\u9650\uff1a55%\uff0c\u63a7\u5236\u8f93\u51fa\uff1a69.0%"}
2026-06-08 08:08:57,985 - MQTTClient - 177 - DEBUG - Message published (mid=20490)
2026-06-08 08:10:58,114 - MQTTClient - 177 - DEBUG - Message published (mid=20491)
2026-06-08 08:10:58,114 - MQTTClient - 99 - DEBUG - Published: Rpc/ - {"\u865a\u62df\u8bbe\u5907": {"\u4e00\u671f1\u53f7\u98ce\u673a\u542f\u505c": 1}}
2026-06-08 08:10:58,119 - MQTTClient - 177 - DEBUG - Message published (mid=20492)
2026-06-08 08:10:58,119 - MQTTClient - 99 - DEBUG - Published: Rpc/ - {"\u865a\u62df\u8bbe\u5907": {"\u4e00\u671f1\u53f7\u98ce\u673aSV\u503c": 59.0}}
2026-06-08 08:10:58,120 - MQTTClient - 177 - DEBUG - Message published (mid=20493)
2026-06-08 08:10:58,120 - MQTTClient - 99 - DEBUG - Published: Rpc/ - {"\u865a\u62df\u8bbe\u5907": {"\u4e00\u671f2\u53f7\u98ce\u673a\u542f\u505c": 1}}
2026-06-08 08:10:58,127 - MQTTClient - 99 - DEBUG - Published: Rpc/ - {"\u865a\u62df\u8bbe\u5907": {"\u4e00\u671f3\u53f7\u98ce\u673a\u542f\u505c": 1}}
2026-06-08 08:10:58,127 - MQTTClient - 177 - DEBUG - Message published (mid=20494)
2026-06-08 08:10:58,129 - MQTTClient - 99 - DEBUG - Published: Rpc/ - {"\u865a\u62df\u8bbe\u5907": {"\u4e00\u671f2\u53f7\u98ce\u673aSV\u503c": 59.0}}
2026-06-08 08:10:58,129 - MQTTClient - 177 - DEBUG - Message published (mid=20495)
2026-06-08 08:10:58,132 - MQTTClient - 177 - DEBUG - Message published (mid=20496)
2026-06-08 08:10:58,132 - MQTTClient - 99 - DEBUG - Published: Rpc/ - {"\u865a\u62df\u8bbe\u5907": {"\u4e00\u671f3\u53f7\u98ce\u673aSV\u503c": 59.0}}
2026-06-08 08:10:58,133 - MQTTClient - 99 - DEBUG - Published: Rpc/ - {"\u865a\u62df\u8bbe\u5907": {"\u4e8c\u671f1\u53f7\u98ce\u673a\u542f\u505c": 1}}
2026-06-08 08:10:58,134 - MQTTClient - 177 - DEBUG - Message published (mid=20497)
2026-06-08 08:10:58,137 - MQTTClient - 99 - DEBUG - Published: Rpc/ - {"\u865a\u62df\u8bbe\u5907": {"\u4e8c\u671f1\u53f7\u98ce\u673aSV\u503c": 69.0}}
2026-06-08 08:10:58,138 - MQTTClient - 177 - DEBUG - Message published (mid=20498)
2026-06-08 08:10:58,138 - MQTTClient - 99 - DEBUG - Published: Rpc/ - {"\u865a\u62df\u8bbe\u5907": {"\u4e8c\u671f3\u53f7\u98ce\u673a\u542f\u505c": 1}}
2026-06-08 08:10:58,140 - MQTTClient - 177 - DEBUG - Message published (mid=20499)
2026-06-08 08:10:58,143 - MQTTClient - 99 - DEBUG - Published: Rpc/ - {"\u865a\u62df\u8bbe\u5907": {"\u4e8c\u671f3\u53f7\u98ce\u673aSV\u503c": 69.0}}
2026-06-08 08:10:58,143 - MQTTClient - 177 - DEBUG - Message published (mid=20500)
2026-06-08 08:10:58,144 - MQTTClient - 99 - DEBUG - Published: Rpc/ - {"\u865a\u62df\u8bbe\u5907": {"\u4e8c\u671f6\u53f7\u98ce\u673a\u542f\u505c": 1}}
2026-06-08 08:10:58,147 - MQTTClient - 177 - DEBUG - Message published (mid=20501)
2026-06-08 08:10:58,151 - MQTTClient - 177 - DEBUG - Message published (mid=20502)
2026-06-08 08:10:58,151 - MQTTClient - 99 - DEBUG - Published: Rpc/ - {"\u865a\u62df\u8bbe\u5907": {"\u4e8c\u671f6\u53f7\u98ce\u673aSV\u503c": 69.0}}
2026-06-08 08:10:58,153 - MQTTClient - 99 - DEBUG - Published: /idms/api/v1/createControlX - {"type": "\u66dd\u6c14\u667a\u80fd\u4f53", "time": "2026-06-08 08:10:58", "algorithmVersion": "v1.0.0", "controller": "\u9ec4\u5188AI\u7b97\u6cd5\u63a7\u5236", "outputCommand": "\u4e00\u671f\u751f\u7269\u6c60#\u5b9e\u65f6\uff1a\u4e00\u671f\u6eb6\u89e3\u6c27\uff1a2.07mg/L\uff0c\u76ee\u6807\u503c\uff1a2mg/L#\u4e00\u671f1\u53f7\u98ce\u673a\u8fd0\u884c\uff0c\u53cd\u9988\uff1a57%\uff0c\u4e0a\u9650\uff1a100%\uff0c\u4e0b\u9650\uff1a55%\uff0c\u63a7\u5236\u8f93\u51fa\uff1a59.0%\u4e00\u671f2\u53f7\u98ce\u673a\u8fd0\u884c\uff0c\u53cd\u9988\uff1a57%\uff0c\u4e0a\u9650\uff1a100%\uff0c\u4e0b\u9650\uff1a55%\uff0c\u63a7\u5236\u8f93\u51fa\uff1a59.0%\u4e00\u671f3\u53f7\u98ce\u673a\u8fd0\u884c\uff0c\u53cd\u9988\uff1a57%\uff0c\u4e0a\u9650\uff1a100%\uff0c\u4e0b\u9650\uff1a55%\uff0c\u63a7\u5236\u8f93\u51fa\uff1a59.0%\u4e8c\u671f\u751f\u7269\u6c60#\u5b9e\u65f6\uff1a\u4e8c\u671f\u6eb6\u89e3\u6c27\uff1a2.45mg/L\uff0c\u76ee\u6807\u503c\uff1a2mg/L#\u4e8c\u671f1\u53f7\u98ce\u673a\u8fd0\u884c\uff0c\u53cd\u9988\uff1a73%\uff0c\u4e0a\u9650\uff1a98%\uff0c\u4e0b\u9650\uff1a55%\uff0c\u63a7\u5236\u8f93\u51fa\uff1a69.0%\u4e8c\u671f3\u53f7\u98ce\u673a\u8fd0\u884c\uff0c\u53cd\u9988\uff1a73%\uff0c\u4e0a\u9650\uff1a98%\uff0c\u4e0b\u9650\uff1a55%\uff0c\u63a7\u5236\u8f93\u51fa\uff1a69.0%\u4e8c\u671f6\u53f7\u98ce\u673a\u8fd0\u884c\uff0c\u53cd\u9988\uff1a73%\uff0c\u4e0a\u9650\uff1a98%\uff0c\u4e0b\u9650\uff1a55%\uff0c\u63a7\u5236\u8f93\u51fa\uff1a69.0%"}
2026-06-08 08:10:58,153 - MQTTClient - 177 - DEBUG - Message published (mid=20503)
2026-06-08 08:12:58,275 - MQTTClient - 177 - DEBUG - Message published (mid=20504)
2026-06-08 08:12:58,275 - MQTTClient - 99 - DEBUG - Published: Rpc/ - {"\u865a\u62df\u8bbe\u5907": {"\u4e00\u671f1\u53f7\u98ce\u673a\u542f\u505c": 1}}
2026-06-08 08:12:58,279 - MQTTClient - 99 - DEBUG - Published: Rpc/ - {"\u865a\u62df\u8bbe\u5907": {"\u4e00\u671f2\u53f7\u98ce\u673a\u542f\u505c": 1}}
2026-06-08 08:12:58,279 - MQTTClient - 177 - DEBUG - Message published (mid=20505)
2026-06-08 08:12:58,282 - MQTTClient - 99 - DEBUG - Published: Rpc/ - {"\u865a\u62df\u8bbe\u5907": {"\u4e00\u671f3\u53f7\u98ce\u673a\u542f\u505c": 1}}
2026-06-08 08:12:58,282 - MQTTClient - 177 - DEBUG - Message published (mid=20506)
2026-06-08 08:12:58,286 - MQTTClient - 177 - DEBUG - Message published (mid=20507)
2026-06-08 08:12:58,286 - MQTTClient - 99 - DEBUG - Published: Rpc/ - {"\u865a\u62df\u8bbe\u5907": {"\u4e8c\u671f1\u53f7\u98ce\u673a\u542f\u505c": 1}}
2026-06-08 08:12:58,289 - MQTTClient - 99 - DEBUG - Published: Rpc/ - {"\u865a\u62df\u8bbe\u5907": {"\u4e8c\u671f1\u53f7\u98ce\u673aSV\u503c": 69.0}}
2026-06-08 08:12:58,289 - MQTTClient - 177 - DEBUG - Message published (mid=20508)
2026-06-08 08:12:58,289 - MQTTClient - 99 - DEBUG - Published: Rpc/ - {"\u865a\u62df\u8bbe\u5907": {"\u4e8c\u671f3\u53f7\u98ce\u673a\u542f\u505c": 1}}
2026-06-08 08:12:58,291 - MQTTClient - 177 - DEBUG - Message published (mid=20509)
2026-06-08 08:12:58,294 - MQTTClient - 99 - DEBUG - Published: Rpc/ - {"\u865a\u62df\u8bbe\u5907": {"\u4e8c\u671f3\u53f7\u98ce\u673aSV\u503c": 69.0}}
2026-06-08 08:12:58,294 - MQTTClient - 177 - DEBUG - Message published (mid=20510)
2026-06-08 08:12:58,295 - MQTTClient - 99 - DEBUG - Published: Rpc/ - {"\u865a\u62df\u8bbe\u5907": {"\u4e8c\u671f6\u53f7\u98ce\u673a\u542f\u505c": 1}}
2026-06-08 08:12:58,298 - MQTTClient - 177 - DEBUG - Message published (mid=20511)
2026-06-08 08:12:58,302 - MQTTClient - 177 - DEBUG - Message published (mid=20512)
2026-06-08 08:12:58,302 - MQTTClient - 99 - DEBUG - Published: Rpc/ - {"\u865a\u62df\u8bbe\u5907": {"\u4e8c\u671f6\u53f7\u98ce\u673aSV\u503c": 69.0}}
2026-06-08 08:12:58,305 - MQTTClient - 99 - DEBUG - Published: /idms/api/v1/createControlX - {"type": "\u66dd\u6c14\u667a\u80fd\u4f53", "time": "2026-06-08 08:12:58", "algorithmVersion": "v1.0.0", "controller": "\u9ec4\u5188AI\u7b97\u6cd5\u63a7\u5236", "outputCommand": "\u4e00\u671f\u751f\u7269\u6c60#\u5b9e\u65f6\uff1a\u4e00\u671f\u6eb6\u89e3\u6c27\uff1a2.04mg/L\uff0c\u76ee\u6807\u503c\uff1a2mg/L#\u4e00\u671f1\u53f7\u98ce\u673a\u8fd0\u884c\uff0c\u53cd\u9988\uff1a57%\uff0c\u4e0a\u9650\uff1a100%\uff0c\u4e0b\u9650\uff1a55%\uff0c\u63a7\u5236\u8f93\u51fa\uff1a57.0%\u4e00\u671f2\u53f7\u98ce\u673a\u8fd0\u884c\uff0c\u53cd\u9988\uff1a57%\uff0c\u4e0a\u9650\uff1a100%\uff0c\u4e0b\u9650\uff1a55%\uff0c\u63a7\u5236\u8f93\u51fa\uff1a57.0%\u4e00\u671f3\u53f7\u98ce\u673a\u8fd0\u884c\uff0c\u53cd\u9988\uff1a57%\uff0c\u4e0a\u9650\uff1a100%\uff0c\u4e0b\u9650\uff1a55%\uff0c\u63a7\u5236\u8f93\u51fa\uff1a57.0%\u4e8c\u671f\u751f\u7269\u6c60#\u5b9e\u65f6\uff1a\u4e8c\u671f\u6eb6\u89e3\u6c27\uff1a2.43mg/L\uff0c\u76ee\u6807\u503c\uff1a2mg/L#\u4e8c\u671f1\u53f7\u98ce\u673a\u8fd0\u884c\uff0c\u53cd\u9988\uff1a73%\uff0c\u4e0a\u9650\uff1a98%\uff0c\u4e0b\u9650\uff1a55%\uff0c\u63a7\u5236\u8f93\u51fa\uff1a69.0%\u4e8c\u671f3\u53f7\u98ce\u673a\u8fd0\u884c\uff0c\u53cd\u9988\uff1a73%\uff0c\u4e0a\u9650\uff1a98%\uff0c\u4e0b\u9650\uff1a55%\uff0c\u63a7\u5236\u8f93\u51fa\uff1a69.0%\u4e8c\u671f6\u53f7\u98ce\u673a\u8fd0\u884c\uff0c\u53cd\u9988\uff1a73%\uff0c\u4e0a\u9650\uff1a98%\uff0c\u4e0b\u9650\uff1a55%\uff0c\u63a7\u5236\u8f93\u51fa\uff1a69.0%"}
2026-06-08 08:12:58,305 - MQTTClient - 177 - DEBUG - Message published (mid=20513)
2026-06-08 08:14:58,489 - MQTTClient - 99 - DEBUG - Published: Rpc/ - {"\u865a\u62df\u8bbe\u5907": {"\u4e00\u671f1\u53f7\u98ce\u673a\u542f\u505c": 1}}
2026-06-08 08:14:58,489 - MQTTClient - 177 - DEBUG - Message published (mid=20514)
2026-06-08 08:14:58,492 - MQTTClient - 177 - DEBUG - Message published (mid=20515)
2026-06-08 08:14:58,492 - MQTTClient - 99 - DEBUG - Published: Rpc/ - {"\u865a\u62df\u8bbe\u5907": {"\u4e00\u671f1\u53f7\u98ce\u673aSV\u503c": 59.0}}
2026-06-08 08:14:58,493 - MQTTClient - 177 - DEBUG - Message published (mid=20516)
2026-06-08 08:14:58,493 - MQTTClient - 99 - DEBUG - Published: Rpc/ - {"\u865a\u62df\u8bbe\u5907": {"\u4e00\u671f2\u53f7\u98ce\u673a\u542f\u505c": 1}}
2026-06-08 08:14:58,497 - MQTTClient - 99 - DEBUG - Published: Rpc/ - {"\u865a\u62df\u8bbe\u5907": {"\u4e00\u671f2\u53f7\u98ce\u673aSV\u503c": 59.0}}
2026-06-08 08:14:58,497 - MQTTClient - 177 - DEBUG - Message published (mid=20517)
2026-06-08 08:14:58,498 - MQTTClient - 99 - DEBUG - Published: Rpc/ - {"\u865a\u62df\u8bbe\u5907": {"\u4e00\u671f3\u53f7\u98ce\u673a\u542f\u505c": 1}}
2026-06-08 08:14:58,499 - MQTTClient - 177 - DEBUG - Message published (mid=20518)
2026-06-08 08:14:58,504 - MQTTClient - 99 - DEBUG - Published: Rpc/ - {"\u865a\u62df\u8bbe\u5907": {"\u4e00\u671f3\u53f7\u98ce\u673aSV\u503c": 59.0}}
2026-06-08 08:14:58,504 - MQTTClient - 177 - DEBUG - Message published (mid=20519)
2026-06-08 08:14:58,505 - MQTTClient - 99 - DEBUG - Published: Rpc/ - {"\u865a\u62df\u8bbe\u5907": {"\u4e8c\u671f1\u53f7\u98ce\u673a\u542f\u505c": 1}}
2026-06-08 08:14:58,506 - MQTTClient - 177 - DEBUG - Message published (mid=20520)
2026-06-08 08:14:58,509 - MQTTClient - 177 - DEBUG - Message published (mid=20521)
2026-06-08 08:14:58,509 - MQTTClient - 99 - DEBUG - Published: Rpc/ - {"\u865a\u62df\u8bbe\u5907": {"\u4e8c\u671f3\u53f7\u98ce\u673a\u542f\u505c": 1}}
2026-06-08 08:14:58,509 - MQTTClient - 99 - DEBUG - Published: Rpc/ - {"\u865a\u62df\u8bbe\u5907": {"\u4e8c\u671f1\u53f7\u98ce\u673aSV\u503c": 69.0}}
2026-06-08 08:14:58,510 - MQTTClient - 177 - DEBUG - Message published (mid=20522)
2026-06-08 08:14:58,513 - MQTTClient - 99 - DEBUG - Published: Rpc/ - {"\u865a\u62df\u8bbe\u5907": {"\u4e8c\u671f3\u53f7\u98ce\u673aSV\u503c": 69.0}}
2026-06-08 08:14:58,513 - MQTTClient - 177 - DEBUG - Message published (mid=20523)
2026-06-08 08:14:58,514 - MQTTClient - 99 - DEBUG - Published: Rpc/ - {"\u865a\u62df\u8bbe\u5907": {"\u4e8c\u671f6\u53f7\u98ce\u673a\u542f\u505c": 1}}
2026-06-08 08:14:58,515 - MQTTClient - 177 - DEBUG - Message published (mid=20524)
2026-06-08 08:14:58,519 - MQTTClient - 177 - DEBUG - Message published (mid=20525)
2026-06-08 08:14:58,519 - MQTTClient - 99 - DEBUG - Published: Rpc/ - {"\u865a\u62df\u8bbe\u5907": {"\u4e8c\u671f6\u53f7\u98ce\u673aSV\u503c": 69.0}}
2026-06-08 08:14:58,521 - MQTTClient - 177 - DEBUG - Message published (mid=20526)
2026-06-08 08:14:58,521 - MQTTClient - 99 - DEBUG - Published: /idms/api/v1/createControlX - {"type": "\u66dd\u6c14\u667a\u80fd\u4f53", "time": "2026-06-08 08:14:58", "algorithmVersion": "v1.0.0", "controller": "\u9ec4\u5188AI\u7b97\u6cd5\u63a7\u5236", "outputCommand": "\u4e00\u671f\u751f\u7269\u6c60#\u5b9e\u65f6\uff1a\u4e00\u671f\u6eb6\u89e3\u6c27\uff1a2.19mg/L\uff0c\u76ee\u6807\u503c\uff1a2mg/L#\u4e00\u671f1\u53f7\u98ce\u673a\u8fd0\u884c\uff0c\u53cd\u9988\uff1a57%\uff0c\u4e0a\u9650\uff1a100%\uff0c\u4e0b\u9650\uff1a55%\uff0c\u63a7\u5236\u8f93\u51fa\uff1a59.0%\u4e00\u671f2\u53f7\u98ce\u673a\u8fd0\u884c\uff0c\u53cd\u9988\uff1a57%\uff0c\u4e0a\u9650\uff1a100%\uff0c\u4e0b\u9650\uff1a55%\uff0c\u63a7\u5236\u8f93\u51fa\uff1a59.0%\u4e00\u671f3\u53f7\u98ce\u673a\u8fd0\u884c\uff0c\u53cd\u9988\uff1a57%\uff0c\u4e0a\u9650\uff1a100%\uff0c\u4e0b\u9650\uff1a55%\uff0c\u63a7\u5236\u8f93\u51fa\uff1a59.0%\u4e8c\u671f\u751f\u7269\u6c60#\u5b9e\u65f6\uff1a\u4e8c\u671f\u6eb6\u89e3\u6c27\uff1a2.44mg/L\uff0c\u76ee\u6807\u503c\uff1a2mg/L#\u4e8c\u671f1\u53f7\u98ce\u673a\u8fd0\u884c\uff0c\u53cd\u9988\uff1a73%\uff0c\u4e0a\u9650\uff1a98%\uff0c\u4e0b\u9650\uff1a55%\uff0c\u63a7\u5236\u8f93\u51fa\uff1a69.0%\u4e8c\u671f3\u53f7\u98ce\u673a\u8fd0\u884c\uff0c\u53cd\u9988\uff1a73%\uff0c\u4e0a\u9650\uff1a98%\uff0c\u4e0b\u9650\uff1a55%\uff0c\u63a7\u5236\u8f93\u51fa\uff1a69.0%\u4e8c\u671f6\u53f7\u98ce\u673a\u8fd0\u884c\uff0c\u53cd\u9988\uff1a73%\uff0c\u4e0a\u9650\uff1a98%\uff0c\u4e0b\u9650\uff1a55%\uff0c\u63a7\u5236\u8f93\u51fa\uff1a69.0%"}
2026-06-08 08:16:58,650 - MQTTClient - 177 - DEBUG - Message published (mid=20527)
2026-06-08 08:16:58,650 - MQTTClient - 99 - DEBUG - Published: Rpc/ - {"\u865a\u62df\u8bbe\u5907": {"\u4e00\u671f1\u53f7\u98ce\u673a\u542f\u505c": 1}}
2026-06-08 08:16:58,655 - MQTTClient - 177 - DEBUG - Message published (mid=20528)
2026-06-08 08:16:58,656 - MQTTClient - 99 - DEBUG - Published: Rpc/ - {"\u865a\u62df\u8bbe\u5907": {"\u4e00\u671f1\u53f7\u98ce\u673aSV\u503c": 59.0}}
2026-06-08 08:16:58,657 - MQTTClient - 177 - DEBUG - Message published (mid=20529)
2026-06-08 08:16:58,657 - MQTTClient - 99 - DEBUG - Published: Rpc/ - {"\u865a\u62df\u8bbe\u5907": {"\u4e00\u671f2\u53f7\u98ce\u673a\u542f\u505c": 1}}
2026-06-08 08:16:58,661 - MQTTClient - 177 - DEBUG - Message published (mid=20530)
2026-06-08 08:16:58,661 - MQTTClient - 99 - DEBUG - Published: Rpc/ - {"\u865a\u62df\u8bbe\u5907": {"\u4e00\u671f2\u53f7\u98ce\u673aSV\u503c": 59.0}}
2026-06-08 08:16:58,663 - MQTTClient - 177 - DEBUG - Message published (mid=20531)
2026-06-08 08:16:58,664 - MQTTClient - 99 - DEBUG - Published: Rpc/ - {"\u865a\u62df\u8bbe\u5907": {"\u4e00\u671f3\u53f7\u98ce\u673a\u542f\u505c": 1}}
2026-06-08 08:16:58,668 - MQTTClient - 177 - DEBUG - Message published (mid=20532)
2026-06-08 08:16:58,669 - MQTTClient - 99 - DEBUG - Published: Rpc/ - {"\u865a\u62df\u8bbe\u5907": {"\u4e00\u671f3\u53f7\u98ce\u673aSV\u503c": 59.0}}
2026-06-08 08:16:58,670 - MQTTClient - 177 - DEBUG - Message published (mid=20533)
2026-06-08 08:16:58,671 - MQTTClient - 99 - DEBUG - Published: Rpc/ - {"\u865a\u62df\u8bbe\u5907": {"\u4e8c\u671f1\u53f7\u98ce\u673a\u542f\u505c": 1}}
2026-06-08 08:16:58,675 - MQTTClient - 99 - DEBUG - Published: Rpc/ - {"\u865a\u62df\u8bbe\u5907": {"\u4e8c\u671f1\u53f7\u98ce\u673aSV\u503c": 69.0}}
2026-06-08 08:16:58,675 - MQTTClient - 177 - DEBUG - Message published (mid=20534)
2026-06-08 08:16:58,676 - MQTTClient - 99 - DEBUG - Published: Rpc/ - {"\u865a\u62df\u8bbe\u5907": {"\u4e8c\u671f3\u53f7\u98ce\u673a\u542f\u505c": 1}}
2026-06-08 08:16:58,677 - MQTTClient - 177 - DEBUG - Message published (mid=20535)
2026-06-08 08:16:58,679 - MQTTClient - 99 - DEBUG - Published: Rpc/ - {"\u865a\u62df\u8bbe\u5907": {"\u4e8c\u671f3\u53f7\u98ce\u673aSV\u503c": 69.0}}
2026-06-08 08:16:58,679 - MQTTClient - 177 - DEBUG - Message published (mid=20536)
2026-06-08 08:16:58,680 - MQTTClient - 99 - DEBUG - Published: Rpc/ - {"\u865a\u62df\u8bbe\u5907": {"\u4e8c\u671f6\u53f7\u98ce\u673a\u542f\u505c": 1}}
2026-06-08 08:16:58,681 - MQTTClient - 177 - DEBUG - Message published (mid=20537)
2026-06-08 08:16:58,685 - MQTTClient - 177 - DEBUG - Message published (mid=20538)
2026-06-08 08:16:58,685 - MQTTClient - 99 - DEBUG - Published: Rpc/ - {"\u865a\u62df\u8bbe\u5907": {"\u4e8c\u671f6\u53f7\u98ce\u673aSV\u503c": 69.0}}
2026-06-08 08:16:58,686 - MQTTClient - 177 - DEBUG - Message published (mid=20539)
2026-06-08 08:16:58,686 - MQTTClient - 99 - DEBUG - Published: /idms/api/v1/createControlX - {"type": "\u66dd\u6c14\u667a\u80fd\u4f53", "time": "2026-06-08 08:16:58", "algorithmVersion": "v1.0.0", "controller": "\u9ec4\u5188AI\u7b97\u6cd5\u63a7\u5236", "outputCommand": "\u4e00\u671f\u751f\u7269\u6c60#\u5b9e\u65f6\uff1a\u4e00\u671f\u6eb6\u89e3\u6c27\uff1a2.09mg/L\uff0c\u76ee\u6807\u503c\uff1a2mg/L#\u4e00\u671f1\u53f7\u98ce\u673a\u8fd0\u884c\uff0c\u53cd\u9988\uff1a57%\uff0c\u4e0a\u9650\uff1a100%\uff0c\u4e0b\u9650\uff1a55%\uff0c\u63a7\u5236\u8f93\u51fa\uff1a59.0%\u4e00\u671f2\u53f7\u98ce\u673a\u8fd0\u884c\uff0c\u53cd\u9988\uff1a57%\uff0c\u4e0a\u9650\uff1a100%\uff0c\u4e0b\u9650\uff1a55%\uff0c\u63a7\u5236\u8f93\u51fa\uff1a59.0%\u4e00\u671f3\u53f7\u98ce\u673a\u8fd0\u884c\uff0c\u53cd\u9988\uff1a57%\uff0c\u4e0a\u9650\uff1a100%\uff0c\u4e0b\u9650\uff1a55%\uff0c\u63a7\u5236\u8f93\u51fa\uff1a59.0%\u4e8c\u671f\u751f\u7269\u6c60#\u5b9e\u65f6\uff1a\u4e8c\u671f\u6eb6\u89e3\u6c27\uff1a2.46mg/L\uff0c\u76ee\u6807\u503c\uff1a2mg/L#\u4e8c\u671f1\u53f7\u98ce\u673a\u8fd0\u884c\uff0c\u53cd\u9988\uff1a73%\uff0c\u4e0a\u9650\uff1a98%\uff0c\u4e0b\u9650\uff1a55%\uff0c\u63a7\u5236\u8f93\u51fa\uff1a69.0%\u4e8c\u671f3\u53f7\u98ce\u673a\u8fd0\u884c\uff0c\u53cd\u9988\uff1a73%\uff0c\u4e0a\u9650\uff1a98%\uff0c\u4e0b\u9650\uff1a55%\uff0c\u63a7\u5236\u8f93\u51fa\uff1a69.0%\u4e8c\u671f6\u53f7\u98ce\u673a\u8fd0\u884c\uff0c\u53cd\u9988\uff1a73%\uff0c\u4e0a\u9650\uff1a98%\uff0c\u4e0b\u9650\uff1a55%\uff0c\u63a7\u5236\u8f93\u51fa\uff1a69.0%"}
2026-06-08 08:18:58,832 - MQTTClient - 177 - DEBUG - Message published (mid=20540)
2026-06-08 08:18:58,832 - MQTTClient - 99 - DEBUG - Published: Rpc/ - {"\u865a\u62df\u8bbe\u5907": {"\u4e00\u671f1\u53f7\u98ce\u673a\u542f\u505c": 1}}
2026-06-08 08:18:58,837 - MQTTClient - 177 - DEBUG - Message published (mid=20541)
2026-06-08 08:18:58,837 - MQTTClient - 99 - DEBUG - Published: Rpc/ - {"\u865a\u62df\u8bbe\u5907": {"\u4e00\u671f2\u53f7\u98ce\u673a\u542f\u505c": 1}}
2026-06-08 08:18:58,842 - MQTTClient - 177 - DEBUG - Message published (mid=20542)
2026-06-08 08:18:58,842 - MQTTClient - 99 - DEBUG - Published: Rpc/ - {"\u865a\u62df\u8bbe\u5907": {"\u4e00\u671f3\u53f7\u98ce\u673a\u542f\u505c": 1}}
2026-06-08 08:18:58,846 - MQTTClient - 99 - DEBUG - Published: Rpc/ - {"\u865a\u62df\u8bbe\u5907": {"\u4e8c\u671f1\u53f7\u98ce\u673a\u542f\u505c": 1}}
2026-06-08 08:18:58,846 - MQTTClient - 177 - DEBUG - Message published (mid=20543)
2026-06-08 08:18:58,851 - MQTTClient - 177 - DEBUG - Message published (mid=20544)
2026-06-08 08:18:58,851 - MQTTClient - 99 - DEBUG - Published: Rpc/ - {"\u865a\u62df\u8bbe\u5907": {"\u4e8c\u671f1\u53f7\u98ce\u673aSV\u503c": 69.9}}
2026-06-08 08:18:58,852 - MQTTClient - 99 - DEBUG - Published: Rpc/ - {"\u865a\u62df\u8bbe\u5907": {"\u4e8c\u671f3\u53f7\u98ce\u673a\u542f\u505c": 1}}
2026-06-08 08:18:58,853 - MQTTClient - 177 - DEBUG - Message published (mid=20545)
2026-06-08 08:18:58,857 - MQTTClient - 99 - DEBUG - Published: Rpc/ - {"\u865a\u62df\u8bbe\u5907": {"\u4e8c\u671f3\u53f7\u98ce\u673aSV\u503c": 69.9}}
2026-06-08 08:18:58,857 - MQTTClient - 177 - DEBUG - Message published (mid=20546)
2026-06-08 08:18:58,858 - MQTTClient - 99 - DEBUG - Published: Rpc/ - {"\u865a\u62df\u8bbe\u5907": {"\u4e8c\u671f6\u53f7\u98ce\u673a\u542f\u505c": 1}}
2026-06-08 08:18:58,860 - MQTTClient - 177 - DEBUG - Message published (mid=20547)
2026-06-08 08:18:58,863 - MQTTClient - 99 - DEBUG - Published: Rpc/ - {"\u865a\u62df\u8bbe\u5907": {"\u4e8c\u671f6\u53f7\u98ce\u673aSV\u503c": 69.9}}
2026-06-08 08:18:58,863 - MQTTClient - 177 - DEBUG - Message published (mid=20548)
2026-06-08 08:18:58,863 - MQTTClient - 99 - DEBUG - Published: /idms/api/v1/createControlX - {"type": "\u66dd\u6c14\u667a\u80fd\u4f53", "time": "2026-06-08 08:18:58", "algorithmVersion": "v1.0.0", "controller": "\u9ec4\u5188AI\u7b97\u6cd5\u63a7\u5236", "outputCommand": "\u4e00\u671f\u751f\u7269\u6c60#\u5b9e\u65f6\uff1a\u4e00\u671f\u6eb6\u89e3\u6c27\uff1a2.01mg/L\uff0c\u76ee\u6807\u503c\uff1a2mg/L#\u4e00\u671f1\u53f7\u98ce\u673a\u8fd0\u884c\uff0c\u53cd\u9988\uff1a57%\uff0c\u4e0a\u9650\uff1a100%\uff0c\u4e0b\u9650\uff1a55%\uff0c\u63a7\u5236\u8f93\u51fa\uff1a57.0%\u4e00\u671f2\u53f7\u98ce\u673a\u8fd0\u884c\uff0c\u53cd\u9988\uff1a57%\uff0c\u4e0a\u9650\uff1a100%\uff0c\u4e0b\u9650\uff1a55%\uff0c\u63a7\u5236\u8f93\u51fa\uff1a57.0%\u4e00\u671f3\u53f7\u98ce\u673a\u8fd0\u884c\uff0c\u53cd\u9988\uff1a57%\uff0c\u4e0a\u9650\uff1a100%\uff0c\u4e0b\u9650\uff1a55%\uff0c\u63a7\u5236\u8f93\u51fa\uff1a57.0%\u4e8c\u671f\u751f\u7269\u6c60#\u5b9e\u65f6\uff1a\u4e8c\u671f\u6eb6\u89e3\u6c27\uff1a2.31mg/L\uff0c\u76ee\u6807\u503c\uff1a2mg/L#\u4e8c\u671f1\u53f7\u98ce\u673a\u8fd0\u884c\uff0c\u53cd\u9988\uff1a73%\uff0c\u4e0a\u9650\uff1a98%\uff0c\u4e0b\u9650\uff1a55%\uff0c\u63a7\u5236\u8f93\u51fa\uff1a69.9%\u4e8c\u671f3\u53f7\u98ce\u673a\u8fd0\u884c\uff0c\u53cd\u9988\uff1a73%\uff0c\u4e0a\u9650\uff1a98%\uff0c\u4e0b\u9650\uff1a55%\uff0c\u63a7\u5236\u8f93\u51fa\uff1a69.9%\u4e8c\u671f6\u53f7\u98ce\u673a\u8fd0\u884c\uff0c\u53cd\u9988\uff1a73%\uff0c\u4e0a\u9650\uff1a98%\uff0c\u4e0b\u9650\uff1a55%\uff0c\u63a7\u5236\u8f93\u51fa\uff1a69.9%"}
2026-06-08 08:18:58,865 - MQTTClient - 177 - DEBUG - Message published (mid=20549)
2026-06-08 08:20:59,033 - MQTTClient - 177 - DEBUG - Message published (mid=20550)
2026-06-08 08:20:59,033 - MQTTClient - 99 - DEBUG - Published: Rpc/ - {"\u865a\u62df\u8bbe\u5907": {"\u4e00\u671f1\u53f7\u98ce\u673a\u542f\u505c": 1}}
2026-06-08 08:20:59,037 - MQTTClient - 177 - DEBUG - Message published (mid=20551)
2026-06-08 08:20:59,038 - MQTTClient - 99 - DEBUG - Published: Rpc/ - {"\u865a\u62df\u8bbe\u5907": {"\u4e00\u671f2\u53f7\u98ce\u673a\u542f\u505c": 1}}
2026-06-08 08:20:59,042 - MQTTClient - 99 - DEBUG - Published: Rpc/ - {"\u865a\u62df\u8bbe\u5907": {"\u4e00\u671f3\u53f7\u98ce\u673a\u542f\u505c": 1}}
2026-06-08 08:20:59,042 - MQTTClient - 177 - DEBUG - Message published (mid=20552)
2026-06-08 08:20:59,046 - MQTTClient - 177 - DEBUG - Message published (mid=20553)
2026-06-08 08:20:59,046 - MQTTClient - 99 - DEBUG - Published: Rpc/ - {"\u865a\u62df\u8bbe\u5907": {"\u4e8c\u671f1\u53f7\u98ce\u673a\u542f\u505c": 1}}
2026-06-08 08:20:59,050 - MQTTClient - 177 - DEBUG - Message published (mid=20554)
2026-06-08 08:20:59,050 - MQTTClient - 99 - DEBUG - Published: Rpc/ - {"\u865a\u62df\u8bbe\u5907": {"\u4e8c\u671f1\u53f7\u98ce\u673aSV\u503c": 69.0}}
2026-06-08 08:20:59,052 - MQTTClient - 99 - DEBUG - Published: Rpc/ - {"\u865a\u62df\u8bbe\u5907": {"\u4e8c\u671f3\u53f7\u98ce\u673a\u542f\u505c": 1}}
2026-06-08 08:20:59,052 - MQTTClient - 177 - DEBUG - Message published (mid=20555)
2026-06-08 08:20:59,054 - MQTTClient - 177 - DEBUG - Message published (mid=20556)
2026-06-08 08:20:59,054 - MQTTClient - 99 - DEBUG - Published: Rpc/ - {"\u865a\u62df\u8bbe\u5907": {"\u4e8c\u671f3\u53f7\u98ce\u673aSV\u503c": 69.0}}
2026-06-08 08:20:59,055 - MQTTClient - 99 - DEBUG - Published: Rpc/ - {"\u865a\u62df\u8bbe\u5907": {"\u4e8c\u671f6\u53f7\u98ce\u673a\u542f\u505c": 1}}
2026-06-08 08:20:59,055 - MQTTClient - 177 - DEBUG - Message published (mid=20557)
2026-06-08 08:20:59,059 - MQTTClient - 177 - DEBUG - Message published (mid=20558)
2026-06-08 08:20:59,060 - MQTTClient - 99 - DEBUG - Published: /idms/api/v1/createControlX - {"type": "\u66dd\u6c14\u667a\u80fd\u4f53", "time": "2026-06-08 08:20:59", "algorithmVersion": "v1.0.0", "controller": "\u9ec4\u5188AI\u7b97\u6cd5\u63a7\u5236", "outputCommand": "\u4e00\u671f\u751f\u7269\u6c60#\u5b9e\u65f6\uff1a\u4e00\u671f\u6eb6\u89e3\u6c27\uff1a2.04mg/L\uff0c\u76ee\u6807\u503c\uff1a2mg/L#\u4e00\u671f1\u53f7\u98ce\u673a\u8fd0\u884c\uff0c\u53cd\u9988\uff1a57%\uff0c\u4e0a\u9650\uff1a100%\uff0c\u4e0b\u9650\uff1a55%\uff0c\u63a7\u5236\u8f93\u51fa\uff1a57.0%\u4e00\u671f2\u53f7\u98ce\u673a\u8fd0\u884c\uff0c\u53cd\u9988\uff1a57%\uff0c\u4e0a\u9650\uff1a100%\uff0c\u4e0b\u9650\uff1a55%\uff0c\u63a7\u5236\u8f93\u51fa\uff1a57.0%\u4e00\u671f3\u53f7\u98ce\u673a\u8fd0\u884c\uff0c\u53cd\u9988\uff1a57%\uff0c\u4e0a\u9650\uff1a100%\uff0c\u4e0b\u9650\uff1a55%\uff0c\u63a7\u5236\u8f93\u51fa\uff1a57.0%\u4e8c\u671f\u751f\u7269\u6c60#\u5b9e\u65f6\uff1a\u4e8c\u671f\u6eb6\u89e3\u6c27\uff1a2.41mg/L\uff0c\u76ee\u6807\u503c\uff1a2mg/L#\u4e8c\u671f1\u53f7\u98ce\u673a\u8fd0\u884c\uff0c\u53cd\u9988\uff1a73%\uff0c\u4e0a\u9650\uff1a98%\uff0c\u4e0b\u9650\uff1a55%\uff0c\u63a7\u5236\u8f93\u51fa\uff1a69.0%\u4e8c\u671f3\u53f7\u98ce\u673a\u8fd0\u884c\uff0c\u53cd\u9988\uff1a73%\uff0c\u4e0a\u9650\uff1a98%\uff0c\u4e0b\u9650\uff1a55%\uff0c\u63a7\u5236\u8f93\u51fa\uff1a69.0%\u4e8c\u671f6\u53f7\u98ce\u673a\u8fd0\u884c\uff0c\u53cd\u9988\uff1a73%\uff0c\u4e0a\u9650\uff1a98%\uff0c\u4e0b\u9650\uff1a55%\uff0c\u63a7\u5236\u8f93\u51fa\uff1a69.0%"}
2026-06-08 08:20:59,060 - MQTTClient - 99 - DEBUG - Published: Rpc/ - {"\u865a\u62df\u8bbe\u5907": {"\u4e8c\u671f6\u53f7\u98ce\u673aSV\u503c": 69.0}}
2026-06-08 08:20:59,060 - MQTTClient - 177 - DEBUG - Message published (mid=20559)
2026-06-08 08:22:59,205 - MQTTClient - 177 - DEBUG - Message published (mid=20560)
2026-06-08 08:22:59,205 - MQTTClient - 99 - DEBUG - Published: Rpc/ - {"\u865a\u62df\u8bbe\u5907": {"\u4e00\u671f1\u53f7\u98ce\u673a\u542f\u505c": 1}}
2026-06-08 08:22:59,209 - MQTTClient - 99 - DEBUG - Published: Rpc/ - {"\u865a\u62df\u8bbe\u5907": {"\u4e00\u671f1\u53f7\u98ce\u673aSV\u503c": 59.0}}
2026-06-08 08:22:59,209 - MQTTClient - 177 - DEBUG - Message published (mid=20561)
2026-06-08 08:22:59,209 - MQTTClient - 99 - DEBUG - Published: Rpc/ - {"\u865a\u62df\u8bbe\u5907": {"\u4e00\u671f2\u53f7\u98ce\u673a\u542f\u505c": 1}}
2026-06-08 08:22:59,210 - MQTTClient - 177 - DEBUG - Message published (mid=20562)
2026-06-08 08:22:59,214 - MQTTClient - 177 - DEBUG - Message published (mid=20563)
2026-06-08 08:22:59,214 - MQTTClient - 99 - DEBUG - Published: Rpc/ - {"\u865a\u62df\u8bbe\u5907": {"\u4e00\u671f2\u53f7\u98ce\u673aSV\u503c": 59.0}}
2026-06-08 08:22:59,216 - MQTTClient - 177 - DEBUG - Message published (mid=20564)
2026-06-08 08:22:59,216 - MQTTClient - 99 - DEBUG - Published: Rpc/ - {"\u865a\u62df\u8bbe\u5907": {"\u4e00\u671f3\u53f7\u98ce\u673a\u542f\u505c": 1}}
2026-06-08 08:22:59,220 - MQTTClient - 99 - DEBUG - Published: Rpc/ - {"\u865a\u62df\u8bbe\u5907": {"\u4e00\u671f3\u53f7\u98ce\u673aSV\u503c": 59.0}}
2026-06-08 08:22:59,220 - MQTTClient - 177 - DEBUG - Message published (mid=20565)
2026-06-08 08:22:59,220 - MQTTClient - 99 - DEBUG - Published: Rpc/ - {"\u865a\u62df\u8bbe\u5907": {"\u4e8c\u671f1\u53f7\u98ce\u673a\u542f\u505c": 1}}
2026-06-08 08:22:59,222 - MQTTClient - 177 - DEBUG - Message published (mid=20566)
2026-06-08 08:22:59,224 - MQTTClient - 99 - DEBUG - Published: Rpc/ - {"\u865a\u62df\u8bbe\u5907": {"\u4e8c\u671f1\u53f7\u98ce\u673aSV\u503c": 70.7}}
2026-06-08 08:22:59,224 - MQTTClient - 177 - DEBUG - Message published (mid=20567)
2026-06-08 08:22:59,225 - MQTTClient - 99 - DEBUG - Published: Rpc/ - {"\u865a\u62df\u8bbe\u5907": {"\u4e8c\u671f3\u53f7\u98ce\u673a\u542f\u505c": 1}}
2026-06-08 08:22:59,227 - MQTTClient - 177 - DEBUG - Message published (mid=20568)
2026-06-08 08:22:59,231 - MQTTClient - 99 - DEBUG - Published: Rpc/ - {"\u865a\u62df\u8bbe\u5907": {"\u4e8c\u671f3\u53f7\u98ce\u673aSV\u503c": 70.7}}
2026-06-08 08:22:59,231 - MQTTClient - 177 - DEBUG - Message published (mid=20569)
2026-06-08 08:22:59,231 - MQTTClient - 99 - DEBUG - Published: Rpc/ - {"\u865a\u62df\u8bbe\u5907": {"\u4e8c\u671f6\u53f7\u98ce\u673a\u542f\u505c": 1}}
2026-06-08 08:22:59,233 - MQTTClient - 177 - DEBUG - Message published (mid=20570)
2026-06-08 08:22:59,235 - MQTTClient - 99 - DEBUG - Published: Rpc/ - {"\u865a\u62df\u8bbe\u5907": {"\u4e8c\u671f6\u53f7\u98ce\u673aSV\u503c": 70.7}}
2026-06-08 08:22:59,235 - MQTTClient - 177 - DEBUG - Message published (mid=20571)
2026-06-08 08:22:59,236 - MQTTClient - 99 - DEBUG - Published: /idms/api/v1/createControlX - {"type": "\u66dd\u6c14\u667a\u80fd\u4f53", "time": "2026-06-08 08:22:59", "algorithmVersion": "v1.0.0", "controller": "\u9ec4\u5188AI\u7b97\u6cd5\u63a7\u5236", "outputCommand": "\u4e00\u671f\u751f\u7269\u6c60#\u5b9e\u65f6\uff1a\u4e00\u671f\u6eb6\u89e3\u6c27\uff1a2.15mg/L\uff0c\u76ee\u6807\u503c\uff1a2mg/L#\u4e00\u671f1\u53f7\u98ce\u673a\u8fd0\u884c\uff0c\u53cd\u9988\uff1a57%\uff0c\u4e0a\u9650\uff1a100%\uff0c\u4e0b\u9650\uff1a55%\uff0c\u63a7\u5236\u8f93\u51fa\uff1a59.0%\u4e00\u671f2\u53f7\u98ce\u673a\u8fd0\u884c\uff0c\u53cd\u9988\uff1a57%\uff0c\u4e0a\u9650\uff1a100%\uff0c\u4e0b\u9650\uff1a55%\uff0c\u63a7\u5236\u8f93\u51fa\uff1a59.0%\u4e00\u671f3\u53f7\u98ce\u673a\u8fd0\u884c\uff0c\u53cd\u9988\uff1a57%\uff0c\u4e0a\u9650\uff1a100%\uff0c\u4e0b\u9650\uff1a55%\uff0c\u63a7\u5236\u8f93\u51fa\uff1a59.0%\u4e8c\u671f\u751f\u7269\u6c60#\u5b9e\u65f6\uff1a\u4e8c\u671f\u6eb6\u89e3\u6c27\uff1a2.22mg/L\uff0c\u76ee\u6807\u503c\uff1a2mg/L#\u4e8c\u671f1\u53f7\u98ce\u673a\u8fd0\u884c\uff0c\u53cd\u9988\uff1a73%\uff0c\u4e0a\u9650\uff1a98%\uff0c\u4e0b\u9650\uff1a55%\uff0c\u63a7\u5236\u8f93\u51fa\uff1a70.7%\u4e8c\u671f3\u53f7\u98ce\u673a\u8fd0\u884c\uff0c\u53cd\u9988\uff1a73%\uff0c\u4e0a\u9650\uff1a98%\uff0c\u4e0b\u9650\uff1a55%\uff0c\u63a7\u5236\u8f93\u51fa\uff1a70.7%\u4e8c\u671f6\u53f7\u98ce\u673a\u8fd0\u884c\uff0c\u53cd\u9988\uff1a73%\uff0c\u4e0a\u9650\uff1a98%\uff0c\u4e0b\u9650\uff1a55%\uff0c\u63a7\u5236\u8f93\u51fa\uff1a70.7%"}
2026-06-08 08:22:59,237 - MQTTClient - 177 - DEBUG - Message published (mid=20572)
2026-06-08 08:24:59,384 - MQTTClient - 177 - DEBUG - Message published (mid=20573)
2026-06-08 08:24:59,384 - MQTTClient - 99 - DEBUG - Published: Rpc/ - {"\u865a\u62df\u8bbe\u5907": {"\u4e00\u671f1\u53f7\u98ce\u673a\u542f\u505c": 1}}
2026-06-08 08:24:59,388 - MQTTClient - 99 - DEBUG - Published: Rpc/ - {"\u865a\u62df\u8bbe\u5907": {"\u4e00\u671f2\u53f7\u98ce\u673a\u542f\u505c": 1}}
2026-06-08 08:24:59,388 - MQTTClient - 177 - DEBUG - Message published (mid=20574)
2026-06-08 08:24:59,391 - MQTTClient - 177 - DEBUG - Message published (mid=20575)
2026-06-08 08:24:59,391 - MQTTClient - 99 - DEBUG - Published: Rpc/ - {"\u865a\u62df\u8bbe\u5907": {"\u4e00\u671f3\u53f7\u98ce\u673a\u542f\u505c": 1}}
2026-06-08 08:24:59,396 - MQTTClient - 177 - DEBUG - Message published (mid=20576)
2026-06-08 08:24:59,396 - MQTTClient - 99 - DEBUG - Published: Rpc/ - {"\u865a\u62df\u8bbe\u5907": {"\u4e8c\u671f1\u53f7\u98ce\u673a\u542f\u505c": 1}}
2026-06-08 08:24:59,400 - MQTTClient - 177 - DEBUG - Message published (mid=20577)
2026-06-08 08:24:59,401 - MQTTClient - 99 - DEBUG - Published: Rpc/ - {"\u865a\u62df\u8bbe\u5907": {"\u4e8c\u671f1\u53f7\u98ce\u673aSV\u503c": 69.9}}
2026-06-08 08:24:59,402 - MQTTClient - 177 - DEBUG - Message published (mid=20578)
2026-06-08 08:24:59,402 - MQTTClient - 99 - DEBUG - Published: Rpc/ - {"\u865a\u62df\u8bbe\u5907": {"\u4e8c\u671f3\u53f7\u98ce\u673a\u542f\u505c": 1}}
2026-06-08 08:24:59,407 - MQTTClient - 177 - DEBUG - Message published (mid=20579)
2026-06-08 08:24:59,408 - MQTTClient - 99 - DEBUG - Published: Rpc/ - {"\u865a\u62df\u8bbe\u5907": {"\u4e8c\u671f3\u53f7\u98ce\u673aSV\u503c": 69.9}}
2026-06-08 08:24:59,409 - MQTTClient - 177 - DEBUG - Message published (mid=20580)
2026-06-08 08:24:59,409 - MQTTClient - 99 - DEBUG - Published: Rpc/ - {"\u865a\u62df\u8bbe\u5907": {"\u4e8c\u671f6\u53f7\u98ce\u673a\u542f\u505c": 1}}
2026-06-08 08:24:59,413 - MQTTClient - 177 - DEBUG - Message published (mid=20581)
2026-06-08 08:24:59,413 - MQTTClient - 99 - DEBUG - Published: Rpc/ - {"\u865a\u62df\u8bbe\u5907": {"\u4e8c\u671f6\u53f7\u98ce\u673aSV\u503c": 69.9}}
2026-06-08 08:24:59,414 - MQTTClient - 99 - DEBUG - Published: /idms/api/v1/createControlX - {"type": "\u66dd\u6c14\u667a\u80fd\u4f53", "time": "2026-06-08 08:24:59", "algorithmVersion": "v1.0.0", "controller": "\u9ec4\u5188AI\u7b97\u6cd5\u63a7\u5236", "outputCommand": "\u4e00\u671f\u751f\u7269\u6c60#\u5b9e\u65f6\uff1a\u4e00\u671f\u6eb6\u89e3\u6c27\uff1a1.87mg/L\uff0c\u76ee\u6807\u503c\uff1a2mg/L#\u4e00\u671f1\u53f7\u98ce\u673a\u8fd0\u884c\uff0c\u53cd\u9988\uff1a57%\uff0c\u4e0a\u9650\uff1a100%\uff0c\u4e0b\u9650\uff1a55%\uff0c\u63a7\u5236\u8f93\u51fa\uff1a57.0%\u4e00\u671f2\u53f7\u98ce\u673a\u8fd0\u884c\uff0c\u53cd\u9988\uff1a57%\uff0c\u4e0a\u9650\uff1a100%\uff0c\u4e0b\u9650\uff1a55%\uff0c\u63a7\u5236\u8f93\u51fa\uff1a57.0%\u4e00\u671f3\u53f7\u98ce\u673a\u8fd0\u884c\uff0c\u53cd\u9988\uff1a57%\uff0c\u4e0a\u9650\uff1a100%\uff0c\u4e0b\u9650\uff1a55%\uff0c\u63a7\u5236\u8f93\u51fa\uff1a57.0%\u4e8c\u671f\u751f\u7269\u6c60#\u5b9e\u65f6\uff1a\u4e8c\u671f\u6eb6\u89e3\u6c27\uff1a2.31mg/L\uff0c\u76ee\u6807\u503c\uff1a2mg/L#\u4e8c\u671f1\u53f7\u98ce\u673a\u8fd0\u884c\uff0c\u53cd\u9988\uff1a73%\uff0c\u4e0a\u9650\uff1a98%\uff0c\u4e0b\u9650\uff1a55%\uff0c\u63a7\u5236\u8f93\u51fa\uff1a69.9%\u4e8c\u671f3\u53f7\u98ce\u673a\u8fd0\u884c\uff0c\u53cd\u9988\uff1a73%\uff0c\u4e0a\u9650\uff1a98%\uff0c\u4e0b\u9650\uff1a55%\uff0c\u63a7\u5236\u8f93\u51fa\uff1a69.9%\u4e8c\u671f6\u53f7\u98ce\u673a\u8fd0\u884c\uff0c\u53cd\u9988\uff1a73%\uff0c\u4e0a\u9650\uff1a98%\uff0c\u4e0b\u9650\uff1a55%\uff0c\u63a7\u5236\u8f93\u51fa\uff1a69.9%"}
2026-06-08 08:24:59,414 - MQTTClient - 177 - DEBUG - Message published (mid=20582)
2026-06-08 08:26:59,584 - MQTTClient - 99 - DEBUG - Published: Rpc/ - {"\u865a\u62df\u8bbe\u5907": {"\u4e00\u671f1\u53f7\u98ce\u673a\u542f\u505c": 1}}
2026-06-08 08:26:59,585 - MQTTClient - 177 - DEBUG - Message published (mid=20583)
2026-06-08 08:26:59,588 - MQTTClient - 177 - DEBUG - Message published (mid=20584)
2026-06-08 08:26:59,589 - MQTTClient - 99 - DEBUG - Published: Rpc/ - {"\u865a\u62df\u8bbe\u5907": {"\u4e00\u671f1\u53f7\u98ce\u673aSV\u503c": 60.4}}
2026-06-08 08:26:59,590 - MQTTClient - 177 - DEBUG - Message published (mid=20585)
2026-06-08 08:26:59,591 - MQTTClient - 99 - DEBUG - Published: Rpc/ - {"\u865a\u62df\u8bbe\u5907": {"\u4e00\u671f2\u53f7\u98ce\u673a\u542f\u505c": 1}}
2026-06-08 08:26:59,596 - MQTTClient - 177 - DEBUG - Message published (mid=20586)
2026-06-08 08:26:59,596 - MQTTClient - 99 - DEBUG - Published: Rpc/ - {"\u865a\u62df\u8bbe\u5907": {"\u4e00\u671f2\u53f7\u98ce\u673aSV\u503c": 60.4}}
2026-06-08 08:26:59,597 - MQTTClient - 177 - DEBUG - Message published (mid=20587)
2026-06-08 08:26:59,597 - MQTTClient - 99 - DEBUG - Published: Rpc/ - {"\u865a\u62df\u8bbe\u5907": {"\u4e00\u671f3\u53f7\u98ce\u673a\u542f\u505c": 1}}
2026-06-08 08:26:59,601 - MQTTClient - 177 - DEBUG - Message published (mid=20588)
2026-06-08 08:26:59,601 - MQTTClient - 99 - DEBUG - Published: Rpc/ - {"\u865a\u62df\u8bbe\u5907": {"\u4e00\u671f3\u53f7\u98ce\u673aSV\u503c": 60.4}}
2026-06-08 08:26:59,603 - MQTTClient - 177 - DEBUG - Message published (mid=20589)
2026-06-08 08:26:59,604 - MQTTClient - 99 - DEBUG - Published: Rpc/ - {"\u865a\u62df\u8bbe\u5907": {"\u4e8c\u671f1\u53f7\u98ce\u673a\u542f\u505c": 1}}
2026-06-08 08:26:59,608 - MQTTClient - 177 - DEBUG - Message published (mid=20590)
2026-06-08 08:26:59,608 - MQTTClient - 99 - DEBUG - Published: Rpc/ - {"\u865a\u62df\u8bbe\u5907": {"\u4e8c\u671f1\u53f7\u98ce\u673aSV\u503c": 70.7}}
2026-06-08 08:26:59,609 - MQTTClient - 99 - DEBUG - Published: Rpc/ - {"\u865a\u62df\u8bbe\u5907": {"\u4e8c\u671f3\u53f7\u98ce\u673a\u542f\u505c": 1}}
2026-06-08 08:26:59,609 - MQTTClient - 177 - DEBUG - Message published (mid=20591)
2026-06-08 08:26:59,612 - MQTTClient - 177 - DEBUG - Message published (mid=20592)
2026-06-08 08:26:59,612 - MQTTClient - 99 - DEBUG - Published: Rpc/ - {"\u865a\u62df\u8bbe\u5907": {"\u4e8c\u671f3\u53f7\u98ce\u673aSV\u503c": 70.7}}
2026-06-08 08:26:59,613 - MQTTClient - 99 - DEBUG - Published: Rpc/ - {"\u865a\u62df\u8bbe\u5907": {"\u4e8c\u671f6\u53f7\u98ce\u673a\u542f\u505c": 1}}
2026-06-08 08:26:59,613 - MQTTClient - 177 - DEBUG - Message published (mid=20593)
2026-06-08 08:26:59,619 - MQTTClient - 177 - DEBUG - Message published (mid=20594)
2026-06-08 08:26:59,619 - MQTTClient - 99 - DEBUG - Published: Rpc/ - {"\u865a\u62df\u8bbe\u5907": {"\u4e8c\u671f6\u53f7\u98ce\u673aSV\u503c": 70.7}}
2026-06-08 08:26:59,619 - MQTTClient - 99 - DEBUG - Published: /idms/api/v1/createControlX - {"type": "\u66dd\u6c14\u667a\u80fd\u4f53", "time": "2026-06-08 08:26:59", "algorithmVersion": "v1.0.0", "controller": "\u9ec4\u5188AI\u7b97\u6cd5\u63a7\u5236", "outputCommand": "\u4e00\u671f\u751f\u7269\u6c60#\u5b9e\u65f6\uff1a\u4e00\u671f\u6eb6\u89e3\u6c27\uff1a1.85mg/L\uff0c\u76ee\u6807\u503c\uff1a2mg/L#\u4e00\u671f1\u53f7\u98ce\u673a\u8fd0\u884c\uff0c\u53cd\u9988\uff1a57%\uff0c\u4e0a\u9650\uff1a100%\uff0c\u4e0b\u9650\uff1a55%\uff0c\u63a7\u5236\u8f93\u51fa\uff1a60.4%\u4e00\u671f2\u53f7\u98ce\u673a\u8fd0\u884c\uff0c\u53cd\u9988\uff1a57%\uff0c\u4e0a\u9650\uff1a100%\uff0c\u4e0b\u9650\uff1a55%\uff0c\u63a7\u5236\u8f93\u51fa\uff1a60.4%\u4e00\u671f3\u53f7\u98ce\u673a\u8fd0\u884c\uff0c\u53cd\u9988\uff1a57%\uff0c\u4e0a\u9650\uff1a100%\uff0c\u4e0b\u9650\uff1a55%\uff0c\u63a7\u5236\u8f93\u51fa\uff1a60.4%\u4e8c\u671f\u751f\u7269\u6c60#\u5b9e\u65f6\uff1a\u4e8c\u671f\u6eb6\u89e3\u6c27\uff1a2.22mg/L\uff0c\u76ee\u6807\u503c\uff1a2mg/L#\u4e8c\u671f1\u53f7\u98ce\u673a\u8fd0\u884c\uff0c\u53cd\u9988\uff1a73%\uff0c\u4e0a\u9650\uff1a98%\uff0c\u4e0b\u9650\uff1a55%\uff0c\u63a7\u5236\u8f93\u51fa\uff1a70.7%\u4e8c\u671f3\u53f7\u98ce\u673a\u8fd0\u884c\uff0c\u53cd\u9988\uff1a73%\uff0c\u4e0a\u9650\uff1a98%\uff0c\u4e0b\u9650\uff1a55%\uff0c\u63a7\u5236\u8f93\u51fa\uff1a70.7%\u4e8c\u671f6\u53f7\u98ce\u673a\u8fd0\u884c\uff0c\u53cd\u9988\uff1a73%\uff0c\u4e0a\u9650\uff1a98%\uff0c\u4e0b\u9650\uff1a55%\uff0c\u63a7\u5236\u8f93\u51fa\uff1a70.7%"}
2026-06-08 08:26:59,620 - MQTTClient - 177 - DEBUG - Message published (mid=20595)
2026-06-08 08:28:59,781 - MQTTClient - 99 - DEBUG - Published: Rpc/ - {"\u865a\u62df\u8bbe\u5907": {"\u4e00\u671f1\u53f7\u98ce\u673a\u542f\u505c": 1}}
2026-06-08 08:28:59,782 - MQTTClient - 177 - DEBUG - Message published (mid=20596)
2026-06-08 08:28:59,784 - MQTTClient - 99 - DEBUG - Published: Rpc/ - {"\u865a\u62df\u8bbe\u5907": {"\u4e00\u671f1\u53f7\u98ce\u673aSV\u503c": 60.2}}
2026-06-08 08:28:59,785 - MQTTClient - 177 - DEBUG - Message published (mid=20597)
2026-06-08 08:28:59,785 - MQTTClient - 99 - DEBUG - Published: Rpc/ - {"\u865a\u62df\u8bbe\u5907": {"\u4e00\u671f2\u53f7\u98ce\u673a\u542f\u505c": 1}}
2026-06-08 08:28:59,787 - MQTTClient - 177 - DEBUG - Message published (mid=20598)
2026-06-08 08:28:59,789 - MQTTClient - 99 - DEBUG - Published: Rpc/ - {"\u865a\u62df\u8bbe\u5907": {"\u4e00\u671f2\u53f7\u98ce\u673aSV\u503c": 60.2}}
2026-06-08 08:28:59,790 - MQTTClient - 177 - DEBUG - Message published (mid=20599)
2026-06-08 08:28:59,790 - MQTTClient - 99 - DEBUG - Published: Rpc/ - {"\u865a\u62df\u8bbe\u5907": {"\u4e00\u671f3\u53f7\u98ce\u673a\u542f\u505c": 1}}
2026-06-08 08:28:59,791 - MQTTClient - 177 - DEBUG - Message published (mid=20600)
2026-06-08 08:28:59,793 - MQTTClient - 177 - DEBUG - Message published (mid=20601)
2026-06-08 08:28:59,794 - MQTTClient - 99 - DEBUG - Published: Rpc/ - {"\u865a\u62df\u8bbe\u5907": {"\u4e00\u671f3\u53f7\u98ce\u673aSV\u503c": 60.2}}
2026-06-08 08:28:59,795 - MQTTClient - 177 - DEBUG - Message published (mid=20602)
2026-06-08 08:28:59,796 - MQTTClient - 99 - DEBUG - Published: Rpc/ - {"\u865a\u62df\u8bbe\u5907": {"\u4e8c\u671f1\u53f7\u98ce\u673a\u542f\u505c": 1}}
2026-06-08 08:28:59,802 - MQTTClient - 99 - DEBUG - Published: Rpc/ - {"\u865a\u62df\u8bbe\u5907": {"\u4e8c\u671f1\u53f7\u98ce\u673aSV\u503c": 71.0}}
2026-06-08 08:28:59,802 - MQTTClient - 177 - DEBUG - Message published (mid=20603)
2026-06-08 08:28:59,802 - MQTTClient - 99 - DEBUG - Published: Rpc/ - {"\u865a\u62df\u8bbe\u5907": {"\u4e8c\u671f3\u53f7\u98ce\u673a\u542f\u505c": 1}}
2026-06-08 08:28:59,804 - MQTTClient - 177 - DEBUG - Message published (mid=20604)
2026-06-08 08:28:59,807 - MQTTClient - 99 - DEBUG - Published: Rpc/ - {"\u865a\u62df\u8bbe\u5907": {"\u4e8c\u671f3\u53f7\u98ce\u673aSV\u503c": 71.0}}
2026-06-08 08:28:59,807 - MQTTClient - 177 - DEBUG - Message published (mid=20605)
2026-06-08 08:28:59,808 - MQTTClient - 99 - DEBUG - Published: Rpc/ - {"\u865a\u62df\u8bbe\u5907": {"\u4e8c\u671f6\u53f7\u98ce\u673a\u542f\u505c": 1}}
2026-06-08 08:28:59,812 - MQTTClient - 177 - DEBUG - Message published (mid=20606)
2026-06-08 08:28:59,816 - MQTTClient - 99 - DEBUG - Published: Rpc/ - {"\u865a\u62df\u8bbe\u5907": {"\u4e8c\u671f6\u53f7\u98ce\u673aSV\u503c": 71.0}}
2026-06-08 08:28:59,816 - MQTTClient - 177 - DEBUG - Message published (mid=20607)
2026-06-08 08:28:59,817 - MQTTClient - 99 - DEBUG - Published: /idms/api/v1/createControlX - {"type": "\u66dd\u6c14\u667a\u80fd\u4f53", "time": "2026-06-08 08:28:59", "algorithmVersion": "v1.0.0", "controller": "\u9ec4\u5188AI\u7b97\u6cd5\u63a7\u5236", "outputCommand": "\u4e00\u671f\u751f\u7269\u6c60#\u5b9e\u65f6\uff1a\u4e00\u671f\u6eb6\u89e3\u6c27\uff1a1.88mg/L\uff0c\u76ee\u6807\u503c\uff1a2mg/L#\u4e00\u671f1\u53f7\u98ce\u673a\u8fd0\u884c\uff0c\u53cd\u9988\uff1a57%\uff0c\u4e0a\u9650\uff1a100%\uff0c\u4e0b\u9650\uff1a55%\uff0c\u63a7\u5236\u8f93\u51fa\uff1a60.2%\u4e00\u671f2\u53f7\u98ce\u673a\u8fd0\u884c\uff0c\u53cd\u9988\uff1a57%\uff0c\u4e0a\u9650\uff1a100%\uff0c\u4e0b\u9650\uff1a55%\uff0c\u63a7\u5236\u8f93\u51fa\uff1a60.2%\u4e00\u671f3\u53f7\u98ce\u673a\u8fd0\u884c\uff0c\u53cd\u9988\uff1a57%\uff0c\u4e0a\u9650\uff1a100%\uff0c\u4e0b\u9650\uff1a55%\uff0c\u63a7\u5236\u8f93\u51fa\uff1a60.2%\u4e8c\u671f\u751f\u7269\u6c60#\u5b9e\u65f6\uff1a\u4e8c\u671f\u6eb6\u89e3\u6c27\uff1a2.19mg/L\uff0c\u76ee\u6807\u503c\uff1a2mg/L#\u4e8c\u671f1\u53f7\u98ce\u673a\u8fd0\u884c\uff0c\u53cd\u9988\uff1a73%\uff0c\u4e0a\u9650\uff1a98%\uff0c\u4e0b\u9650\uff1a55%\uff0c\u63a7\u5236\u8f93\u51fa\uff1a71.0%\u4e8c\u671f3\u53f7\u98ce\u673a\u8fd0\u884c\uff0c\u53cd\u9988\uff1a73%\uff0c\u4e0a\u9650\uff1a98%\uff0c\u4e0b\u9650\uff1a55%\uff0c\u63a7\u5236\u8f93\u51fa\uff1a71.0%\u4e8c\u671f6\u53f7\u98ce\u673a\u8fd0\u884c\uff0c\u53cd\u9988\uff1a73%\uff0c\u4e0a\u9650\uff1a98%\uff0c\u4e0b\u9650\uff1a55%\uff0c\u63a7\u5236\u8f93\u51fa\uff1a71.0%"}
2026-06-08 08:28:59,819 - MQTTClient - 177 - DEBUG - Message published (mid=20608)
2026-06-08 08:30:59,893 - MQTTClient - 99 - DEBUG - Published: Rpc/ - {"\u865a\u62df\u8bbe\u5907": {"\u4e00\u671f1\u53f7\u98ce\u673a\u542f\u505c": 1}}
2026-06-08 08:30:59,893 - MQTTClient - 177 - DEBUG - Message published (mid=20609)
2026-06-08 08:30:59,895 - MQTTClient - 99 - DEBUG - Published: Rpc/ - {"\u865a\u62df\u8bbe\u5907": {"\u4e00\u671f1\u53f7\u98ce\u673aSV\u503c": 60.1}}
2026-06-08 08:30:59,895 - MQTTClient - 177 - DEBUG - Message published (mid=20610)
2026-06-08 08:30:59,895 - MQTTClient - 99 - DEBUG - Published: Rpc/ - {"\u865a\u62df\u8bbe\u5907": {"\u4e00\u671f2\u53f7\u98ce\u673a\u542f\u505c": 1}}
2026-06-08 08:30:59,896 - MQTTClient - 177 - DEBUG - Message published (mid=20611)
2026-06-08 08:30:59,897 - MQTTClient - 99 - DEBUG - Published: Rpc/ - {"\u865a\u62df\u8bbe\u5907": {"\u4e00\u671f2\u53f7\u98ce\u673aSV\u503c": 60.1}}
2026-06-08 08:30:59,897 - MQTTClient - 177 - DEBUG - Message published (mid=20612)
2026-06-08 08:30:59,897 - MQTTClient - 99 - DEBUG - Published: Rpc/ - {"\u865a\u62df\u8bbe\u5907": {"\u4e00\u671f3\u53f7\u98ce\u673a\u542f\u505c": 1}}
2026-06-08 08:30:59,898 - MQTTClient - 177 - DEBUG - Message published (mid=20613)
2026-06-08 08:30:59,899 - MQTTClient - 99 - DEBUG - Published: Rpc/ - {"\u865a\u62df\u8bbe\u5907": {"\u4e00\u671f3\u53f7\u98ce\u673aSV\u503c": 60.1}}
2026-06-08 08:30:59,899 - MQTTClient - 177 - DEBUG - Message published (mid=20614)
2026-06-08 08:30:59,899 - MQTTClient - 99 - DEBUG - Published: Rpc/ - {"\u865a\u62df\u8bbe\u5907": {"\u4e8c\u671f1\u53f7\u98ce\u673a\u542f\u505c": 1}}
2026-06-08 08:30:59,899 - MQTTClient - 177 - DEBUG - Message published (mid=20615)
2026-06-08 08:30:59,901 - MQTTClient - 99 - DEBUG - Published: Rpc/ - {"\u865a\u62df\u8bbe\u5907": {"\u4e8c\u671f1\u53f7\u98ce\u673aSV\u503c": 69.6}}
2026-06-08 08:30:59,901 - MQTTClient - 177 - DEBUG - Message published (mid=20616)
2026-06-08 08:30:59,901 - MQTTClient - 99 - DEBUG - Published: Rpc/ - {"\u865a\u62df\u8bbe\u5907": {"\u4e8c\u671f3\u53f7\u98ce\u673a\u542f\u505c": 1}}
2026-06-08 08:30:59,901 - MQTTClient - 177 - DEBUG - Message published (mid=20617)
2026-06-08 08:30:59,903 - MQTTClient - 99 - DEBUG - Published: Rpc/ - {"\u865a\u62df\u8bbe\u5907": {"\u4e8c\u671f3\u53f7\u98ce\u673aSV\u503c": 69.6}}
2026-06-08 08:30:59,903 - MQTTClient - 177 - DEBUG - Message published (mid=20618)
2026-06-08 08:30:59,903 - MQTTClient - 99 - DEBUG - Published: Rpc/ - {"\u865a\u62df\u8bbe\u5907": {"\u4e8c\u671f6\u53f7\u98ce\u673a\u542f\u505c": 1}}
2026-06-08 08:30:59,904 - MQTTClient - 177 - DEBUG - Message published (mid=20619)
2026-06-08 08:30:59,905 - MQTTClient - 99 - DEBUG - Published: Rpc/ - {"\u865a\u62df\u8bbe\u5907": {"\u4e8c\u671f6\u53f7\u98ce\u673aSV\u503c": 69.6}}
2026-06-08 08:30:59,905 - MQTTClient - 99 - DEBUG - Published: /idms/api/v1/createControlX - {"type": "\u66dd\u6c14\u667a\u80fd\u4f53", "time": "2026-06-08 08:30:59", "algorithmVersion": "v1.0.0", "controller": "\u9ec4\u5188AI\u7b97\u6cd5\u63a7\u5236", "outputCommand": "\u4e00\u671f\u751f\u7269\u6c60#\u5b9e\u65f6\uff1a\u4e00\u671f\u6eb6\u89e3\u6c27\uff1a1.91mg/L\uff0c\u76ee\u6807\u503c\uff1a2mg/L#\u4e00\u671f1\u53f7\u98ce\u673a\u8fd0\u884c\uff0c\u53cd\u9988\uff1a57%\uff0c\u4e0a\u9650\uff1a100%\uff0c\u4e0b\u9650\uff1a55%\uff0c\u63a7\u5236\u8f93\u51fa\uff1a60.1%\u4e00\u671f2\u53f7\u98ce\u673a\u8fd0\u884c\uff0c\u53cd\u9988\uff1a57%\uff0c\u4e0a\u9650\uff1a100%\uff0c\u4e0b\u9650\uff1a55%\uff0c\u63a7\u5236\u8f93\u51fa\uff1a60.1%\u4e00\u671f3\u53f7\u98ce\u673a\u8fd0\u884c\uff0c\u53cd\u9988\uff1a57%\uff0c\u4e0a\u9650\uff1a100%\uff0c\u4e0b\u9650\uff1a55%\uff0c\u63a7\u5236\u8f93\u51fa\uff1a60.1%\u4e8c\u671f\u751f\u7269\u6c60#\u5b9e\u65f6\uff1a\u4e8c\u671f\u6eb6\u89e3\u6c27\uff1a2.34mg/L\uff0c\u76ee\u6807\u503c\uff1a2mg/L#\u4e8c\u671f1\u53f7\u98ce\u673a\u8fd0\u884c\uff0c\u53cd\u9988\uff1a73%\uff0c\u4e0a\u9650\uff1a98%\uff0c\u4e0b\u9650\uff1a55%\uff0c\u63a7\u5236\u8f93\u51fa\uff1a69.6%\u4e8c\u671f3\u53f7\u98ce\u673a\u8fd0\u884c\uff0c\u53cd\u9988\uff1a73%\uff0c\u4e0a\u9650\uff1a98%\uff0c\u4e0b\u9650\uff1a55%\uff0c\u63a7\u5236\u8f93\u51fa\uff1a69.6%\u4e8c\u671f6\u53f7\u98ce\u673a\u8fd0\u884c\uff0c\u53cd\u9988\uff1a73%\uff0c\u4e0a\u9650\uff1a98%\uff0c\u4e0b\u9650\uff1a55%\uff0c\u63a7\u5236\u8f93\u51fa\uff1a69.6%"}
2026-06-08 08:30:59,905 - MQTTClient - 177 - DEBUG - Message published (mid=20620)
2026-06-08 08:30:59,906 - MQTTClient - 177 - DEBUG - Message published (mid=20621)
2026-06-08 08:32:59,988 - MQTTClient - 99 - DEBUG - Published: Rpc/ - {"\u865a\u62df\u8bbe\u5907": {"\u4e00\u671f1\u53f7\u98ce\u673a\u542f\u505c": 1}}
2026-06-08 08:32:59,988 - MQTTClient - 177 - DEBUG - Message published (mid=20622)
2026-06-08 08:32:59,990 - MQTTClient - 99 - DEBUG - Published: Rpc/ - {"\u865a\u62df\u8bbe\u5907": {"\u4e00\u671f2\u53f7\u98ce\u673a\u542f\u505c": 1}}
2026-06-08 08:32:59,990 - MQTTClient - 177 - DEBUG - Message published (mid=20623)
2026-06-08 08:32:59,991 - MQTTClient - 99 - DEBUG - Published: Rpc/ - {"\u865a\u62df\u8bbe\u5907": {"\u4e00\u671f3\u53f7\u98ce\u673a\u542f\u505c": 1}}
2026-06-08 08:32:59,992 - MQTTClient - 177 - DEBUG - Message published (mid=20624)
2026-06-08 08:32:59,994 - MQTTClient - 177 - DEBUG - Message published (mid=20625)
2026-06-08 08:32:59,994 - MQTTClient - 99 - DEBUG - Published: Rpc/ - {"\u865a\u62df\u8bbe\u5907": {"\u4e8c\u671f1\u53f7\u98ce\u673a\u542f\u505c": 1}}
2026-06-08 08:32:59,995 - MQTTClient - 99 - DEBUG - Published: Rpc/ - {"\u865a\u62df\u8bbe\u5907": {"\u4e8c\u671f1\u53f7\u98ce\u673aSV\u503c": 69.7}}
2026-06-08 08:32:59,995 - MQTTClient - 177 - DEBUG - Message published (mid=20626)
2026-06-08 08:32:59,996 - MQTTClient - 99 - DEBUG - Published: Rpc/ - {"\u865a\u62df\u8bbe\u5907": {"\u4e8c\u671f3\u53f7\u98ce\u673a\u542f\u505c": 1}}
2026-06-08 08:32:59,996 - MQTTClient - 177 - DEBUG - Message published (mid=20627)
2026-06-08 08:32:59,997 - MQTTClient - 99 - DEBUG - Published: Rpc/ - {"\u865a\u62df\u8bbe\u5907": {"\u4e8c\u671f3\u53f7\u98ce\u673aSV\u503c": 69.7}}
2026-06-08 08:32:59,997 - MQTTClient - 177 - DEBUG - Message published (mid=20628)
2026-06-08 08:32:59,997 - MQTTClient - 99 - DEBUG - Published: Rpc/ - {"\u865a\u62df\u8bbe\u5907": {"\u4e8c\u671f6\u53f7\u98ce\u673a\u542f\u505c": 1}}
2026-06-08 08:32:59,998 - MQTTClient - 177 - DEBUG - Message published (mid=20629)
2026-06-08 08:32:59,999 - MQTTClient - 99 - DEBUG - Published: Rpc/ - {"\u865a\u62df\u8bbe\u5907": {"\u4e8c\u671f6\u53f7\u98ce\u673aSV\u503c": 69.7}}
2026-06-08 08:32:59,999 - MQTTClient - 177 - DEBUG - Message published (mid=20630)
2026-06-08 08:32:59,999 - MQTTClient - 99 - DEBUG - Published: /idms/api/v1/createControlX - {"type": "\u66dd\u6c14\u667a\u80fd\u4f53", "time": "2026-06-08 08:32:59", "algorithmVersion": "v1.0.0", "controller": "\u9ec4\u5188AI\u7b97\u6cd5\u63a7\u5236", "outputCommand": "\u4e00\u671f\u751f\u7269\u6c60#\u5b9e\u65f6\uff1a\u4e00\u671f\u6eb6\u89e3\u6c27\uff1a2.06mg/L\uff0c\u76ee\u6807\u503c\uff1a2mg/L#\u4e00\u671f1\u53f7\u98ce\u673a\u8fd0\u884c\uff0c\u53cd\u9988\uff1a57%\uff0c\u4e0a\u9650\uff1a100%\uff0c\u4e0b\u9650\uff1a55%\uff0c\u63a7\u5236\u8f93\u51fa\uff1a57.0%\u4e00\u671f2\u53f7\u98ce\u673a\u8fd0\u884c\uff0c\u53cd\u9988\uff1a57%\uff0c\u4e0a\u9650\uff1a100%\uff0c\u4e0b\u9650\uff1a55%\uff0c\u63a7\u5236\u8f93\u51fa\uff1a57.0%\u4e00\u671f3\u53f7\u98ce\u673a\u8fd0\u884c\uff0c\u53cd\u9988\uff1a57%\uff0c\u4e0a\u9650\uff1a100%\uff0c\u4e0b\u9650\uff1a55%\uff0c\u63a7\u5236\u8f93\u51fa\uff1a57.0%\u4e8c\u671f\u751f\u7269\u6c60#\u5b9e\u65f6\uff1a\u4e8c\u671f\u6eb6\u89e3\u6c27\uff1a2.33mg/L\uff0c\u76ee\u6807\u503c\uff1a2mg/L#\u4e8c\u671f1\u53f7\u98ce\u673a\u8fd0\u884c\uff0c\u53cd\u9988\uff1a73%\uff0c\u4e0a\u9650\uff1a98%\uff0c\u4e0b\u9650\uff1a55%\uff0c\u63a7\u5236\u8f93\u51fa\uff1a69.7%\u4e8c\u671f3\u53f7\u98ce\u673a\u8fd0\u884c\uff0c\u53cd\u9988\uff1a73%\uff0c\u4e0a\u9650\uff1a98%\uff0c\u4e0b\u9650\uff1a55%\uff0c\u63a7\u5236\u8f93\u51fa\uff1a69.7%\u4e8c\u671f6\u53f7\u98ce\u673a\u8fd0\u884c\uff0c\u53cd\u9988\uff1a73%\uff0c\u4e0a\u9650\uff1a98%\uff0c\u4e0b\u9650\uff1a55%\uff0c\u63a7\u5236\u8f93\u51fa\uff1a69.7%"}
2026-06-08 08:33:00,000 - MQTTClient - 177 - DEBUG - Message published (mid=20631)
2026-06-08 08:35:00,138 - MQTTClient - 99 - DEBUG - Published: Rpc/ - {"\u865a\u62df\u8bbe\u5907": {"\u4e00\u671f1\u53f7\u98ce\u673a\u542f\u505c": 1}}
2026-06-08 08:35:00,138 - MQTTClient - 177 - DEBUG - Message published (mid=20632)
2026-06-08 08:35:00,141 - MQTTClient - 99 - DEBUG - Published: Rpc/ - {"\u865a\u62df\u8bbe\u5907": {"\u4e00\u671f1\u53f7\u98ce\u673aSV\u503c": 55.0}}
2026-06-08 08:35:00,142 - MQTTClient - 177 - DEBUG - Message published (mid=20633)
2026-06-08 08:35:00,142 - MQTTClient - 99 - DEBUG - Published: Rpc/ - {"\u865a\u62df\u8bbe\u5907": {"\u4e00\u671f2\u53f7\u98ce\u673a\u542f\u505c": 1}}
2026-06-08 08:35:00,144 - MQTTClient - 177 - DEBUG - Message published (mid=20634)
2026-06-08 08:35:00,147 - MQTTClient - 99 - DEBUG - Published: Rpc/ - {"\u865a\u62df\u8bbe\u5907": {"\u4e00\u671f2\u53f7\u98ce\u673aSV\u503c": 55.0}}
2026-06-08 08:35:00,147 - MQTTClient - 177 - DEBUG - Message published (mid=20635)
2026-06-08 08:35:00,149 - MQTTClient - 99 - DEBUG - Published: Rpc/ - {"\u865a\u62df\u8bbe\u5907": {"\u4e00\u671f3\u53f7\u98ce\u673a\u542f\u505c": 1}}
2026-06-08 08:35:00,150 - MQTTClient - 177 - DEBUG - Message published (mid=20636)
2026-06-08 08:35:00,152 - MQTTClient - 99 - DEBUG - Published: Rpc/ - {"\u865a\u62df\u8bbe\u5907": {"\u4e00\u671f3\u53f7\u98ce\u673aSV\u503c": 55.0}}
2026-06-08 08:35:00,152 - MQTTClient - 177 - DEBUG - Message published (mid=20637)
2026-06-08 08:35:00,153 - MQTTClient - 99 - DEBUG - Published: Rpc/ - {"\u865a\u62df\u8bbe\u5907": {"\u4e8c\u671f1\u53f7\u98ce\u673a\u542f\u505c": 1}}
2026-06-08 08:35:00,154 - MQTTClient - 177 - DEBUG - Message published (mid=20638)
2026-06-08 08:35:00,157 - MQTTClient - 177 - DEBUG - Message published (mid=20639)
2026-06-08 08:35:00,157 - MQTTClient - 99 - DEBUG - Published: Rpc/ - {"\u865a\u62df\u8bbe\u5907": {"\u4e8c\u671f1\u53f7\u98ce\u673aSV\u503c": 71.0}}
2026-06-08 08:35:00,158 - MQTTClient - 99 - DEBUG - Published: Rpc/ - {"\u865a\u62df\u8bbe\u5907": {"\u4e8c\u671f3\u53f7\u98ce\u673a\u542f\u505c": 1}}
2026-06-08 08:35:00,158 - MQTTClient - 177 - DEBUG - Message published (mid=20640)
2026-06-08 08:35:00,161 - MQTTClient - 99 - DEBUG - Published: Rpc/ - {"\u865a\u62df\u8bbe\u5907": {"\u4e8c\u671f3\u53f7\u98ce\u673aSV\u503c": 71.0}}
2026-06-08 08:35:00,161 - MQTTClient - 177 - DEBUG - Message published (mid=20641)
2026-06-08 08:35:00,162 - MQTTClient - 99 - DEBUG - Published: Rpc/ - {"\u865a\u62df\u8bbe\u5907": {"\u4e8c\u671f6\u53f7\u98ce\u673a\u542f\u505c": 1}}
2026-06-08 08:35:00,164 - MQTTClient - 177 - DEBUG - Message published (mid=20642)
2026-06-08 08:35:00,165 - MQTTClient - 99 - DEBUG - Published: Rpc/ - {"\u865a\u62df\u8bbe\u5907": {"\u4e8c\u671f6\u53f7\u98ce\u673aSV\u503c": 71.0}}
2026-06-08 08:35:00,165 - MQTTClient - 177 - DEBUG - Message published (mid=20643)
2026-06-08 08:35:00,166 - MQTTClient - 99 - DEBUG - Published: /idms/api/v1/createControlX - {"type": "\u66dd\u6c14\u667a\u80fd\u4f53", "time": "2026-06-08 08:35:00", "algorithmVersion": "v1.0.0", "controller": "\u9ec4\u5188AI\u7b97\u6cd5\u63a7\u5236", "outputCommand": "\u4e00\u671f\u751f\u7269\u6c60#\u5b9e\u65f6\uff1a\u4e00\u671f\u6eb6\u89e3\u6c27\uff1a2.31mg/L\uff0c\u76ee\u6807\u503c\uff1a2mg/L#\u4e00\u671f1\u53f7\u98ce\u673a\u8fd0\u884c\uff0c\u53cd\u9988\uff1a57%\uff0c\u4e0a\u9650\uff1a100%\uff0c\u4e0b\u9650\uff1a55%\uff0c\u63a7\u5236\u8f93\u51fa\uff1a55.0%\u4e00\u671f2\u53f7\u98ce\u673a\u8fd0\u884c\uff0c\u53cd\u9988\uff1a57%\uff0c\u4e0a\u9650\uff1a100%\uff0c\u4e0b\u9650\uff1a55%\uff0c\u63a7\u5236\u8f93\u51fa\uff1a55.0%\u4e00\u671f3\u53f7\u98ce\u673a\u8fd0\u884c\uff0c\u53cd\u9988\uff1a57%\uff0c\u4e0a\u9650\uff1a100%\uff0c\u4e0b\u9650\uff1a55%\uff0c\u63a7\u5236\u8f93\u51fa\uff1a55.0%\u4e8c\u671f\u751f\u7269\u6c60#\u5b9e\u65f6\uff1a\u4e8c\u671f\u6eb6\u89e3\u6c27\uff1a2.21mg/L\uff0c\u76ee\u6807\u503c\uff1a2mg/L#\u4e8c\u671f1\u53f7\u98ce\u673a\u8fd0\u884c\uff0c\u53cd\u9988\uff1a73%\uff0c\u4e0a\u9650\uff1a98%\uff0c\u4e0b\u9650\uff1a55%\uff0c\u63a7\u5236\u8f93\u51fa\uff1a71.0%\u4e8c\u671f3\u53f7\u98ce\u673a\u8fd0\u884c\uff0c\u53cd\u9988\uff1a73%\uff0c\u4e0a\u9650\uff1a98%\uff0c\u4e0b\u9650\uff1a55%\uff0c\u63a7\u5236\u8f93\u51fa\uff1a71.0%\u4e8c\u671f6\u53f7\u98ce\u673a\u8fd0\u884c\uff0c\u53cd\u9988\uff1a73%\uff0c\u4e0a\u9650\uff1a98%\uff0c\u4e0b\u9650\uff1a55%\uff0c\u63a7\u5236\u8f93\u51fa\uff1a71.0%"}
2026-06-08 08:35:00,167 - MQTTClient - 177 - DEBUG - Message published (mid=20644)
2026-06-08 08:37:00,248 - MQTTClient - 99 - DEBUG - Published: Rpc/ - {"\u865a\u62df\u8bbe\u5907": {"\u4e00\u671f1\u53f7\u98ce\u673a\u542f\u505c": 1}}
2026-06-08 08:37:00,248 - MQTTClient - 177 - DEBUG - Message published (mid=20645)
2026-06-08 08:37:00,250 - MQTTClient - 177 - DEBUG - Message published (mid=20646)
2026-06-08 08:37:00,251 - MQTTClient - 99 - DEBUG - Published: Rpc/ - {"\u865a\u62df\u8bbe\u5907": {"\u4e00\u671f2\u53f7\u98ce\u673a\u542f\u505c": 1}}
2026-06-08 08:37:00,251 - MQTTClient - 177 - DEBUG - Message published (mid=20647)
2026-06-08 08:37:00,251 - MQTTClient - 99 - DEBUG - Published: Rpc/ - {"\u865a\u62df\u8bbe\u5907": {"\u4e00\u671f1\u53f7\u98ce\u673aSV\u503c": 55.0}}
2026-06-08 08:37:00,253 - MQTTClient - 99 - DEBUG - Published: Rpc/ - {"\u865a\u62df\u8bbe\u5907": {"\u4e00\u671f2\u53f7\u98ce\u673aSV\u503c": 55.0}}
2026-06-08 08:37:00,253 - MQTTClient - 99 - DEBUG - Published: Rpc/ - {"\u865a\u62df\u8bbe\u5907": {"\u4e00\u671f3\u53f7\u98ce\u673a\u542f\u505c": 1}}
2026-06-08 08:37:00,254 - MQTTClient - 177 - DEBUG - Message published (mid=20648)
2026-06-08 08:37:00,255 - MQTTClient - 177 - DEBUG - Message published (mid=20649)
2026-06-08 08:37:00,255 - MQTTClient - 99 - DEBUG - Published: Rpc/ - {"\u865a\u62df\u8bbe\u5907": {"\u4e00\u671f3\u53f7\u98ce\u673aSV\u503c": 55.0}}
2026-06-08 08:37:00,256 - MQTTClient - 177 - DEBUG - Message published (mid=20650)
2026-06-08 08:37:00,256 - MQTTClient - 99 - DEBUG - Published: Rpc/ - {"\u865a\u62df\u8bbe\u5907": {"\u4e8c\u671f1\u53f7\u98ce\u673a\u542f\u505c": 1}}
2026-06-08 08:37:00,257 - MQTTClient - 177 - DEBUG - Message published (mid=20651)
2026-06-08 08:37:00,258 - MQTTClient - 99 - DEBUG - Published: Rpc/ - {"\u865a\u62df\u8bbe\u5907": {"\u4e8c\u671f1\u53f7\u98ce\u673aSV\u503c": 71.3}}
2026-06-08 08:37:00,258 - MQTTClient - 177 - DEBUG - Message published (mid=20652)
2026-06-08 08:37:00,258 - MQTTClient - 99 - DEBUG - Published: Rpc/ - {"\u865a\u62df\u8bbe\u5907": {"\u4e8c\u671f3\u53f7\u98ce\u673a\u542f\u505c": 1}}
2026-06-08 08:37:00,259 - MQTTClient - 177 - DEBUG - Message published (mid=20653)
2026-06-08 08:37:00,260 - MQTTClient - 177 - DEBUG - Message published (mid=20654)
2026-06-08 08:37:00,260 - MQTTClient - 99 - DEBUG - Published: Rpc/ - {"\u865a\u62df\u8bbe\u5907": {"\u4e8c\u671f3\u53f7\u98ce\u673aSV\u503c": 71.3}}
2026-06-08 08:37:00,261 - MQTTClient - 99 - DEBUG - Published: Rpc/ - {"\u865a\u62df\u8bbe\u5907": {"\u4e8c\u671f6\u53f7\u98ce\u673a\u542f\u505c": 1}}
2026-06-08 08:37:00,261 - MQTTClient - 177 - DEBUG - Message published (mid=20655)
2026-06-08 08:37:00,264 - MQTTClient - 99 - DEBUG - Published: Rpc/ - {"\u865a\u62df\u8bbe\u5907": {"\u4e8c\u671f6\u53f7\u98ce\u673aSV\u503c": 71.3}}
2026-06-08 08:37:00,264 - MQTTClient - 177 - DEBUG - Message published (mid=20656)
2026-06-08 08:37:00,264 - MQTTClient - 99 - DEBUG - Published: /idms/api/v1/createControlX - {"type": "\u66dd\u6c14\u667a\u80fd\u4f53", "time": "2026-06-08 08:37:00", "algorithmVersion": "v1.0.0", "controller": "\u9ec4\u5188AI\u7b97\u6cd5\u63a7\u5236", "outputCommand": "\u4e00\u671f\u751f\u7269\u6c60#\u5b9e\u65f6\uff1a\u4e00\u671f\u6eb6\u89e3\u6c27\uff1a2.58mg/L\uff0c\u76ee\u6807\u503c\uff1a2mg/L#\u4e00\u671f1\u53f7\u98ce\u673a\u8fd0\u884c\uff0c\u53cd\u9988\uff1a57%\uff0c\u4e0a\u9650\uff1a100%\uff0c\u4e0b\u9650\uff1a55%\uff0c\u63a7\u5236\u8f93\u51fa\uff1a55.0%\u4e00\u671f2\u53f7\u98ce\u673a\u8fd0\u884c\uff0c\u53cd\u9988\uff1a57%\uff0c\u4e0a\u9650\uff1a100%\uff0c\u4e0b\u9650\uff1a55%\uff0c\u63a7\u5236\u8f93\u51fa\uff1a55.0%\u4e00\u671f3\u53f7\u98ce\u673a\u8fd0\u884c\uff0c\u53cd\u9988\uff1a57%\uff0c\u4e0a\u9650\uff1a100%\uff0c\u4e0b\u9650\uff1a55%\uff0c\u63a7\u5236\u8f93\u51fa\uff1a55.0%\u4e8c\u671f\u751f\u7269\u6c60#\u5b9e\u65f6\uff1a\u4e8c\u671f\u6eb6\u89e3\u6c27\uff1a2.18mg/L\uff0c\u76ee\u6807\u503c\uff1a2mg/L#\u4e8c\u671f1\u53f7\u98ce\u673a\u8fd0\u884c\uff0c\u53cd\u9988\uff1a73%\uff0c\u4e0a\u9650\uff1a98%\uff0c\u4e0b\u9650\uff1a55%\uff0c\u63a7\u5236\u8f93\u51fa\uff1a71.3%\u4e8c\u671f3\u53f7\u98ce\u673a\u8fd0\u884c\uff0c\u53cd\u9988\uff1a73%\uff0c\u4e0a\u9650\uff1a98%\uff0c\u4e0b\u9650\uff1a55%\uff0c\u63a7\u5236\u8f93\u51fa\uff1a71.3%\u4e8c\u671f6\u53f7\u98ce\u673a\u8fd0\u884c\uff0c\u53cd\u9988\uff1a73%\uff0c\u4e0a\u9650\uff1a98%\uff0c\u4e0b\u9650\uff1a55%\uff0c\u63a7\u5236\u8f93\u51fa\uff1a71.3%"}
2026-06-08 08:37:00,264 - MQTTClient - 177 - DEBUG - Message published (mid=20657)
2026-06-08 08:39:00,334 - MQTTClient - 99 - DEBUG - Published: Rpc/ - {"\u865a\u62df\u8bbe\u5907": {"\u4e00\u671f1\u53f7\u98ce\u673a\u542f\u505c": 1}}
2026-06-08 08:39:00,334 - MQTTClient - 177 - DEBUG - Message published (mid=20658)
2026-06-08 08:39:00,336 - MQTTClient - 177 - DEBUG - Message published (mid=20659)
2026-06-08 08:39:00,336 - MQTTClient - 99 - DEBUG - Published: Rpc/ - {"\u865a\u62df\u8bbe\u5907": {"\u4e00\u671f1\u53f7\u98ce\u673aSV\u503c": 55.0}}
2026-06-08 08:39:00,337 - MQTTClient - 177 - DEBUG - Message published (mid=20660)
2026-06-08 08:39:00,337 - MQTTClient - 99 - DEBUG - Published: Rpc/ - {"\u865a\u62df\u8bbe\u5907": {"\u4e00\u671f2\u53f7\u98ce\u673a\u542f\u505c": 1}}
2026-06-08 08:39:00,339 - MQTTClient - 99 - DEBUG - Published: Rpc/ - {"\u865a\u62df\u8bbe\u5907": {"\u4e00\u671f2\u53f7\u98ce\u673aSV\u503c": 55.0}}
2026-06-08 08:39:00,339 - MQTTClient - 177 - DEBUG - Message published (mid=20661)
2026-06-08 08:39:00,339 - MQTTClient - 99 - DEBUG - Published: Rpc/ - {"\u865a\u62df\u8bbe\u5907": {"\u4e00\u671f3\u53f7\u98ce\u673a\u542f\u505c": 1}}
2026-06-08 08:39:00,339 - MQTTClient - 177 - DEBUG - Message published (mid=20662)
2026-06-08 08:39:00,341 - MQTTClient - 99 - DEBUG - Published: Rpc/ - {"\u865a\u62df\u8bbe\u5907": {"\u4e00\u671f3\u53f7\u98ce\u673aSV\u503c": 55.0}}
2026-06-08 08:39:00,341 - MQTTClient - 177 - DEBUG - Message published (mid=20663)
2026-06-08 08:39:00,342 - MQTTClient - 99 - DEBUG - Published: Rpc/ - {"\u865a\u62df\u8bbe\u5907": {"\u4e8c\u671f1\u53f7\u98ce\u673a\u542f\u505c": 1}}
2026-06-08 08:39:00,343 - MQTTClient - 177 - DEBUG - Message published (mid=20664)
2026-06-08 08:39:00,344 - MQTTClient - 99 - DEBUG - Published: Rpc/ - {"\u865a\u62df\u8bbe\u5907": {"\u4e8c\u671f3\u53f7\u98ce\u673a\u542f\u505c": 1}}
2026-06-08 08:39:00,344 - MQTTClient - 177 - DEBUG - Message published (mid=20665)
2026-06-08 08:39:00,346 - MQTTClient - 177 - DEBUG - Message published (mid=20666)
2026-06-08 08:39:00,346 - MQTTClient - 99 - DEBUG - Published: Rpc/ - {"\u865a\u62df\u8bbe\u5907": {"\u4e8c\u671f6\u53f7\u98ce\u673a\u542f\u505c": 1}}
2026-06-08 08:39:00,348 - MQTTClient - 99 - DEBUG - Published: /idms/api/v1/createControlX - {"type": "\u66dd\u6c14\u667a\u80fd\u4f53", "time": "2026-06-08 08:39:00", "algorithmVersion": "v1.0.0", "controller": "\u9ec4\u5188AI\u7b97\u6cd5\u63a7\u5236", "outputCommand": "\u4e00\u671f\u751f\u7269\u6c60#\u5b9e\u65f6\uff1a\u4e00\u671f\u6eb6\u89e3\u6c27\uff1a2.77mg/L\uff0c\u76ee\u6807\u503c\uff1a2mg/L#\u4e00\u671f1\u53f7\u98ce\u673a\u8fd0\u884c\uff0c\u53cd\u9988\uff1a57%\uff0c\u4e0a\u9650\uff1a100%\uff0c\u4e0b\u9650\uff1a55%\uff0c\u63a7\u5236\u8f93\u51fa\uff1a55.0%\u4e00\u671f2\u53f7\u98ce\u673a\u8fd0\u884c\uff0c\u53cd\u9988\uff1a57%\uff0c\u4e0a\u9650\uff1a100%\uff0c\u4e0b\u9650\uff1a55%\uff0c\u63a7\u5236\u8f93\u51fa\uff1a55.0%\u4e00\u671f3\u53f7\u98ce\u673a\u8fd0\u884c\uff0c\u53cd\u9988\uff1a57%\uff0c\u4e0a\u9650\uff1a100%\uff0c\u4e0b\u9650\uff1a55%\uff0c\u63a7\u5236\u8f93\u51fa\uff1a55.0%\u4e8c\u671f\u751f\u7269\u6c60#\u5b9e\u65f6\uff1a\u4e8c\u671f\u6eb6\u89e3\u6c27\uff1a1.94mg/L\uff0c\u76ee\u6807\u503c\uff1a2mg/L#\u4e8c\u671f1\u53f7\u98ce\u673a\u8fd0\u884c\uff0c\u53cd\u9988\uff1a73%\uff0c\u4e0a\u9650\uff1a98%\uff0c\u4e0b\u9650\uff1a55%\uff0c\u63a7\u5236\u8f93\u51fa\uff1a73.0%\u4e8c\u671f3\u53f7\u98ce\u673a\u8fd0\u884c\uff0c\u53cd\u9988\uff1a73%\uff0c\u4e0a\u9650\uff1a98%\uff0c\u4e0b\u9650\uff1a55%\uff0c\u63a7\u5236\u8f93\u51fa\uff1a73.0%\u4e8c\u671f6\u53f7\u98ce\u673a\u8fd0\u884c\uff0c\u53cd\u9988\uff1a73%\uff0c\u4e0a\u9650\uff1a98%\uff0c\u4e0b\u9650\uff1a55%\uff0c\u63a7\u5236\u8f93\u51fa\uff1a73.0%"}
2026-06-08 08:39:00,348 - MQTTClient - 177 - DEBUG - Message published (mid=20667)
2026-06-08 08:41:00,429 - MQTTClient - 99 - DEBUG - Published: Rpc/ - {"\u865a\u62df\u8bbe\u5907": {"\u4e00\u671f1\u53f7\u98ce\u673a\u542f\u505c": 1}}
2026-06-08 08:41:00,429 - MQTTClient - 177 - DEBUG - Message published (mid=20668)
2026-06-08 08:41:00,431 - MQTTClient - 99 - DEBUG - Published: Rpc/ - {"\u865a\u62df\u8bbe\u5907": {"\u4e00\u671f1\u53f7\u98ce\u673aSV\u503c": 55.0}}
2026-06-08 08:41:00,431 - MQTTClient - 99 - DEBUG - Published: Rpc/ - {"\u865a\u62df\u8bbe\u5907": {"\u4e00\u671f2\u53f7\u98ce\u673a\u542f\u505c": 1}}
2026-06-08 08:41:00,431 - MQTTClient - 177 - DEBUG - Message published (mid=20669)
2026-06-08 08:41:00,433 - MQTTClient - 177 - DEBUG - Message published (mid=20670)
2026-06-08 08:41:00,433 - MQTTClient - 99 - DEBUG - Published: Rpc/ - {"\u865a\u62df\u8bbe\u5907": {"\u4e00\u671f2\u53f7\u98ce\u673aSV\u503c": 55.0}}
2026-06-08 08:41:00,434 - MQTTClient - 177 - DEBUG - Message published (mid=20671)
2026-06-08 08:41:00,434 - MQTTClient - 99 - DEBUG - Published: Rpc/ - {"\u865a\u62df\u8bbe\u5907": {"\u4e00\u671f3\u53f7\u98ce\u673a\u542f\u505c": 1}}
2026-06-08 08:41:00,435 - MQTTClient - 177 - DEBUG - Message published (mid=20672)
2026-06-08 08:41:00,437 - MQTTClient - 99 - DEBUG - Published: Rpc/ - {"\u865a\u62df\u8bbe\u5907": {"\u4e00\u671f3\u53f7\u98ce\u673aSV\u503c": 55.0}}
2026-06-08 08:41:00,437 - MQTTClient - 177 - DEBUG - Message published (mid=20673)
2026-06-08 08:41:00,437 - MQTTClient - 99 - DEBUG - Published: Rpc/ - {"\u865a\u62df\u8bbe\u5907": {"\u4e8c\u671f1\u53f7\u98ce\u673a\u542f\u505c": 1}}
2026-06-08 08:41:00,438 - MQTTClient - 177 - DEBUG - Message published (mid=20674)
2026-06-08 08:41:00,439 - MQTTClient - 99 - DEBUG - Published: Rpc/ - {"\u865a\u62df\u8bbe\u5907": {"\u4e8c\u671f1\u53f7\u98ce\u673aSV\u503c": 74.5}}
2026-06-08 08:41:00,439 - MQTTClient - 177 - DEBUG - Message published (mid=20675)
2026-06-08 08:41:00,440 - MQTTClient - 99 - DEBUG - Published: Rpc/ - {"\u865a\u62df\u8bbe\u5907": {"\u4e8c\u671f3\u53f7\u98ce\u673a\u542f\u505c": 1}}
2026-06-08 08:41:00,441 - MQTTClient - 177 - DEBUG - Message published (mid=20676)
2026-06-08 08:41:00,442 - MQTTClient - 99 - DEBUG - Published: Rpc/ - {"\u865a\u62df\u8bbe\u5907": {"\u4e8c\u671f3\u53f7\u98ce\u673aSV\u503c": 74.5}}
2026-06-08 08:41:00,443 - MQTTClient - 177 - DEBUG - Message published (mid=20677)
2026-06-08 08:41:00,443 - MQTTClient - 99 - DEBUG - Published: Rpc/ - {"\u865a\u62df\u8bbe\u5907": {"\u4e8c\u671f6\u53f7\u98ce\u673a\u542f\u505c": 1}}
2026-06-08 08:41:00,444 - MQTTClient - 177 - DEBUG - Message published (mid=20678)
2026-06-08 08:41:00,446 - MQTTClient - 99 - DEBUG - Published: Rpc/ - {"\u865a\u62df\u8bbe\u5907": {"\u4e8c\u671f6\u53f7\u98ce\u673aSV\u503c": 74.5}}
2026-06-08 08:41:00,446 - MQTTClient - 177 - DEBUG - Message published (mid=20679)
2026-06-08 08:41:00,447 - MQTTClient - 99 - DEBUG - Published: /idms/api/v1/createControlX - {"type": "\u66dd\u6c14\u667a\u80fd\u4f53", "time": "2026-06-08 08:41:00", "algorithmVersion": "v1.0.0", "controller": "\u9ec4\u5188AI\u7b97\u6cd5\u63a7\u5236", "outputCommand": "\u4e00\u671f\u751f\u7269\u6c60#\u5b9e\u65f6\uff1a\u4e00\u671f\u6eb6\u89e3\u6c27\uff1a2.88mg/L\uff0c\u76ee\u6807\u503c\uff1a2mg/L#\u4e00\u671f1\u53f7\u98ce\u673a\u8fd0\u884c\uff0c\u53cd\u9988\uff1a57%\uff0c\u4e0a\u9650\uff1a100%\uff0c\u4e0b\u9650\uff1a55%\uff0c\u63a7\u5236\u8f93\u51fa\uff1a55.0%\u4e00\u671f2\u53f7\u98ce\u673a\u8fd0\u884c\uff0c\u53cd\u9988\uff1a57%\uff0c\u4e0a\u9650\uff1a100%\uff0c\u4e0b\u9650\uff1a55%\uff0c\u63a7\u5236\u8f93\u51fa\uff1a55.0%\u4e00\u671f3\u53f7\u98ce\u673a\u8fd0\u884c\uff0c\u53cd\u9988\uff1a57%\uff0c\u4e0a\u9650\uff1a100%\uff0c\u4e0b\u9650\uff1a55%\uff0c\u63a7\u5236\u8f93\u51fa\uff1a55.0%\u4e8c\u671f\u751f\u7269\u6c60#\u5b9e\u65f6\uff1a\u4e8c\u671f\u6eb6\u89e3\u6c27\uff1a1.86mg/L\uff0c\u76ee\u6807\u503c\uff1a2mg/L#\u4e8c\u671f1\u53f7\u98ce\u673a\u8fd0\u884c\uff0c\u53cd\u9988\uff1a73%\uff0c\u4e0a\u9650\uff1a98%\uff0c\u4e0b\u9650\uff1a55%\uff0c\u63a7\u5236\u8f93\u51fa\uff1a74.5%\u4e8c\u671f3\u53f7\u98ce\u673a\u8fd0\u884c\uff0c\u53cd\u9988\uff1a73%\uff0c\u4e0a\u9650\uff1a98%\uff0c\u4e0b\u9650\uff1a55%\uff0c\u63a7\u5236\u8f93\u51fa\uff1a74.5%\u4e8c\u671f6\u53f7\u98ce\u673a\u8fd0\u884c\uff0c\u53cd\u9988\uff1a73%\uff0c\u4e0a\u9650\uff1a98%\uff0c\u4e0b\u9650\uff1a55%\uff0c\u63a7\u5236\u8f93\u51fa\uff1a74.5%"}
2026-06-08 08:41:00,448 - MQTTClient - 177 - DEBUG - Message published (mid=20680)
2026-06-08 08:43:00,642 - MQTTClient - 99 - DEBUG - Published: Rpc/ - {"\u865a\u62df\u8bbe\u5907": {"\u4e00\u671f1\u53f7\u98ce\u673a\u542f\u505c": 1}}
2026-06-08 08:43:00,643 - MQTTClient - 177 - DEBUG - Message published (mid=20681)
2026-06-08 08:43:00,646 - MQTTClient - 177 - DEBUG - Message published (mid=20682)
2026-06-08 08:43:00,647 - MQTTClient - 99 - DEBUG - Published: Rpc/ - {"\u865a\u62df\u8bbe\u5907": {"\u4e00\u671f1\u53f7\u98ce\u673aSV\u503c": 55.0}}
2026-06-08 08:43:00,648 - MQTTClient - 99 - DEBUG - Published: Rpc/ - {"\u865a\u62df\u8bbe\u5907": {"\u4e00\u671f2\u53f7\u98ce\u673a\u542f\u505c": 1}}
2026-06-08 08:43:00,648 - MQTTClient - 177 - DEBUG - Message published (mid=20683)
2026-06-08 08:43:00,653 - MQTTClient - 99 - DEBUG - Published: Rpc/ - {"\u865a\u62df\u8bbe\u5907": {"\u4e00\u671f2\u53f7\u98ce\u673aSV\u503c": 55.0}}
2026-06-08 08:43:00,653 - MQTTClient - 177 - DEBUG - Message published (mid=20684)
2026-06-08 08:43:00,654 - MQTTClient - 99 - DEBUG - Published: Rpc/ - {"\u865a\u62df\u8bbe\u5907": {"\u4e00\u671f3\u53f7\u98ce\u673a\u542f\u505c": 1}}
2026-06-08 08:43:00,655 - MQTTClient - 177 - DEBUG - Message published (mid=20685)
2026-06-08 08:43:00,659 - MQTTClient - 177 - DEBUG - Message published (mid=20686)
2026-06-08 08:43:00,659 - MQTTClient - 99 - DEBUG - Published: Rpc/ - {"\u865a\u62df\u8bbe\u5907": {"\u4e00\u671f3\u53f7\u98ce\u673aSV\u503c": 55.0}}
2026-06-08 08:43:00,661 - MQTTClient - 99 - DEBUG - Published: Rpc/ - {"\u865a\u62df\u8bbe\u5907": {"\u4e8c\u671f1\u53f7\u98ce\u673a\u542f\u505c": 1}}
2026-06-08 08:43:00,661 - MQTTClient - 177 - DEBUG - Message published (mid=20687)
2026-06-08 08:43:00,667 - MQTTClient - 177 - DEBUG - Message published (mid=20688)
2026-06-08 08:43:00,667 - MQTTClient - 99 - DEBUG - Published: Rpc/ - {"\u865a\u62df\u8bbe\u5907": {"\u4e8c\u671f3\u53f7\u98ce\u673a\u542f\u505c": 1}}
2026-06-08 08:43:00,672 - MQTTClient - 99 - DEBUG - Published: Rpc/ - {"\u865a\u62df\u8bbe\u5907": {"\u4e8c\u671f6\u53f7\u98ce\u673a\u542f\u505c": 1}}
2026-06-08 08:43:00,672 - MQTTClient - 177 - DEBUG - Message published (mid=20689)
2026-06-08 08:43:00,677 - MQTTClient - 177 - DEBUG - Message published (mid=20690)
2026-06-08 08:43:00,677 - MQTTClient - 99 - DEBUG - Published: /idms/api/v1/createControlX - {"type": "\u66dd\u6c14\u667a\u80fd\u4f53", "time": "2026-06-08 08:43:00", "algorithmVersion": "v1.0.0", "controller": "\u9ec4\u5188AI\u7b97\u6cd5\u63a7\u5236", "outputCommand": "\u4e00\u671f\u751f\u7269\u6c60#\u5b9e\u65f6\uff1a\u4e00\u671f\u6eb6\u89e3\u6c27\uff1a2.94mg/L\uff0c\u76ee\u6807\u503c\uff1a2mg/L#\u4e00\u671f1\u53f7\u98ce\u673a\u8fd0\u884c\uff0c\u53cd\u9988\uff1a57%\uff0c\u4e0a\u9650\uff1a100%\uff0c\u4e0b\u9650\uff1a55%\uff0c\u63a7\u5236\u8f93\u51fa\uff1a55.0%\u4e00\u671f2\u53f7\u98ce\u673a\u8fd0\u884c\uff0c\u53cd\u9988\uff1a57%\uff0c\u4e0a\u9650\uff1a100%\uff0c\u4e0b\u9650\uff1a55%\uff0c\u63a7\u5236\u8f93\u51fa\uff1a55.0%\u4e00\u671f3\u53f7\u98ce\u673a\u8fd0\u884c\uff0c\u53cd\u9988\uff1a57%\uff0c\u4e0a\u9650\uff1a100%\uff0c\u4e0b\u9650\uff1a55%\uff0c\u63a7\u5236\u8f93\u51fa\uff1a55.0%\u4e8c\u671f\u751f\u7269\u6c60#\u5b9e\u65f6\uff1a\u4e8c\u671f\u6eb6\u89e3\u6c27\uff1a2.05mg/L\uff0c\u76ee\u6807\u503c\uff1a2mg/L#\u4e8c\u671f1\u53f7\u98ce\u673a\u8fd0\u884c\uff0c\u53cd\u9988\uff1a73%\uff0c\u4e0a\u9650\uff1a98%\uff0c\u4e0b\u9650\uff1a55%\uff0c\u63a7\u5236\u8f93\u51fa\uff1a73.0%\u4e8c\u671f3\u53f7\u98ce\u673a\u8fd0\u884c\uff0c\u53cd\u9988\uff1a73%\uff0c\u4e0a\u9650\uff1a98%\uff0c\u4e0b\u9650\uff1a55%\uff0c\u63a7\u5236\u8f93\u51fa\uff1a73.0%\u4e8c\u671f6\u53f7\u98ce\u673a\u8fd0\u884c\uff0c\u53cd\u9988\uff1a73%\uff0c\u4e0a\u9650\uff1a98%\uff0c\u4e0b\u9650\uff1a55%\uff0c\u63a7\u5236\u8f93\u51fa\uff1a73.0%"}
2026-06-08 08:45:00,784 - MQTTClient - 99 - DEBUG - Published: Rpc/ - {"\u865a\u62df\u8bbe\u5907": {"\u4e00\u671f1\u53f7\u98ce\u673a\u542f\u505c": 1}}
2026-06-08 08:45:00,784 - MQTTClient - 177 - DEBUG - Message published (mid=20691)
2026-06-08 08:45:00,786 - MQTTClient - 99 - DEBUG - Published: Rpc/ - {"\u865a\u62df\u8bbe\u5907": {"\u4e00\u671f1\u53f7\u98ce\u673aSV\u503c": 55.0}}
2026-06-08 08:45:00,786 - MQTTClient - 177 - DEBUG - Message published (mid=20692)
2026-06-08 08:45:00,786 - MQTTClient - 99 - DEBUG - Published: Rpc/ - {"\u865a\u62df\u8bbe\u5907": {"\u4e00\u671f2\u53f7\u98ce\u673a\u542f\u505c": 1}}
2026-06-08 08:45:00,787 - MQTTClient - 177 - DEBUG - Message published (mid=20693)
2026-06-08 08:45:00,789 - MQTTClient - 177 - DEBUG - Message published (mid=20694)
2026-06-08 08:45:00,789 - MQTTClient - 99 - DEBUG - Published: Rpc/ - {"\u865a\u62df\u8bbe\u5907": {"\u4e00\u671f3\u53f7\u98ce\u673a\u542f\u505c": 1}}
2026-06-08 08:45:00,789 - MQTTClient - 99 - DEBUG - Published: Rpc/ - {"\u865a\u62df\u8bbe\u5907": {"\u4e00\u671f2\u53f7\u98ce\u673aSV\u503c": 55.0}}
2026-06-08 08:45:00,789 - MQTTClient - 177 - DEBUG - Message published (mid=20695)
2026-06-08 08:45:00,791 - MQTTClient - 99 - DEBUG - Published: Rpc/ - {"\u865a\u62df\u8bbe\u5907": {"\u4e00\u671f3\u53f7\u98ce\u673aSV\u503c": 55.0}}
2026-06-08 08:45:00,791 - MQTTClient - 177 - DEBUG - Message published (mid=20696)
2026-06-08 08:45:00,792 - MQTTClient - 99 - DEBUG - Published: Rpc/ - {"\u865a\u62df\u8bbe\u5907": {"\u4e8c\u671f1\u53f7\u98ce\u673a\u542f\u505c": 1}}
2026-06-08 08:45:00,793 - MQTTClient - 177 - DEBUG - Message published (mid=20697)
2026-06-08 08:45:00,795 - MQTTClient - 99 - DEBUG - Published: Rpc/ - {"\u865a\u62df\u8bbe\u5907": {"\u4e8c\u671f3\u53f7\u98ce\u673a\u542f\u505c": 1}}
2026-06-08 08:45:00,795 - MQTTClient - 177 - DEBUG - Message published (mid=20698)
2026-06-08 08:45:00,797 - MQTTClient - 99 - DEBUG - Published: Rpc/ - {"\u865a\u62df\u8bbe\u5907": {"\u4e8c\u671f6\u53f7\u98ce\u673a\u542f\u505c": 1}}
2026-06-08 08:45:00,797 - MQTTClient - 177 - DEBUG - Message published (mid=20699)
2026-06-08 08:45:00,798 - MQTTClient - 99 - DEBUG - Published: /idms/api/v1/createControlX - {"type": "\u66dd\u6c14\u667a\u80fd\u4f53", "time": "2026-06-08 08:45:00", "algorithmVersion": "v1.0.0", "controller": "\u9ec4\u5188AI\u7b97\u6cd5\u63a7\u5236", "outputCommand": "\u4e00\u671f\u751f\u7269\u6c60#\u5b9e\u65f6\uff1a\u4e00\u671f\u6eb6\u89e3\u6c27\uff1a2.99mg/L\uff0c\u76ee\u6807\u503c\uff1a2mg/L#\u4e00\u671f1\u53f7\u98ce\u673a\u8fd0\u884c\uff0c\u53cd\u9988\uff1a57%\uff0c\u4e0a\u9650\uff1a100%\uff0c\u4e0b\u9650\uff1a55%\uff0c\u63a7\u5236\u8f93\u51fa\uff1a55.0%\u4e00\u671f2\u53f7\u98ce\u673a\u8fd0\u884c\uff0c\u53cd\u9988\uff1a57%\uff0c\u4e0a\u9650\uff1a100%\uff0c\u4e0b\u9650\uff1a55%\uff0c\u63a7\u5236\u8f93\u51fa\uff1a55.0%\u4e00\u671f3\u53f7\u98ce\u673a\u8fd0\u884c\uff0c\u53cd\u9988\uff1a57%\uff0c\u4e0a\u9650\uff1a100%\uff0c\u4e0b\u9650\uff1a55%\uff0c\u63a7\u5236\u8f93\u51fa\uff1a55.0%\u4e8c\u671f\u751f\u7269\u6c60#\u5b9e\u65f6\uff1a\u4e8c\u671f\u6eb6\u89e3\u6c27\uff1a2.0mg/L\uff0c\u76ee\u6807\u503c\uff1a2mg/L#\u4e8c\u671f1\u53f7\u98ce\u673a\u8fd0\u884c\uff0c\u53cd\u9988\uff1a73%\uff0c\u4e0a\u9650\uff1a98%\uff0c\u4e0b\u9650\uff1a55%\uff0c\u63a7\u5236\u8f93\u51fa\uff1a73.0%\u4e8c\u671f3\u53f7\u98ce\u673a\u8fd0\u884c\uff0c\u53cd\u9988\uff1a73%\uff0c\u4e0a\u9650\uff1a98%\uff0c\u4e0b\u9650\uff1a55%\uff0c\u63a7\u5236\u8f93\u51fa\uff1a73.0%\u4e8c\u671f6\u53f7\u98ce\u673a\u8fd0\u884c\uff0c\u53cd\u9988\uff1a73%\uff0c\u4e0a\u9650\uff1a98%\uff0c\u4e0b\u9650\uff1a55%\uff0c\u63a7\u5236\u8f93\u51fa\uff1a73.0%"}
2026-06-08 08:45:00,798 - MQTTClient - 177 - DEBUG - Message published (mid=20700)
2026-06-08 08:47:00,902 - MQTTClient - 99 - DEBUG - Published: Rpc/ - {"\u865a\u62df\u8bbe\u5907": {"\u4e00\u671f1\u53f7\u98ce\u673a\u542f\u505c": 1}}
2026-06-08 08:47:00,902 - MQTTClient - 177 - DEBUG - Message published (mid=20701)
2026-06-08 08:47:00,904 - MQTTClient - 99 - DEBUG - Published: Rpc/ - {"\u865a\u62df\u8bbe\u5907": {"\u4e00\u671f1\u53f7\u98ce\u673aSV\u503c": 55.0}}
2026-06-08 08:47:00,905 - MQTTClient - 177 - DEBUG - Message published (mid=20702)
2026-06-08 08:47:00,905 - MQTTClient - 99 - DEBUG - Published: Rpc/ - {"\u865a\u62df\u8bbe\u5907": {"\u4e00\u671f2\u53f7\u98ce\u673a\u542f\u505c": 1}}
2026-06-08 08:47:00,905 - MQTTClient - 177 - DEBUG - Message published (mid=20703)
2026-06-08 08:47:00,907 - MQTTClient - 99 - DEBUG - Published: Rpc/ - {"\u865a\u62df\u8bbe\u5907": {"\u4e00\u671f2\u53f7\u98ce\u673aSV\u503c": 55.0}}
2026-06-08 08:47:00,907 - MQTTClient - 177 - DEBUG - Message published (mid=20704)
2026-06-08 08:47:00,907 - MQTTClient - 99 - DEBUG - Published: Rpc/ - {"\u865a\u62df\u8bbe\u5907": {"\u4e00\u671f3\u53f7\u98ce\u673a\u542f\u505c": 1}}
2026-06-08 08:47:00,908 - MQTTClient - 177 - DEBUG - Message published (mid=20705)
2026-06-08 08:47:00,909 - MQTTClient - 99 - DEBUG - Published: Rpc/ - {"\u865a\u62df\u8bbe\u5907": {"\u4e00\u671f3\u53f7\u98ce\u673aSV\u503c": 55.0}}
2026-06-08 08:47:00,909 - MQTTClient - 177 - DEBUG - Message published (mid=20706)
2026-06-08 08:47:00,910 - MQTTClient - 99 - DEBUG - Published: Rpc/ - {"\u865a\u62df\u8bbe\u5907": {"\u4e8c\u671f1\u53f7\u98ce\u673a\u542f\u505c": 1}}
2026-06-08 08:47:00,910 - MQTTClient - 177 - DEBUG - Message published (mid=20707)
2026-06-08 08:47:00,912 - MQTTClient - 177 - DEBUG - Message published (mid=20708)
2026-06-08 08:47:00,912 - MQTTClient - 99 - DEBUG - Published: Rpc/ - {"\u865a\u62df\u8bbe\u5907": {"\u4e8c\u671f1\u53f7\u98ce\u673aSV\u503c": 74.6}}
2026-06-08 08:47:00,912 - MQTTClient - 99 - DEBUG - Published: Rpc/ - {"\u865a\u62df\u8bbe\u5907": {"\u4e8c\u671f3\u53f7\u98ce\u673a\u542f\u505c": 1}}
2026-06-08 08:47:00,912 - MQTTClient - 177 - DEBUG - Message published (mid=20709)
2026-06-08 08:47:00,914 - MQTTClient - 177 - DEBUG - Message published (mid=20710)
2026-06-08 08:47:00,914 - MQTTClient - 99 - DEBUG - Published: Rpc/ - {"\u865a\u62df\u8bbe\u5907": {"\u4e8c\u671f3\u53f7\u98ce\u673aSV\u503c": 74.6}}
2026-06-08 08:47:00,914 - MQTTClient - 99 - DEBUG - Published: Rpc/ - {"\u865a\u62df\u8bbe\u5907": {"\u4e8c\u671f6\u53f7\u98ce\u673a\u542f\u505c": 1}}
2026-06-08 08:47:00,914 - MQTTClient - 177 - DEBUG - Message published (mid=20711)
2026-06-08 08:47:00,916 - MQTTClient - 99 - DEBUG - Published: Rpc/ - {"\u865a\u62df\u8bbe\u5907": {"\u4e8c\u671f6\u53f7\u98ce\u673aSV\u503c": 74.6}}
2026-06-08 08:47:00,917 - MQTTClient - 177 - DEBUG - Message published (mid=20712)
2026-06-08 08:47:00,917 - MQTTClient - 99 - DEBUG - Published: /idms/api/v1/createControlX - {"type": "\u66dd\u6c14\u667a\u80fd\u4f53", "time": "2026-06-08 08:47:00", "algorithmVersion": "v1.0.0", "controller": "\u9ec4\u5188AI\u7b97\u6cd5\u63a7\u5236", "outputCommand": "\u4e00\u671f\u751f\u7269\u6c60#\u5b9e\u65f6\uff1a\u4e00\u671f\u6eb6\u89e3\u6c27\uff1a2.97mg/L\uff0c\u76ee\u6807\u503c\uff1a2mg/L#\u4e00\u671f1\u53f7\u98ce\u673a\u8fd0\u884c\uff0c\u53cd\u9988\uff1a57%\uff0c\u4e0a\u9650\uff1a100%\uff0c\u4e0b\u9650\uff1a55%\uff0c\u63a7\u5236\u8f93\u51fa\uff1a55.0%\u4e00\u671f2\u53f7\u98ce\u673a\u8fd0\u884c\uff0c\u53cd\u9988\uff1a57%\uff0c\u4e0a\u9650\uff1a100%\uff0c\u4e0b\u9650\uff1a55%\uff0c\u63a7\u5236\u8f93\u51fa\uff1a55.0%\u4e00\u671f3\u53f7\u98ce\u673a\u8fd0\u884c\uff0c\u53cd\u9988\uff1a57%\uff0c\u4e0a\u9650\uff1a100%\uff0c\u4e0b\u9650\uff1a55%\uff0c\u63a7\u5236\u8f93\u51fa\uff1a55.0%\u4e8c\u671f\u751f\u7269\u6c60#\u5b9e\u65f6\uff1a\u4e8c\u671f\u6eb6\u89e3\u6c27\uff1a1.84mg/L\uff0c\u76ee\u6807\u503c\uff1a2mg/L#\u4e8c\u671f1\u53f7\u98ce\u673a\u8fd0\u884c\uff0c\u53cd\u9988\uff1a73%\uff0c\u4e0a\u9650\uff1a98%\uff0c\u4e0b\u9650\uff1a55%\uff0c\u63a7\u5236\u8f93\u51fa\uff1a74.6%\u4e8c\u671f3\u53f7\u98ce\u673a\u8fd0\u884c\uff0c\u53cd\u9988\uff1a73%\uff0c\u4e0a\u9650\uff1a98%\uff0c\u4e0b\u9650\uff1a55%\uff0c\u63a7\u5236\u8f93\u51fa\uff1a74.6%\u4e8c\u671f6\u53f7\u98ce\u673a\u8fd0\u884c\uff0c\u53cd\u9988\uff1a73%\uff0c\u4e0a\u9650\uff1a98%\uff0c\u4e0b\u9650\uff1a55%\uff0c\u63a7\u5236\u8f93\u51fa\uff1a74.6%"}
2026-06-08 08:47:00,918 - MQTTClient - 177 - DEBUG - Message published (mid=20713)
2026-06-08 08:47:22,393 - MQTTClient - 141 - DEBUG - Connected to 10.7.7.62 successfully
2026-06-08 08:47:22,552 - MQTTClient - 174 - DEBUG - Subscribed with QOS: (0,)
2026-06-08 08:49:01,147 - MQTTClient - 177 - DEBUG - Message published (mid=20715)
2026-06-08 08:49:01,147 - MQTTClient - 99 - DEBUG - Published: Rpc/ - {"\u865a\u62df\u8bbe\u5907": {"\u4e00\u671f1\u53f7\u98ce\u673a\u542f\u505c": 1}}
2026-06-08 08:49:01,153 - MQTTClient - 177 - DEBUG - Message published (mid=20716)
2026-06-08 08:49:01,154 - MQTTClient - 99 - DEBUG - Published: Rpc/ - {"\u865a\u62df\u8bbe\u5907": {"\u4e00\u671f1\u53f7\u98ce\u673aSV\u503c": 55.0}}
2026-06-08 08:49:01,156 - MQTTClient - 177 - DEBUG - Message published (mid=20717)
2026-06-08 08:49:01,156 - MQTTClient - 99 - DEBUG - Published: Rpc/ - {"\u865a\u62df\u8bbe\u5907": {"\u4e00\u671f2\u53f7\u98ce\u673a\u542f\u505c": 1}}
2026-06-08 08:49:01,161 - MQTTClient - 177 - DEBUG - Message published (mid=20718)
2026-06-08 08:49:01,162 - MQTTClient - 99 - DEBUG - Published: Rpc/ - {"\u865a\u62df\u8bbe\u5907": {"\u4e00\u671f2\u53f7\u98ce\u673aSV\u503c": 55.0}}
2026-06-08 08:49:01,164 - MQTTClient - 99 - DEBUG - Published: Rpc/ - {"\u865a\u62df\u8bbe\u5907": {"\u4e00\u671f3\u53f7\u98ce\u673a\u542f\u505c": 1}}
2026-06-08 08:49:01,164 - MQTTClient - 177 - DEBUG - Message published (mid=20719)
2026-06-08 08:49:01,169 - MQTTClient - 99 - DEBUG - Published: Rpc/ - {"\u865a\u62df\u8bbe\u5907": {"\u4e00\u671f3\u53f7\u98ce\u673aSV\u503c": 55.0}}
2026-06-08 08:49:01,169 - MQTTClient - 177 - DEBUG - Message published (mid=20720)
2026-06-08 08:49:01,170 - MQTTClient - 99 - DEBUG - Published: Rpc/ - {"\u865a\u62df\u8bbe\u5907": {"\u4e8c\u671f1\u53f7\u98ce\u673a\u542f\u505c": 1}}
2026-06-08 08:49:01,173 - MQTTClient - 177 - DEBUG - Message published (mid=20721)
2026-06-08 08:49:01,177 - MQTTClient - 177 - DEBUG - Message published (mid=20722)
2026-06-08 08:49:01,177 - MQTTClient - 99 - DEBUG - Published: Rpc/ - {"\u865a\u62df\u8bbe\u5907": {"\u4e8c\u671f3\u53f7\u98ce\u673a\u542f\u505c": 1}}
2026-06-08 08:49:01,184 - MQTTClient - 177 - DEBUG - Message published (mid=20723)
2026-06-08 08:49:01,184 - MQTTClient - 99 - DEBUG - Published: Rpc/ - {"\u865a\u62df\u8bbe\u5907": {"\u4e8c\u671f6\u53f7\u98ce\u673a\u542f\u505c": 1}}
2026-06-08 08:49:01,190 - MQTTClient - 99 - DEBUG - Published: /idms/api/v1/createControlX - {"type": "\u66dd\u6c14\u667a\u80fd\u4f53", "time": "2026-06-08 08:49:01", "algorithmVersion": "v1.0.0", "controller": "\u9ec4\u5188AI\u7b97\u6cd5\u63a7\u5236", "outputCommand": "\u4e00\u671f\u751f\u7269\u6c60#\u5b9e\u65f6\uff1a\u4e00\u671f\u6eb6\u89e3\u6c27\uff1a2.99mg/L\uff0c\u76ee\u6807\u503c\uff1a2mg/L#\u4e00\u671f1\u53f7\u98ce\u673a\u8fd0\u884c\uff0c\u53cd\u9988\uff1a57%\uff0c\u4e0a\u9650\uff1a100%\uff0c\u4e0b\u9650\uff1a55%\uff0c\u63a7\u5236\u8f93\u51fa\uff1a55.0%\u4e00\u671f2\u53f7\u98ce\u673a\u8fd0\u884c\uff0c\u53cd\u9988\uff1a57%\uff0c\u4e0a\u9650\uff1a100%\uff0c\u4e0b\u9650\uff1a55%\uff0c\u63a7\u5236\u8f93\u51fa\uff1a55.0%\u4e00\u671f3\u53f7\u98ce\u673a\u8fd0\u884c\uff0c\u53cd\u9988\uff1a57%\uff0c\u4e0a\u9650\uff1a100%\uff0c\u4e0b\u9650\uff1a55%\uff0c\u63a7\u5236\u8f93\u51fa\uff1a55.0%\u4e8c\u671f\u751f\u7269\u6c60#\u5b9e\u65f6\uff1a\u4e8c\u671f\u6eb6\u89e3\u6c27\uff1a1.99mg/L\uff0c\u76ee\u6807\u503c\uff1a2mg/L#\u4e8c\u671f1\u53f7\u98ce\u673a\u8fd0\u884c\uff0c\u53cd\u9988\uff1a73%\uff0c\u4e0a\u9650\uff1a98%\uff0c\u4e0b\u9650\uff1a55%\uff0c\u63a7\u5236\u8f93\u51fa\uff1a73.0%\u4e8c\u671f3\u53f7\u98ce\u673a\u8fd0\u884c\uff0c\u53cd\u9988\uff1a73%\uff0c\u4e0a\u9650\uff1a98%\uff0c\u4e0b\u9650\uff1a55%\uff0c\u63a7\u5236\u8f93\u51fa\uff1a73.0%\u4e8c\u671f6\u53f7\u98ce\u673a\u8fd0\u884c\uff0c\u53cd\u9988\uff1a73%\uff0c\u4e0a\u9650\uff1a98%\uff0c\u4e0b\u9650\uff1a55%\uff0c\u63a7\u5236\u8f93\u51fa\uff1a73.0%"}
2026-06-08 08:49:01,190 - MQTTClient - 177 - DEBUG - Message published (mid=20724)
2026-06-08 08:51:01,403 - MQTTClient - 177 - DEBUG - Message published (mid=20725)
2026-06-08 08:51:01,405 - MQTTClient - 99 - DEBUG - Published: Rpc/ - {"\u865a\u62df\u8bbe\u5907": {"\u4e00\u671f1\u53f7\u98ce\u673a\u542f\u505c": 1}}
2026-06-08 08:51:01,408 - MQTTClient - 99 - DEBUG - Published: Rpc/ - {"\u865a\u62df\u8bbe\u5907": {"\u4e00\u671f1\u53f7\u98ce\u673aSV\u503c": 55.0}}
2026-06-08 08:51:01,408 - MQTTClient - 177 - DEBUG - Message published (mid=20726)
2026-06-08 08:51:01,409 - MQTTClient - 99 - DEBUG - Published: Rpc/ - {"\u865a\u62df\u8bbe\u5907": {"\u4e00\u671f2\u53f7\u98ce\u673a\u542f\u505c": 1}}
2026-06-08 08:51:01,411 - MQTTClient - 177 - DEBUG - Message published (mid=20727)
2026-06-08 08:51:01,414 - MQTTClient - 177 - DEBUG - Message published (mid=20728)
2026-06-08 08:51:01,414 - MQTTClient - 99 - DEBUG - Published: Rpc/ - {"\u865a\u62df\u8bbe\u5907": {"\u4e00\u671f2\u53f7\u98ce\u673aSV\u503c": 55.0}}
2026-06-08 08:51:01,416 - MQTTClient - 177 - DEBUG - Message published (mid=20729)
2026-06-08 08:51:01,416 - MQTTClient - 99 - DEBUG - Published: Rpc/ - {"\u865a\u62df\u8bbe\u5907": {"\u4e00\u671f3\u53f7\u98ce\u673a\u542f\u505c": 1}}
2026-06-08 08:51:01,422 - MQTTClient - 177 - DEBUG - Message published (mid=20730)
2026-06-08 08:51:01,422 - MQTTClient - 99 - DEBUG - Published: Rpc/ - {"\u865a\u62df\u8bbe\u5907": {"\u4e00\u671f3\u53f7\u98ce\u673aSV\u503c": 55.0}}
2026-06-08 08:51:01,426 - MQTTClient - 177 - DEBUG - Message published (mid=20731)
2026-06-08 08:51:01,426 - MQTTClient - 99 - DEBUG - Published: Rpc/ - {"\u865a\u62df\u8bbe\u5907": {"\u4e8c\u671f1\u53f7\u98ce\u673a\u542f\u505c": 1}}
2026-06-08 08:51:01,430 - MQTTClient - 99 - DEBUG - Published: Rpc/ - {"\u865a\u62df\u8bbe\u5907": {"\u4e8c\u671f3\u53f7\u98ce\u673a\u542f\u505c": 1}}
2026-06-08 08:51:01,430 - MQTTClient - 177 - DEBUG - Message published (mid=20732)
2026-06-08 08:51:01,435 - MQTTClient - 99 - DEBUG - Published: Rpc/ - {"\u865a\u62df\u8bbe\u5907": {"\u4e8c\u671f6\u53f7\u98ce\u673a\u542f\u505c": 1}}
2026-06-08 08:51:01,436 - MQTTClient - 177 - DEBUG - Message published (mid=20733)
2026-06-08 08:51:01,442 - MQTTClient - 99 - DEBUG - Published: /idms/api/v1/createControlX - {"type": "\u66dd\u6c14\u667a\u80fd\u4f53", "time": "2026-06-08 08:51:01", "algorithmVersion": "v1.0.0", "controller": "\u9ec4\u5188AI\u7b97\u6cd5\u63a7\u5236", "outputCommand": "\u4e00\u671f\u751f\u7269\u6c60#\u5b9e\u65f6\uff1a\u4e00\u671f\u6eb6\u89e3\u6c27\uff1a2.73mg/L\uff0c\u76ee\u6807\u503c\uff1a2mg/L#\u4e00\u671f1\u53f7\u98ce\u673a\u8fd0\u884c\uff0c\u53cd\u9988\uff1a57%\uff0c\u4e0a\u9650\uff1a100%\uff0c\u4e0b\u9650\uff1a55%\uff0c\u63a7\u5236\u8f93\u51fa\uff1a55.0%\u4e00\u671f2\u53f7\u98ce\u673a\u8fd0\u884c\uff0c\u53cd\u9988\uff1a57%\uff0c\u4e0a\u9650\uff1a100%\uff0c\u4e0b\u9650\uff1a55%\uff0c\u63a7\u5236\u8f93\u51fa\uff1a55.0%\u4e00\u671f3\u53f7\u98ce\u673a\u8fd0\u884c\uff0c\u53cd\u9988\uff1a57%\uff0c\u4e0a\u9650\uff1a100%\uff0c\u4e0b\u9650\uff1a55%\uff0c\u63a7\u5236\u8f93\u51fa\uff1a55.0%\u4e8c\u671f\u751f\u7269\u6c60#\u5b9e\u65f6\uff1a\u4e8c\u671f\u6eb6\u89e3\u6c27\uff1a2.05mg/L\uff0c\u76ee\u6807\u503c\uff1a2mg/L#\u4e8c\u671f1\u53f7\u98ce\u673a\u8fd0\u884c\uff0c\u53cd\u9988\uff1a73%\uff0c\u4e0a\u9650\uff1a98%\uff0c\u4e0b\u9650\uff1a55%\uff0c\u63a7\u5236\u8f93\u51fa\uff1a73.0%\u4e8c\u671f3\u53f7\u98ce\u673a\u8fd0\u884c\uff0c\u53cd\u9988\uff1a73%\uff0c\u4e0a\u9650\uff1a98%\uff0c\u4e0b\u9650\uff1a55%\uff0c\u63a7\u5236\u8f93\u51fa\uff1a73.0%\u4e8c\u671f6\u53f7\u98ce\u673a\u8fd0\u884c\uff0c\u53cd\u9988\uff1a73%\uff0c\u4e0a\u9650\uff1a98%\uff0c\u4e0b\u9650\uff1a55%\uff0c\u63a7\u5236\u8f93\u51fa\uff1a73.0%"}
2026-06-08 08:51:01,442 - MQTTClient - 177 - DEBUG - Message published (mid=20734)
2026-06-08 08:53:01,593 - MQTTClient - 99 - DEBUG - Published: Rpc/ - {"\u865a\u62df\u8bbe\u5907": {"\u4e00\u671f1\u53f7\u98ce\u673a\u542f\u505c": 1}}
2026-06-08 08:53:01,593 - MQTTClient - 177 - DEBUG - Message published (mid=20735)
2026-06-08 08:53:01,598 - MQTTClient - 99 - DEBUG - Published: Rpc/ - {"\u865a\u62df\u8bbe\u5907": {"\u4e00\u671f2\u53f7\u98ce\u673a\u542f\u505c": 1}}
2026-06-08 08:53:01,598 - MQTTClient - 177 - DEBUG - Message published (mid=20736)
2026-06-08 08:53:01,599 - MQTTClient - 99 - DEBUG - Published: Rpc/ - {"\u865a\u62df\u8bbe\u5907": {"\u4e00\u671f3\u53f7\u98ce\u673a\u542f\u505c": 1}}
2026-06-08 08:53:01,599 - MQTTClient - 177 - DEBUG - Message published (mid=20737)
2026-06-08 08:53:01,601 - MQTTClient - 99 - DEBUG - Published: Rpc/ - {"\u865a\u62df\u8bbe\u5907": {"\u4e8c\u671f1\u53f7\u98ce\u673a\u542f\u505c": 1}}
2026-06-08 08:53:01,601 - MQTTClient - 177 - DEBUG - Message published (mid=20738)
2026-06-08 08:53:01,603 - MQTTClient - 99 - DEBUG - Published: Rpc/ - {"\u865a\u62df\u8bbe\u5907": {"\u4e8c\u671f1\u53f7\u98ce\u673aSV\u503c": 74.5}}
2026-06-08 08:53:01,603 - MQTTClient - 177 - DEBUG - Message published (mid=20739)
2026-06-08 08:53:01,603 - MQTTClient - 99 - DEBUG - Published: Rpc/ - {"\u865a\u62df\u8bbe\u5907": {"\u4e8c\u671f3\u53f7\u98ce\u673a\u542f\u505c": 1}}
2026-06-08 08:53:01,604 - MQTTClient - 177 - DEBUG - Message published (mid=20740)
2026-06-08 08:53:01,605 - MQTTClient - 99 - DEBUG - Published: Rpc/ - {"\u865a\u62df\u8bbe\u5907": {"\u4e8c\u671f3\u53f7\u98ce\u673aSV\u503c": 74.5}}
2026-06-08 08:53:01,605 - MQTTClient - 177 - DEBUG - Message published (mid=20741)
2026-06-08 08:53:01,606 - MQTTClient - 99 - DEBUG - Published: Rpc/ - {"\u865a\u62df\u8bbe\u5907": {"\u4e8c\u671f6\u53f7\u98ce\u673a\u542f\u505c": 1}}
2026-06-08 08:53:01,606 - MQTTClient - 177 - DEBUG - Message published (mid=20742)
2026-06-08 08:53:01,607 - MQTTClient - 99 - DEBUG - Published: Rpc/ - {"\u865a\u62df\u8bbe\u5907": {"\u4e8c\u671f6\u53f7\u98ce\u673aSV\u503c": 74.5}}
2026-06-08 08:53:01,608 - MQTTClient - 177 - DEBUG - Message published (mid=20743)
2026-06-08 08:53:01,608 - MQTTClient - 99 - DEBUG - Published: /idms/api/v1/createControlX - {"type": "\u66dd\u6c14\u667a\u80fd\u4f53", "time": "2026-06-08 08:53:01", "algorithmVersion": "v1.0.0", "controller": "\u9ec4\u5188AI\u7b97\u6cd5\u63a7\u5236", "outputCommand": "\u4e00\u671f\u751f\u7269\u6c60#\u5b9e\u65f6\uff1a\u4e00\u671f\u6eb6\u89e3\u6c27\uff1a2.57mg/L\uff0c\u76ee\u6807\u503c\uff1a2mg/L#\u4e00\u671f1\u53f7\u98ce\u673a\u8fd0\u884c\uff0c\u53cd\u9988\uff1a57%\uff0c\u4e0a\u9650\uff1a100%\uff0c\u4e0b\u9650\uff1a55%\uff0c\u63a7\u5236\u8f93\u51fa\uff1a57.0%\u4e00\u671f2\u53f7\u98ce\u673a\u8fd0\u884c\uff0c\u53cd\u9988\uff1a57%\uff0c\u4e0a\u9650\uff1a100%\uff0c\u4e0b\u9650\uff1a55%\uff0c\u63a7\u5236\u8f93\u51fa\uff1a57.0%\u4e00\u671f3\u53f7\u98ce\u673a\u8fd0\u884c\uff0c\u53cd\u9988\uff1a57%\uff0c\u4e0a\u9650\uff1a100%\uff0c\u4e0b\u9650\uff1a55%\uff0c\u63a7\u5236\u8f93\u51fa\uff1a57.0%\u4e8c\u671f\u751f\u7269\u6c60#\u5b9e\u65f6\uff1a\u4e8c\u671f\u6eb6\u89e3\u6c27\uff1a1.84mg/L\uff0c\u76ee\u6807\u503c\uff1a2mg/L#\u4e8c\u671f1\u53f7\u98ce\u673a\u8fd0\u884c\uff0c\u53cd\u9988\uff1a73%\uff0c\u4e0a\u9650\uff1a98%\uff0c\u4e0b\u9650\uff1a55%\uff0c\u63a7\u5236\u8f93\u51fa\uff1a74.5%\u4e8c\u671f3\u53f7\u98ce\u673a\u8fd0\u884c\uff0c\u53cd\u9988\uff1a73%\uff0c\u4e0a\u9650\uff1a98%\uff0c\u4e0b\u9650\uff1a55%\uff0c\u63a7\u5236\u8f93\u51fa\uff1a74.5%\u4e8c\u671f6\u53f7\u98ce\u673a\u8fd0\u884c\uff0c\u53cd\u9988\uff1a73%\uff0c\u4e0a\u9650\uff1a98%\uff0c\u4e0b\u9650\uff1a55%\uff0c\u63a7\u5236\u8f93\u51fa\uff1a74.5%"}
2026-06-08 08:53:01,610 - MQTTClient - 177 - DEBUG - Message published (mid=20744)
2026-06-08 08:55:01,688 - MQTTClient - 99 - DEBUG - Published: Rpc/ - {"\u865a\u62df\u8bbe\u5907": {"\u4e00\u671f1\u53f7\u98ce\u673a\u542f\u505c": 1}}
2026-06-08 08:55:01,688 - MQTTClient - 177 - DEBUG - Message published (mid=20745)
2026-06-08 08:55:01,690 - MQTTClient - 99 - DEBUG - Published: Rpc/ - {"\u865a\u62df\u8bbe\u5907": {"\u4e00\u671f2\u53f7\u98ce\u673a\u542f\u505c": 1}}
2026-06-08 08:55:01,690 - MQTTClient - 177 - DEBUG - Message published (mid=20746)
2026-06-08 08:55:01,692 - MQTTClient - 177 - DEBUG - Message published (mid=20747)
2026-06-08 08:55:01,692 - MQTTClient - 99 - DEBUG - Published: Rpc/ - {"\u865a\u62df\u8bbe\u5907": {"\u4e00\u671f3\u53f7\u98ce\u673a\u542f\u505c": 1}}
2026-06-08 08:55:01,694 - MQTTClient - 99 - DEBUG - Published: Rpc/ - {"\u865a\u62df\u8bbe\u5907": {"\u4e8c\u671f1\u53f7\u98ce\u673a\u542f\u505c": 1}}
2026-06-08 08:55:01,694 - MQTTClient - 177 - DEBUG - Message published (mid=20748)
2026-06-08 08:55:01,695 - MQTTClient - 99 - DEBUG - Published: Rpc/ - {"\u865a\u62df\u8bbe\u5907": {"\u4e8c\u671f1\u53f7\u98ce\u673aSV\u503c": 76.8}}
2026-06-08 08:55:01,695 - MQTTClient - 177 - DEBUG - Message published (mid=20749)
2026-06-08 08:55:01,696 - MQTTClient - 99 - DEBUG - Published: Rpc/ - {"\u865a\u62df\u8bbe\u5907": {"\u4e8c\u671f3\u53f7\u98ce\u673a\u542f\u505c": 1}}
2026-06-08 08:55:01,696 - MQTTClient - 177 - DEBUG - Message published (mid=20750)
2026-06-08 08:55:01,697 - MQTTClient - 99 - DEBUG - Published: Rpc/ - {"\u865a\u62df\u8bbe\u5907": {"\u4e8c\u671f3\u53f7\u98ce\u673aSV\u503c": 76.8}}
2026-06-08 08:55:01,697 - MQTTClient - 177 - DEBUG - Message published (mid=20751)
2026-06-08 08:55:01,698 - MQTTClient - 99 - DEBUG - Published: Rpc/ - {"\u865a\u62df\u8bbe\u5907": {"\u4e8c\u671f6\u53f7\u98ce\u673a\u542f\u505c": 1}}
2026-06-08 08:55:01,698 - MQTTClient - 177 - DEBUG - Message published (mid=20752)
2026-06-08 08:55:01,699 - MQTTClient - 99 - DEBUG - Published: Rpc/ - {"\u865a\u62df\u8bbe\u5907": {"\u4e8c\u671f6\u53f7\u98ce\u673aSV\u503c": 76.8}}
2026-06-08 08:55:01,700 - MQTTClient - 177 - DEBUG - Message published (mid=20753)
2026-06-08 08:55:01,700 - MQTTClient - 99 - DEBUG - Published: /idms/api/v1/createControlX - {"type": "\u66dd\u6c14\u667a\u80fd\u4f53", "time": "2026-06-08 08:55:01", "algorithmVersion": "v1.0.0", "controller": "\u9ec4\u5188AI\u7b97\u6cd5\u63a7\u5236", "outputCommand": "\u4e00\u671f\u751f\u7269\u6c60#\u5b9e\u65f6\uff1a\u4e00\u671f\u6eb6\u89e3\u6c27\uff1a2.4mg/L\uff0c\u76ee\u6807\u503c\uff1a2mg/L#\u4e00\u671f1\u53f7\u98ce\u673a\u8fd0\u884c\uff0c\u53cd\u9988\uff1a57%\uff0c\u4e0a\u9650\uff1a100%\uff0c\u4e0b\u9650\uff1a55%\uff0c\u63a7\u5236\u8f93\u51fa\uff1a57.0%\u4e00\u671f2\u53f7\u98ce\u673a\u8fd0\u884c\uff0c\u53cd\u9988\uff1a57%\uff0c\u4e0a\u9650\uff1a100%\uff0c\u4e0b\u9650\uff1a55%\uff0c\u63a7\u5236\u8f93\u51fa\uff1a57.0%\u4e00\u671f3\u53f7\u98ce\u673a\u8fd0\u884c\uff0c\u53cd\u9988\uff1a57%\uff0c\u4e0a\u9650\uff1a100%\uff0c\u4e0b\u9650\uff1a55%\uff0c\u63a7\u5236\u8f93\u51fa\uff1a57.0%\u4e8c\u671f\u751f\u7269\u6c60#\u5b9e\u65f6\uff1a\u4e8c\u671f\u6eb6\u89e3\u6c27\uff1a1.6mg/L\uff0c\u76ee\u6807\u503c\uff1a2mg/L#\u4e8c\u671f1\u53f7\u98ce\u673a\u8fd0\u884c\uff0c\u53cd\u9988\uff1a73%\uff0c\u4e0a\u9650\uff1a98%\uff0c\u4e0b\u9650\uff1a55%\uff0c\u63a7\u5236\u8f93\u51fa\uff1a76.8%\u4e8c\u671f3\u53f7\u98ce\u673a\u8fd0\u884c\uff0c\u53cd\u9988\uff1a73%\uff0c\u4e0a\u9650\uff1a98%\uff0c\u4e0b\u9650\uff1a55%\uff0c\u63a7\u5236\u8f93\u51fa\uff1a76.8%\u4e8c\u671f6\u53f7\u98ce\u673a\u8fd0\u884c\uff0c\u53cd\u9988\uff1a73%\uff0c\u4e0a\u9650\uff1a98%\uff0c\u4e0b\u9650\uff1a55%\uff0c\u63a7\u5236\u8f93\u51fa\uff1a76.8%"}
2026-06-08 08:55:01,700 - MQTTClient - 177 - DEBUG - Message published (mid=20754)
2026-06-08 08:57:01,799 - MQTTClient - 99 - DEBUG - Published: Rpc/ - {"\u865a\u62df\u8bbe\u5907": {"\u4e00\u671f1\u53f7\u98ce\u673a\u542f\u505c": 1}}
2026-06-08 08:57:01,799 - MQTTClient - 177 - DEBUG - Message published (mid=20755)
2026-06-08 08:57:01,802 - MQTTClient - 99 - DEBUG - Published: Rpc/ - {"\u865a\u62df\u8bbe\u5907": {"\u4e00\u671f2\u53f7\u98ce\u673a\u542f\u505c": 1}}
2026-06-08 08:57:01,802 - MQTTClient - 177 - DEBUG - Message published (mid=20756)
2026-06-08 08:57:01,805 - MQTTClient - 99 - DEBUG - Published: Rpc/ - {"\u865a\u62df\u8bbe\u5907": {"\u4e00\u671f3\u53f7\u98ce\u673a\u542f\u505c": 1}}
2026-06-08 08:57:01,805 - MQTTClient - 177 - DEBUG - Message published (mid=20757)
2026-06-08 08:57:01,807 - MQTTClient - 99 - DEBUG - Published: Rpc/ - {"\u865a\u62df\u8bbe\u5907": {"\u4e8c\u671f1\u53f7\u98ce\u673a\u542f\u505c": 1}}
2026-06-08 08:57:01,807 - MQTTClient - 177 - DEBUG - Message published (mid=20758)
2026-06-08 08:57:01,809 - MQTTClient - 99 - DEBUG - Published: Rpc/ - {"\u865a\u62df\u8bbe\u5907": {"\u4e8c\u671f1\u53f7\u98ce\u673aSV\u503c": 74.7}}
2026-06-08 08:57:01,809 - MQTTClient - 177 - DEBUG - Message published (mid=20759)
2026-06-08 08:57:01,809 - MQTTClient - 99 - DEBUG - Published: Rpc/ - {"\u865a\u62df\u8bbe\u5907": {"\u4e8c\u671f3\u53f7\u98ce\u673a\u542f\u505c": 1}}
2026-06-08 08:57:01,810 - MQTTClient - 177 - DEBUG - Message published (mid=20760)
2026-06-08 08:57:01,811 - MQTTClient - 177 - DEBUG - Message published (mid=20761)
2026-06-08 08:57:01,812 - MQTTClient - 99 - DEBUG - Published: Rpc/ - {"\u865a\u62df\u8bbe\u5907": {"\u4e8c\u671f3\u53f7\u98ce\u673aSV\u503c": 74.7}}
2026-06-08 08:57:01,812 - MQTTClient - 99 - DEBUG - Published: Rpc/ - {"\u865a\u62df\u8bbe\u5907": {"\u4e8c\u671f6\u53f7\u98ce\u673a\u542f\u505c": 1}}
2026-06-08 08:57:01,812 - MQTTClient - 177 - DEBUG - Message published (mid=20762)
2026-06-08 08:57:01,815 - MQTTClient - 99 - DEBUG - Published: Rpc/ - {"\u865a\u62df\u8bbe\u5907": {"\u4e8c\u671f6\u53f7\u98ce\u673aSV\u503c": 74.7}}
2026-06-08 08:57:01,815 - MQTTClient - 177 - DEBUG - Message published (mid=20763)
2026-06-08 08:57:01,817 - MQTTClient - 99 - DEBUG - Published: /idms/api/v1/createControlX - {"type": "\u66dd\u6c14\u667a\u80fd\u4f53", "time": "2026-06-08 08:57:01", "algorithmVersion": "v1.0.0", "controller": "\u9ec4\u5188AI\u7b97\u6cd5\u63a7\u5236", "outputCommand": "\u4e00\u671f\u751f\u7269\u6c60#\u5b9e\u65f6\uff1a\u4e00\u671f\u6eb6\u89e3\u6c27\uff1a2.25mg/L\uff0c\u76ee\u6807\u503c\uff1a2mg/L#\u4e00\u671f1\u53f7\u98ce\u673a\u8fd0\u884c\uff0c\u53cd\u9988\uff1a57%\uff0c\u4e0a\u9650\uff1a100%\uff0c\u4e0b\u9650\uff1a55%\uff0c\u63a7\u5236\u8f93\u51fa\uff1a57.0%\u4e00\u671f2\u53f7\u98ce\u673a\u8fd0\u884c\uff0c\u53cd\u9988\uff1a57%\uff0c\u4e0a\u9650\uff1a100%\uff0c\u4e0b\u9650\uff1a55%\uff0c\u63a7\u5236\u8f93\u51fa\uff1a57.0%\u4e00\u671f3\u53f7\u98ce\u673a\u8fd0\u884c\uff0c\u53cd\u9988\uff1a57%\uff0c\u4e0a\u9650\uff1a100%\uff0c\u4e0b\u9650\uff1a55%\uff0c\u63a7\u5236\u8f93\u51fa\uff1a57.0%\u4e8c\u671f\u751f\u7269\u6c60#\u5b9e\u65f6\uff1a\u4e8c\u671f\u6eb6\u89e3\u6c27\uff1a1.84mg/L\uff0c\u76ee\u6807\u503c\uff1a2mg/L#\u4e8c\u671f1\u53f7\u98ce\u673a\u8fd0\u884c\uff0c\u53cd\u9988\uff1a73%\uff0c\u4e0a\u9650\uff1a98%\uff0c\u4e0b\u9650\uff1a55%\uff0c\u63a7\u5236\u8f93\u51fa\uff1a74.7%\u4e8c\u671f3\u53f7\u98ce\u673a\u8fd0\u884c\uff0c\u53cd\u9988\uff1a73%\uff0c\u4e0a\u9650\uff1a98%\uff0c\u4e0b\u9650\uff1a55%\uff0c\u63a7\u5236\u8f93\u51fa\uff1a74.7%\u4e8c\u671f6\u53f7\u98ce\u673a\u8fd0\u884c\uff0c\u53cd\u9988\uff1a73%\uff0c\u4e0a\u9650\uff1a98%\uff0c\u4e0b\u9650\uff1a55%\uff0c\u63a7\u5236\u8f93\u51fa\uff1a74.7%"}
2026-06-08 08:57:01,818 - MQTTClient - 177 - DEBUG - Message published (mid=20764)
2026-06-08 08:59:01,898 - MQTTClient - 99 - DEBUG - Published: Rpc/ - {"\u865a\u62df\u8bbe\u5907": {"\u4e00\u671f1\u53f7\u98ce\u673a\u542f\u505c": 1}}
2026-06-08 08:59:01,898 - MQTTClient - 177 - DEBUG - Message published (mid=20765)
2026-06-08 08:59:01,901 - MQTTClient - 99 - DEBUG - Published: Rpc/ - {"\u865a\u62df\u8bbe\u5907": {"\u4e00\u671f2\u53f7\u98ce\u673a\u542f\u505c": 1}}
2026-06-08 08:59:01,901 - MQTTClient - 177 - DEBUG - Message published (mid=20766)
2026-06-08 08:59:01,903 - MQTTClient - 99 - DEBUG - Published: Rpc/ - {"\u865a\u62df\u8bbe\u5907": {"\u4e00\u671f3\u53f7\u98ce\u673a\u542f\u505c": 1}}
2026-06-08 08:59:01,903 - MQTTClient - 177 - DEBUG - Message published (mid=20767)
2026-06-08 08:59:01,905 - MQTTClient - 99 - DEBUG - Published: Rpc/ - {"\u865a\u62df\u8bbe\u5907": {"\u4e8c\u671f1\u53f7\u98ce\u673a\u542f\u505c": 1}}
2026-06-08 08:59:01,906 - MQTTClient - 177 - DEBUG - Message published (mid=20768)
2026-06-08 08:59:01,908 - MQTTClient - 99 - DEBUG - Published: Rpc/ - {"\u865a\u62df\u8bbe\u5907": {"\u4e8c\u671f1\u53f7\u98ce\u673aSV\u503c": 75.6}}
2026-06-08 08:59:01,908 - MQTTClient - 177 - DEBUG - Message published (mid=20769)
2026-06-08 08:59:01,908 - MQTTClient - 99 - DEBUG - Published: Rpc/ - {"\u865a\u62df\u8bbe\u5907": {"\u4e8c\u671f3\u53f7\u98ce\u673a\u542f\u505c": 1}}
2026-06-08 08:59:01,909 - MQTTClient - 177 - DEBUG - Message published (mid=20770)
2026-06-08 08:59:01,911 - MQTTClient - 99 - DEBUG - Published: Rpc/ - {"\u865a\u62df\u8bbe\u5907": {"\u4e8c\u671f3\u53f7\u98ce\u673aSV\u503c": 75.6}}
2026-06-08 08:59:01,911 - MQTTClient - 177 - DEBUG - Message published (mid=20771)
2026-06-08 08:59:01,911 - MQTTClient - 99 - DEBUG - Published: Rpc/ - {"\u865a\u62df\u8bbe\u5907": {"\u4e8c\u671f6\u53f7\u98ce\u673a\u542f\u505c": 1}}
2026-06-08 08:59:01,911 - MQTTClient - 177 - DEBUG - Message published (mid=20772)
2026-06-08 08:59:01,913 - MQTTClient - 99 - DEBUG - Published: Rpc/ - {"\u865a\u62df\u8bbe\u5907": {"\u4e8c\u671f6\u53f7\u98ce\u673aSV\u503c": 75.6}}
2026-06-08 08:59:01,913 - MQTTClient - 177 - DEBUG - Message published (mid=20773)
2026-06-08 08:59:01,913 - MQTTClient - 99 - DEBUG - Published: /idms/api/v1/createControlX - {"type": "\u66dd\u6c14\u667a\u80fd\u4f53", "time": "2026-06-08 08:59:01", "algorithmVersion": "v1.0.0", "controller": "\u9ec4\u5188AI\u7b97\u6cd5\u63a7\u5236", "outputCommand": "\u4e00\u671f\u751f\u7269\u6c60#\u5b9e\u65f6\uff1a\u4e00\u671f\u6eb6\u89e3\u6c27\uff1a2.01mg/L\uff0c\u76ee\u6807\u503c\uff1a2mg/L#\u4e00\u671f1\u53f7\u98ce\u673a\u8fd0\u884c\uff0c\u53cd\u9988\uff1a57%\uff0c\u4e0a\u9650\uff1a100%\uff0c\u4e0b\u9650\uff1a55%\uff0c\u63a7\u5236\u8f93\u51fa\uff1a57.0%\u4e00\u671f2\u53f7\u98ce\u673a\u8fd0\u884c\uff0c\u53cd\u9988\uff1a57%\uff0c\u4e0a\u9650\uff1a100%\uff0c\u4e0b\u9650\uff1a55%\uff0c\u63a7\u5236\u8f93\u51fa\uff1a57.0%\u4e00\u671f3\u53f7\u98ce\u673a\u8fd0\u884c\uff0c\u53cd\u9988\uff1a57%\uff0c\u4e0a\u9650\uff1a100%\uff0c\u4e0b\u9650\uff1a55%\uff0c\u63a7\u5236\u8f93\u51fa\uff1a57.0%\u4e8c\u671f\u751f\u7269\u6c60#\u5b9e\u65f6\uff1a\u4e8c\u671f\u6eb6\u89e3\u6c27\uff1a1.71mg/L\uff0c\u76ee\u6807\u503c\uff1a2mg/L#\u4e8c\u671f1\u53f7\u98ce\u673a\u8fd0\u884c\uff0c\u53cd\u9988\uff1a73%\uff0c\u4e0a\u9650\uff1a98%\uff0c\u4e0b\u9650\uff1a55%\uff0c\u63a7\u5236\u8f93\u51fa\uff1a75.6%\u4e8c\u671f3\u53f7\u98ce\u673a\u8fd0\u884c\uff0c\u53cd\u9988\uff1a73%\uff0c\u4e0a\u9650\uff1a98%\uff0c\u4e0b\u9650\uff1a55%\uff0c\u63a7\u5236\u8f93\u51fa\uff1a75.6%\u4e8c\u671f6\u53f7\u98ce\u673a\u8fd0\u884c\uff0c\u53cd\u9988\uff1a73%\uff0c\u4e0a\u9650\uff1a98%\uff0c\u4e0b\u9650\uff1a55%\uff0c\u63a7\u5236\u8f93\u51fa\uff1a75.6%"}
2026-06-08 08:59:01,914 - MQTTClient - 177 - DEBUG - Message published (mid=20774)
2026-06-08 09:01:02,005 - MQTTClient - 99 - DEBUG - Published: Rpc/ - {"\u865a\u62df\u8bbe\u5907": {"\u4e00\u671f1\u53f7\u98ce\u673a\u542f\u505c": 1}}
2026-06-08 09:01:02,006 - MQTTClient - 177 - DEBUG - Message published (mid=20775)
2026-06-08 09:01:02,009 - MQTTClient - 99 - DEBUG - Published: Rpc/ - {"\u865a\u62df\u8bbe\u5907": {"\u4e00\u671f2\u53f7\u98ce\u673a\u542f\u505c": 1}}
2026-06-08 09:01:02,009 - MQTTClient - 177 - DEBUG - Message published (mid=20776)
2026-06-08 09:01:02,011 - MQTTClient - 99 - DEBUG - Published: Rpc/ - {"\u865a\u62df\u8bbe\u5907": {"\u4e00\u671f3\u53f7\u98ce\u673a\u542f\u505c": 1}}
2026-06-08 09:01:02,011 - MQTTClient - 177 - DEBUG - Message published (mid=20777)
2026-06-08 09:01:02,013 - MQTTClient - 99 - DEBUG - Published: Rpc/ - {"\u865a\u62df\u8bbe\u5907": {"\u4e8c\u671f1\u53f7\u98ce\u673a\u542f\u505c": 1}}
2026-06-08 09:01:02,014 - MQTTClient - 177 - DEBUG - Message published (mid=20778)
2026-06-08 09:01:02,016 - MQTTClient - 99 - DEBUG - Published: Rpc/ - {"\u865a\u62df\u8bbe\u5907": {"\u4e8c\u671f3\u53f7\u98ce\u673a\u542f\u505c": 1}}
2026-06-08 09:01:02,016 - MQTTClient - 177 - DEBUG - Message published (mid=20779)
2026-06-08 09:01:02,018 - MQTTClient - 99 - DEBUG - Published: Rpc/ - {"\u865a\u62df\u8bbe\u5907": {"\u4e8c\u671f6\u53f7\u98ce\u673a\u542f\u505c": 1}}
2026-06-08 09:01:02,019 - MQTTClient - 177 - DEBUG - Message published (mid=20780)
2026-06-08 09:01:02,020 - MQTTClient - 99 - DEBUG - Published: /idms/api/v1/createControlX - {"type": "\u66dd\u6c14\u667a\u80fd\u4f53", "time": "2026-06-08 09:01:02", "algorithmVersion": "v1.0.0", "controller": "\u9ec4\u5188AI\u7b97\u6cd5\u63a7\u5236", "outputCommand": "\u4e00\u671f\u751f\u7269\u6c60#\u5b9e\u65f6\uff1a\u4e00\u671f\u6eb6\u89e3\u6c27\uff1a2.05mg/L\uff0c\u76ee\u6807\u503c\uff1a2mg/L#\u4e00\u671f1\u53f7\u98ce\u673a\u8fd0\u884c\uff0c\u53cd\u9988\uff1a57%\uff0c\u4e0a\u9650\uff1a100%\uff0c\u4e0b\u9650\uff1a55%\uff0c\u63a7\u5236\u8f93\u51fa\uff1a57.0%\u4e00\u671f2\u53f7\u98ce\u673a\u8fd0\u884c\uff0c\u53cd\u9988\uff1a57%\uff0c\u4e0a\u9650\uff1a100%\uff0c\u4e0b\u9650\uff1a55%\uff0c\u63a7\u5236\u8f93\u51fa\uff1a57.0%\u4e00\u671f3\u53f7\u98ce\u673a\u8fd0\u884c\uff0c\u53cd\u9988\uff1a57%\uff0c\u4e0a\u9650\uff1a100%\uff0c\u4e0b\u9650\uff1a55%\uff0c\u63a7\u5236\u8f93\u51fa\uff1a57.0%\u4e8c\u671f\u751f\u7269\u6c60#\u5b9e\u65f6\uff1a\u4e8c\u671f\u6eb6\u89e3\u6c27\uff1a1.93mg/L\uff0c\u76ee\u6807\u503c\uff1a2mg/L#\u4e8c\u671f1\u53f7\u98ce\u673a\u8fd0\u884c\uff0c\u53cd\u9988\uff1a73%\uff0c\u4e0a\u9650\uff1a98%\uff0c\u4e0b\u9650\uff1a55%\uff0c\u63a7\u5236\u8f93\u51fa\uff1a73.0%\u4e8c\u671f3\u53f7\u98ce\u673a\u8fd0\u884c\uff0c\u53cd\u9988\uff1a73%\uff0c\u4e0a\u9650\uff1a98%\uff0c\u4e0b\u9650\uff1a55%\uff0c\u63a7\u5236\u8f93\u51fa\uff1a73.0%\u4e8c\u671f6\u53f7\u98ce\u673a\u8fd0\u884c\uff0c\u53cd\u9988\uff1a73%\uff0c\u4e0a\u9650\uff1a98%\uff0c\u4e0b\u9650\uff1a55%\uff0c\u63a7\u5236\u8f93\u51fa\uff1a73.0%"}
2026-06-08 09:01:02,020 - MQTTClient - 177 - DEBUG - Message published (mid=20781)
2026-06-08 09:01:59,025 - MQTTClient - 141 - DEBUG - Connected to 10.7.7.62 successfully
2026-06-08 09:01:59,138 - MQTTClient - 174 - DEBUG - Subscribed with QOS: (0,)
2026-06-08 09:03:02,138 - MQTTClient - 177 - DEBUG - Message published (mid=20783)
2026-06-08 09:03:02,138 - MQTTClient - 99 - DEBUG - Published: Rpc/ - {"\u865a\u62df\u8bbe\u5907": {"\u4e00\u671f1\u53f7\u98ce\u673a\u542f\u505c": 1}}
2026-06-08 09:03:02,145 - MQTTClient - 177 - DEBUG - Message published (mid=20784)
2026-06-08 09:03:02,146 - MQTTClient - 99 - DEBUG - Published: Rpc/ - {"\u865a\u62df\u8bbe\u5907": {"\u4e00\u671f2\u53f7\u98ce\u673a\u542f\u505c": 1}}
2026-06-08 09:03:02,159 - MQTTClient - 177 - DEBUG - Message published (mid=20785)
2026-06-08 09:03:02,159 - MQTTClient - 99 - DEBUG - Published: Rpc/ - {"\u865a\u62df\u8bbe\u5907": {"\u4e00\u671f3\u53f7\u98ce\u673a\u542f\u505c": 1}}
2026-06-08 09:03:02,166 - MQTTClient - 99 - DEBUG - Published: Rpc/ - {"\u865a\u62df\u8bbe\u5907": {"\u4e8c\u671f1\u53f7\u98ce\u673a\u542f\u505c": 1}}
2026-06-08 09:03:02,166 - MQTTClient - 177 - DEBUG - Message published (mid=20786)
2026-06-08 09:03:02,172 - MQTTClient - 177 - DEBUG - Message published (mid=20787)
2026-06-08 09:03:02,172 - MQTTClient - 99 - DEBUG - Published: Rpc/ - {"\u865a\u62df\u8bbe\u5907": {"\u4e8c\u671f3\u53f7\u98ce\u673a\u542f\u505c": 1}}
2026-06-08 09:03:02,177 - MQTTClient - 99 - DEBUG - Published: Rpc/ - {"\u865a\u62df\u8bbe\u5907": {"\u4e8c\u671f6\u53f7\u98ce\u673a\u542f\u505c": 1}}
2026-06-08 09:03:02,178 - MQTTClient - 177 - DEBUG - Message published (mid=20788)
2026-06-08 09:03:02,180 - MQTTClient - 99 - DEBUG - Published: /idms/api/v1/createControlX - {"type": "\u66dd\u6c14\u667a\u80fd\u4f53", "time": "2026-06-08 09:03:02", "algorithmVersion": "v1.0.0", "controller": "\u9ec4\u5188AI\u7b97\u6cd5\u63a7\u5236", "outputCommand": "\u4e00\u671f\u751f\u7269\u6c60#\u5b9e\u65f6\uff1a\u4e00\u671f\u6eb6\u89e3\u6c27\uff1a2.42mg/L\uff0c\u76ee\u6807\u503c\uff1a2mg/L#\u4e00\u671f1\u53f7\u98ce\u673a\u8fd0\u884c\uff0c\u53cd\u9988\uff1a57%\uff0c\u4e0a\u9650\uff1a100%\uff0c\u4e0b\u9650\uff1a55%\uff0c\u63a7\u5236\u8f93\u51fa\uff1a57.0%\u4e00\u671f2\u53f7\u98ce\u673a\u8fd0\u884c\uff0c\u53cd\u9988\uff1a57%\uff0c\u4e0a\u9650\uff1a100%\uff0c\u4e0b\u9650\uff1a55%\uff0c\u63a7\u5236\u8f93\u51fa\uff1a57.0%\u4e00\u671f3\u53f7\u98ce\u673a\u8fd0\u884c\uff0c\u53cd\u9988\uff1a57%\uff0c\u4e0a\u9650\uff1a100%\uff0c\u4e0b\u9650\uff1a55%\uff0c\u63a7\u5236\u8f93\u51fa\uff1a57.0%\u4e8c\u671f\u751f\u7269\u6c60#\u5b9e\u65f6\uff1a\u4e8c\u671f\u6eb6\u89e3\u6c27\uff1a2.02mg/L\uff0c\u76ee\u6807\u503c\uff1a2mg/L#\u4e8c\u671f1\u53f7\u98ce\u673a\u8fd0\u884c\uff0c\u53cd\u9988\uff1a73%\uff0c\u4e0a\u9650\uff1a98%\uff0c\u4e0b\u9650\uff1a55%\uff0c\u63a7\u5236\u8f93\u51fa\uff1a73.0%\u4e8c\u671f3\u53f7\u98ce\u673a\u8fd0\u884c\uff0c\u53cd\u9988\uff1a73%\uff0c\u4e0a\u9650\uff1a98%\uff0c\u4e0b\u9650\uff1a55%\uff0c\u63a7\u5236\u8f93\u51fa\uff1a73.0%\u4e8c\u671f6\u53f7\u98ce\u673a\u8fd0\u884c\uff0c\u53cd\u9988\uff1a73%\uff0c\u4e0a\u9650\uff1a98%\uff0c\u4e0b\u9650\uff1a55%\uff0c\u63a7\u5236\u8f93\u51fa\uff1a73.0%"}
2026-06-08 09:03:02,180 - MQTTClient - 177 - DEBUG - Message published (mid=20789)
2026-06-08 09:05:02,413 - MQTTClient - 99 - DEBUG - Published: Rpc/ - {"\u865a\u62df\u8bbe\u5907": {"\u4e00\u671f1\u53f7\u98ce\u673a\u542f\u505c": 1}}
2026-06-08 09:05:02,423 - MQTTClient - 99 - DEBUG - Published: Rpc/ - {"\u865a\u62df\u8bbe\u5907": {"\u4e00\u671f1\u53f7\u98ce\u673aSV\u503c": 55.0}}
2026-06-08 09:05:02,425 - MQTTClient - 99 - DEBUG - Published: Rpc/ - {"\u865a\u62df\u8bbe\u5907": {"\u4e00\u671f2\u53f7\u98ce\u673a\u542f\u505c": 1}}
2026-06-08 09:05:02,432 - MQTTClient - 99 - DEBUG - Published: Rpc/ - {"\u865a\u62df\u8bbe\u5907": {"\u4e00\u671f2\u53f7\u98ce\u673aSV\u503c": 55.0}}
2026-06-08 09:05:02,433 - MQTTClient - 99 - DEBUG - Published: Rpc/ - {"\u865a\u62df\u8bbe\u5907": {"\u4e00\u671f3\u53f7\u98ce\u673a\u542f\u505c": 1}}
2026-06-08 09:05:02,447 - MQTTClient - 99 - DEBUG - Published: Rpc/ - {"\u865a\u62df\u8bbe\u5907": {"\u4e00\u671f3\u53f7\u98ce\u673aSV\u503c": 55.0}}
2026-06-08 09:05:02,448 - MQTTClient - 99 - DEBUG - Published: Rpc/ - {"\u865a\u62df\u8bbe\u5907": {"\u4e8c\u671f1\u53f7\u98ce\u673a\u542f\u505c": 1}}
2026-06-08 09:05:02,457 - MQTTClient - 99 - DEBUG - Published: Rpc/ - {"\u865a\u62df\u8bbe\u5907": {"\u4e8c\u671f3\u53f7\u98ce\u673a\u542f\u505c": 1}}
2026-06-08 09:05:02,461 - MQTTClient - 99 - DEBUG - Published: Rpc/ - {"\u865a\u62df\u8bbe\u5907": {"\u4e8c\u671f6\u53f7\u98ce\u673a\u542f\u505c": 1}}
2026-06-08 09:05:02,473 - MQTTClient - 99 - DEBUG - Published: /idms/api/v1/createControlX - {"type": "\u66dd\u6c14\u667a\u80fd\u4f53", "time": "2026-06-08 09:05:02", "algorithmVersion": "v1.0.0", "controller": "\u9ec4\u5188AI\u7b97\u6cd5\u63a7\u5236", "outputCommand": "\u4e00\u671f\u751f\u7269\u6c60#\u5b9e\u65f6\uff1a\u4e00\u671f\u6eb6\u89e3\u6c27\uff1a2.46mg/L\uff0c\u76ee\u6807\u503c\uff1a2mg/L#\u4e00\u671f1\u53f7\u98ce\u673a\u8fd0\u884c\uff0c\u53cd\u9988\uff1a57%\uff0c\u4e0a\u9650\uff1a100%\uff0c\u4e0b\u9650\uff1a55%\uff0c\u63a7\u5236\u8f93\u51fa\uff1a55.0%\u4e00\u671f2\u53f7\u98ce\u673a\u8fd0\u884c\uff0c\u53cd\u9988\uff1a57%\uff0c\u4e0a\u9650\uff1a100%\uff0c\u4e0b\u9650\uff1a55%\uff0c\u63a7\u5236\u8f93\u51fa\uff1a55.0%\u4e00\u671f3\u53f7\u98ce\u673a\u8fd0\u884c\uff0c\u53cd\u9988\uff1a57%\uff0c\u4e0a\u9650\uff1a100%\uff0c\u4e0b\u9650\uff1a55%\uff0c\u63a7\u5236\u8f93\u51fa\uff1a55.0%\u4e8c\u671f\u751f\u7269\u6c60#\u5b9e\u65f6\uff1a\u4e8c\u671f\u6eb6\u89e3\u6c27\uff1a1.99mg/L\uff0c\u76ee\u6807\u503c\uff1a2mg/L#\u4e8c\u671f1\u53f7\u98ce\u673a\u8fd0\u884c\uff0c\u53cd\u9988\uff1a73%\uff0c\u4e0a\u9650\uff1a98%\uff0c\u4e0b\u9650\uff1a55%\uff0c\u63a7\u5236\u8f93\u51fa\uff1a73.0%\u4e8c\u671f3\u53f7\u98ce\u673a\u8fd0\u884c\uff0c\u53cd\u9988\uff1a73%\uff0c\u4e0a\u9650\uff1a98%\uff0c\u4e0b\u9650\uff1a55%\uff0c\u63a7\u5236\u8f93\u51fa\uff1a73.0%\u4e8c\u671f6\u53f7\u98ce\u673a\u8fd0\u884c\uff0c\u53cd\u9988\uff1a73%\uff0c\u4e0a\u9650\uff1a98%\uff0c\u4e0b\u9650\uff1a55%\uff0c\u63a7\u5236\u8f93\u51fa\uff1a73.0%"}
2026-06-08 09:05:48,365 - MQTTClient - 141 - DEBUG - Connected to 10.7.7.62 successfully
2026-06-08 09:05:48,502 - MQTTClient - 174 - DEBUG - Subscribed with QOS: (0,)
2026-06-08 09:07:02,740 - MQTTClient - 177 - DEBUG - Message published (mid=20801)
2026-06-08 09:07:02,741 - MQTTClient - 99 - DEBUG - Published: Rpc/ - {"\u865a\u62df\u8bbe\u5907": {"\u4e00\u671f1\u53f7\u98ce\u673a\u542f\u505c": 1}}
2026-06-08 09:07:02,748 - MQTTClient - 99 - DEBUG - Published: Rpc/ - {"\u865a\u62df\u8bbe\u5907": {"\u4e00\u671f1\u53f7\u98ce\u673aSV\u503c": 55.0}}
2026-06-08 09:07:02,748 - MQTTClient - 177 - DEBUG - Message published (mid=20802)
2026-06-08 09:07:02,749 - MQTTClient - 99 - DEBUG - Published: Rpc/ - {"\u865a\u62df\u8bbe\u5907": {"\u4e00\u671f2\u53f7\u98ce\u673a\u542f\u505c": 1}}
2026-06-08 09:07:02,751 - MQTTClient - 177 - DEBUG - Message published (mid=20803)
2026-06-08 09:07:02,755 - MQTTClient - 177 - DEBUG - Message published (mid=20804)
2026-06-08 09:07:02,755 - MQTTClient - 99 - DEBUG - Published: Rpc/ - {"\u865a\u62df\u8bbe\u5907": {"\u4e00\u671f2\u53f7\u98ce\u673aSV\u503c": 55.0}}
2026-06-08 09:07:02,756 - MQTTClient - 177 - DEBUG - Message published (mid=20805)
2026-06-08 09:07:02,756 - MQTTClient - 99 - DEBUG - Published: Rpc/ - {"\u865a\u62df\u8bbe\u5907": {"\u4e00\u671f3\u53f7\u98ce\u673a\u542f\u505c": 1}}
2026-06-08 09:07:02,762 - MQTTClient - 99 - DEBUG - Published: Rpc/ - {"\u865a\u62df\u8bbe\u5907": {"\u4e00\u671f3\u53f7\u98ce\u673aSV\u503c": 55.0}}
2026-06-08 09:07:02,762 - MQTTClient - 177 - DEBUG - Message published (mid=20806)
2026-06-08 09:07:02,764 - MQTTClient - 99 - DEBUG - Published: Rpc/ - {"\u865a\u62df\u8bbe\u5907": {"\u4e8c\u671f1\u53f7\u98ce\u673a\u542f\u505c": 1}}
2026-06-08 09:07:02,765 - MQTTClient - 177 - DEBUG - Message published (mid=20807)
2026-06-08 09:07:02,785 - MQTTClient - 177 - DEBUG - Message published (mid=20808)
2026-06-08 09:07:02,785 - MQTTClient - 99 - DEBUG - Published: Rpc/ - {"\u865a\u62df\u8bbe\u5907": {"\u4e8c\u671f3\u53f7\u98ce\u673a\u542f\u505c": 1}}
2026-06-08 09:07:02,789 - MQTTClient - 99 - DEBUG - Published: Rpc/ - {"\u865a\u62df\u8bbe\u5907": {"\u4e8c\u671f6\u53f7\u98ce\u673a\u542f\u505c": 1}}
2026-06-08 09:07:02,790 - MQTTClient - 177 - DEBUG - Message published (mid=20809)
2026-06-08 09:07:02,795 - MQTTClient - 99 - DEBUG - Published: /idms/api/v1/createControlX - {"type": "\u66dd\u6c14\u667a\u80fd\u4f53", "time": "2026-06-08 09:07:02", "algorithmVersion": "v1.0.0", "controller": "\u9ec4\u5188AI\u7b97\u6cd5\u63a7\u5236", "outputCommand": "\u4e00\u671f\u751f\u7269\u6c60#\u5b9e\u65f6\uff1a\u4e00\u671f\u6eb6\u89e3\u6c27\uff1a2.46mg/L\uff0c\u76ee\u6807\u503c\uff1a2mg/L#\u4e00\u671f1\u53f7\u98ce\u673a\u8fd0\u884c\uff0c\u53cd\u9988\uff1a57%\uff0c\u4e0a\u9650\uff1a100%\uff0c\u4e0b\u9650\uff1a55%\uff0c\u63a7\u5236\u8f93\u51fa\uff1a55.0%\u4e00\u671f2\u53f7\u98ce\u673a\u8fd0\u884c\uff0c\u53cd\u9988\uff1a57%\uff0c\u4e0a\u9650\uff1a100%\uff0c\u4e0b\u9650\uff1a55%\uff0c\u63a7\u5236\u8f93\u51fa\uff1a55.0%\u4e00\u671f3\u53f7\u98ce\u673a\u8fd0\u884c\uff0c\u53cd\u9988\uff1a57%\uff0c\u4e0a\u9650\uff1a100%\uff0c\u4e0b\u9650\uff1a55%\uff0c\u63a7\u5236\u8f93\u51fa\uff1a55.0%\u4e8c\u671f\u751f\u7269\u6c60#\u5b9e\u65f6\uff1a\u4e8c\u671f\u6eb6\u89e3\u6c27\uff1a1.99mg/L\uff0c\u76ee\u6807\u503c\uff1a2mg/L#\u4e8c\u671f1\u53f7\u98ce\u673a\u8fd0\u884c\uff0c\u53cd\u9988\uff1a73%\uff0c\u4e0a\u9650\uff1a98%\uff0c\u4e0b\u9650\uff1a55%\uff0c\u63a7\u5236\u8f93\u51fa\uff1a73.0%\u4e8c\u671f3\u53f7\u98ce\u673a\u8fd0\u884c\uff0c\u53cd\u9988\uff1a73%\uff0c\u4e0a\u9650\uff1a98%\uff0c\u4e0b\u9650\uff1a55%\uff0c\u63a7\u5236\u8f93\u51fa\uff1a73.0%\u4e8c\u671f6\u53f7\u98ce\u673a\u8fd0\u884c\uff0c\u53cd\u9988\uff1a73%\uff0c\u4e0a\u9650\uff1a98%\uff0c\u4e0b\u9650\uff1a55%\uff0c\u63a7\u5236\u8f93\u51fa\uff1a73.0%"}
2026-06-08 09:07:02,795 - MQTTClient - 177 - DEBUG - Message published (mid=20810)
2026-06-08 09:07:22,079 - MQTTClient - 141 - DEBUG - Connected to 10.7.7.62 successfully
2026-06-08 09:07:22,262 - MQTTClient - 174 - DEBUG - Subscribed with QOS: (0,)
2026-06-08 09:09:02,911 - MQTTClient - 99 - DEBUG - Published: Rpc/ - {"\u865a\u62df\u8bbe\u5907": {"\u4e00\u671f1\u53f7\u98ce\u673a\u542f\u505c": 1}}
2026-06-08 09:09:02,911 - MQTTClient - 177 - DEBUG - Message published (mid=20812)
2026-06-08 09:09:02,914 - MQTTClient - 99 - DEBUG - Published: Rpc/ - {"\u865a\u62df\u8bbe\u5907": {"\u4e00\u671f1\u53f7\u98ce\u673aSV\u503c": 55.0}}
2026-06-08 09:09:02,914 - MQTTClient - 177 - DEBUG - Message published (mid=20813)
2026-06-08 09:09:02,914 - MQTTClient - 99 - DEBUG - Published: Rpc/ - {"\u865a\u62df\u8bbe\u5907": {"\u4e00\u671f2\u53f7\u98ce\u673a\u542f\u505c": 1}}
2026-06-08 09:09:02,915 - MQTTClient - 177 - DEBUG - Message published (mid=20814)
2026-06-08 09:09:02,917 - MQTTClient - 99 - DEBUG - Published: Rpc/ - {"\u865a\u62df\u8bbe\u5907": {"\u4e00\u671f2\u53f7\u98ce\u673aSV\u503c": 55.0}}
2026-06-08 09:09:02,917 - MQTTClient - 177 - DEBUG - Message published (mid=20815)
2026-06-08 09:09:02,918 - MQTTClient - 99 - DEBUG - Published: Rpc/ - {"\u865a\u62df\u8bbe\u5907": {"\u4e00\u671f3\u53f7\u98ce\u673a\u542f\u505c": 1}}
2026-06-08 09:09:02,919 - MQTTClient - 177 - DEBUG - Message published (mid=20816)
2026-06-08 09:09:02,921 - MQTTClient - 177 - DEBUG - Message published (mid=20817)
2026-06-08 09:09:02,921 - MQTTClient - 99 - DEBUG - Published: Rpc/ - {"\u865a\u62df\u8bbe\u5907": {"\u4e00\u671f3\u53f7\u98ce\u673aSV\u503c": 55.0}}
2026-06-08 09:09:02,921 - MQTTClient - 99 - DEBUG - Published: Rpc/ - {"\u865a\u62df\u8bbe\u5907": {"\u4e8c\u671f1\u53f7\u98ce\u673a\u542f\u505c": 1}}
2026-06-08 09:09:02,922 - MQTTClient - 177 - DEBUG - Message published (mid=20818)
2026-06-08 09:09:02,924 - MQTTClient - 99 - DEBUG - Published: Rpc/ - {"\u865a\u62df\u8bbe\u5907": {"\u4e8c\u671f3\u53f7\u98ce\u673a\u542f\u505c": 1}}
2026-06-08 09:09:02,924 - MQTTClient - 177 - DEBUG - Message published (mid=20819)
2026-06-08 09:09:02,927 - MQTTClient - 177 - DEBUG - Message published (mid=20820)
2026-06-08 09:09:02,927 - MQTTClient - 99 - DEBUG - Published: Rpc/ - {"\u865a\u62df\u8bbe\u5907": {"\u4e8c\u671f6\u53f7\u98ce\u673a\u542f\u505c": 1}}
2026-06-08 09:09:02,931 - MQTTClient - 177 - DEBUG - Message published (mid=20821)
2026-06-08 09:09:02,931 - MQTTClient - 99 - DEBUG - Published: /idms/api/v1/createControlX - {"type": "\u66dd\u6c14\u667a\u80fd\u4f53", "time": "2026-06-08 09:09:02", "algorithmVersion": "v1.0.0", "controller": "\u9ec4\u5188AI\u7b97\u6cd5\u63a7\u5236", "outputCommand": "\u4e00\u671f\u751f\u7269\u6c60#\u5b9e\u65f6\uff1a\u4e00\u671f\u6eb6\u89e3\u6c27\uff1a2.46mg/L\uff0c\u76ee\u6807\u503c\uff1a2mg/L#\u4e00\u671f1\u53f7\u98ce\u673a\u8fd0\u884c\uff0c\u53cd\u9988\uff1a57%\uff0c\u4e0a\u9650\uff1a100%\uff0c\u4e0b\u9650\uff1a55%\uff0c\u63a7\u5236\u8f93\u51fa\uff1a55.0%\u4e00\u671f2\u53f7\u98ce\u673a\u8fd0\u884c\uff0c\u53cd\u9988\uff1a57%\uff0c\u4e0a\u9650\uff1a100%\uff0c\u4e0b\u9650\uff1a55%\uff0c\u63a7\u5236\u8f93\u51fa\uff1a55.0%\u4e00\u671f3\u53f7\u98ce\u673a\u8fd0\u884c\uff0c\u53cd\u9988\uff1a57%\uff0c\u4e0a\u9650\uff1a100%\uff0c\u4e0b\u9650\uff1a55%\uff0c\u63a7\u5236\u8f93\u51fa\uff1a55.0%\u4e8c\u671f\u751f\u7269\u6c60#\u5b9e\u65f6\uff1a\u4e8c\u671f\u6eb6\u89e3\u6c27\uff1a2mg/L\uff0c\u76ee\u6807\u503c\uff1a2mg/L#\u4e8c\u671f1\u53f7\u98ce\u673a\u8fd0\u884c\uff0c\u53cd\u9988\uff1a73%\uff0c\u4e0a\u9650\uff1a98%\uff0c\u4e0b\u9650\uff1a55%\uff0c\u63a7\u5236\u8f93\u51fa\uff1a73.0%\u4e8c\u671f3\u53f7\u98ce\u673a\u8fd0\u884c\uff0c\u53cd\u9988\uff1a73%\uff0c\u4e0a\u9650\uff1a98%\uff0c\u4e0b\u9650\uff1a55%\uff0c\u63a7\u5236\u8f93\u51fa\uff1a73.0%\u4e8c\u671f6\u53f7\u98ce\u673a\u8fd0\u884c\uff0c\u53cd\u9988\uff1a73%\uff0c\u4e0a\u9650\uff1a98%\uff0c\u4e0b\u9650\uff1a55%\uff0c\u63a7\u5236\u8f93\u51fa\uff1a73.0%"}
2026-06-08 09:09:35,636 - MQTTClient - 141 - DEBUG - Connected to 10.7.7.62 successfully
2026-06-08 09:09:36,089 - MQTTClient - 174 - DEBUG - Subscribed with QOS: (0,)
2026-06-08 09:11:03,105 - MQTTClient - 99 - DEBUG - Published: Rpc/ - {"\u865a\u62df\u8bbe\u5907": {"\u4e00\u671f1\u53f7\u98ce\u673a\u542f\u505c": 1}}
2026-06-08 09:11:03,105 - MQTTClient - 177 - DEBUG - Message published (mid=20823)
2026-06-08 09:11:03,108 - MQTTClient - 177 - DEBUG - Message published (mid=20824)
2026-06-08 09:11:03,108 - MQTTClient - 99 - DEBUG - Published: Rpc/ - {"\u865a\u62df\u8bbe\u5907": {"\u4e00\u671f1\u53f7\u98ce\u673aSV\u503c": 55.0}}
2026-06-08 09:11:03,110 - MQTTClient - 99 - DEBUG - Published: Rpc/ - {"\u865a\u62df\u8bbe\u5907": {"\u4e00\u671f2\u53f7\u98ce\u673a\u542f\u505c": 1}}
2026-06-08 09:11:03,110 - MQTTClient - 177 - DEBUG - Message published (mid=20825)
2026-06-08 09:11:03,114 - MQTTClient - 177 - DEBUG - Message published (mid=20826)
2026-06-08 09:11:03,114 - MQTTClient - 99 - DEBUG - Published: Rpc/ - {"\u865a\u62df\u8bbe\u5907": {"\u4e00\u671f2\u53f7\u98ce\u673aSV\u503c": 55.0}}
2026-06-08 09:11:03,117 - MQTTClient - 177 - DEBUG - Message published (mid=20827)
2026-06-08 09:11:03,117 - MQTTClient - 99 - DEBUG - Published: Rpc/ - {"\u865a\u62df\u8bbe\u5907": {"\u4e00\u671f3\u53f7\u98ce\u673a\u542f\u505c": 1}}
2026-06-08 09:11:03,123 - MQTTClient - 177 - DEBUG - Message published (mid=20828)
2026-06-08 09:11:03,124 - MQTTClient - 99 - DEBUG - Published: Rpc/ - {"\u865a\u62df\u8bbe\u5907": {"\u4e00\u671f3\u53f7\u98ce\u673aSV\u503c": 55.0}}
2026-06-08 09:11:03,125 - MQTTClient - 99 - DEBUG - Published: Rpc/ - {"\u865a\u62df\u8bbe\u5907": {"\u4e8c\u671f1\u53f7\u98ce\u673a\u542f\u505c": 1}}
2026-06-08 09:11:03,125 - MQTTClient - 177 - DEBUG - Message published (mid=20829)
2026-06-08 09:11:03,131 - MQTTClient - 177 - DEBUG - Message published (mid=20830)
2026-06-08 09:11:03,132 - MQTTClient - 99 - DEBUG - Published: Rpc/ - {"\u865a\u62df\u8bbe\u5907": {"\u4e8c\u671f1\u53f7\u98ce\u673aSV\u503c": 74.7}}
2026-06-08 09:11:03,133 - MQTTClient - 177 - DEBUG - Message published (mid=20831)
2026-06-08 09:11:03,134 - MQTTClient - 99 - DEBUG - Published: Rpc/ - {"\u865a\u62df\u8bbe\u5907": {"\u4e8c\u671f3\u53f7\u98ce\u673a\u542f\u505c": 1}}
2026-06-08 09:11:03,138 - MQTTClient - 177 - DEBUG - Message published (mid=20832)
2026-06-08 09:11:03,138 - MQTTClient - 99 - DEBUG - Published: Rpc/ - {"\u865a\u62df\u8bbe\u5907": {"\u4e8c\u671f6\u53f7\u98ce\u673a\u542f\u505c": 1}}
2026-06-08 09:11:03,139 - MQTTClient - 99 - DEBUG - Published: Rpc/ - {"\u865a\u62df\u8bbe\u5907": {"\u4e8c\u671f3\u53f7\u98ce\u673aSV\u503c": 74.7}}
2026-06-08 09:11:03,139 - MQTTClient - 177 - DEBUG - Message published (mid=20833)
2026-06-08 09:11:03,142 - MQTTClient - 99 - DEBUG - Published: Rpc/ - {"\u865a\u62df\u8bbe\u5907": {"\u4e8c\u671f6\u53f7\u98ce\u673aSV\u503c": 74.7}}
2026-06-08 09:11:03,142 - MQTTClient - 177 - DEBUG - Message published (mid=20834)
2026-06-08 09:11:03,143 - MQTTClient - 99 - DEBUG - Published: /idms/api/v1/createControlX - {"type": "\u66dd\u6c14\u667a\u80fd\u4f53", "time": "2026-06-08 09:11:03", "algorithmVersion": "v1.0.0", "controller": "\u9ec4\u5188AI\u7b97\u6cd5\u63a7\u5236", "outputCommand": "\u4e00\u671f\u751f\u7269\u6c60#\u5b9e\u65f6\uff1a\u4e00\u671f\u6eb6\u89e3\u6c27\uff1a2.81mg/L\uff0c\u76ee\u6807\u503c\uff1a2mg/L#\u4e00\u671f1\u53f7\u98ce\u673a\u8fd0\u884c\uff0c\u53cd\u9988\uff1a57%\uff0c\u4e0a\u9650\uff1a100%\uff0c\u4e0b\u9650\uff1a55%\uff0c\u63a7\u5236\u8f93\u51fa\uff1a55.0%\u4e00\u671f2\u53f7\u98ce\u673a\u8fd0\u884c\uff0c\u53cd\u9988\uff1a57%\uff0c\u4e0a\u9650\uff1a100%\uff0c\u4e0b\u9650\uff1a55%\uff0c\u63a7\u5236\u8f93\u51fa\uff1a55.0%\u4e00\u671f3\u53f7\u98ce\u673a\u8fd0\u884c\uff0c\u53cd\u9988\uff1a57%\uff0c\u4e0a\u9650\uff1a100%\uff0c\u4e0b\u9650\uff1a55%\uff0c\u63a7\u5236\u8f93\u51fa\uff1a55.0%\u4e8c\u671f\u751f\u7269\u6c60#\u5b9e\u65f6\uff1a\u4e8c\u671f\u6eb6\u89e3\u6c27\uff1a1.83mg/L\uff0c\u76ee\u6807\u503c\uff1a2mg/L#\u4e8c\u671f1\u53f7\u98ce\u673a\u8fd0\u884c\uff0c\u53cd\u9988\uff1a73%\uff0c\u4e0a\u9650\uff1a98%\uff0c\u4e0b\u9650\uff1a55%\uff0c\u63a7\u5236\u8f93\u51fa\uff1a74.7%\u4e8c\u671f3\u53f7\u98ce\u673a\u8fd0\u884c\uff0c\u53cd\u9988\uff1a73%\uff0c\u4e0a\u9650\uff1a98%\uff0c\u4e0b\u9650\uff1a55%\uff0c\u63a7\u5236\u8f93\u51fa\uff1a74.7%\u4e8c\u671f6\u53f7\u98ce\u673a\u8fd0\u884c\uff0c\u53cd\u9988\uff1a73%\uff0c\u4e0a\u9650\uff1a98%\uff0c\u4e0b\u9650\uff1a55%\uff0c\u63a7\u5236\u8f93\u51fa\uff1a74.7%"}
2026-06-08 09:11:03,144 - MQTTClient - 177 - DEBUG - Message published (mid=20835)
2026-06-08 09:11:30,066 - MQTTClient - 141 - DEBUG - Connected to 10.7.7.62 successfully
2026-06-08 09:11:32,126 - MQTTClient - 174 - DEBUG - Subscribed with QOS: (0,)
2026-06-08 09:13:03,270 - MQTTClient - 99 - DEBUG - Published: Rpc/ - {"\u865a\u62df\u8bbe\u5907": {"\u4e00\u671f1\u53f7\u98ce\u673a\u542f\u505c": 1}}
2026-06-08 09:13:03,270 - MQTTClient - 177 - DEBUG - Message published (mid=20837)
2026-06-08 09:13:03,273 - MQTTClient - 177 - DEBUG - Message published (mid=20838)
2026-06-08 09:13:03,273 - MQTTClient - 99 - DEBUG - Published: Rpc/ - {"\u865a\u62df\u8bbe\u5907": {"\u4e00\u671f2\u53f7\u98ce\u673a\u542f\u505c": 1}}
2026-06-08 09:13:03,273 - MQTTClient - 99 - DEBUG - Published: Rpc/ - {"\u865a\u62df\u8bbe\u5907": {"\u4e00\u671f1\u53f7\u98ce\u673aSV\u503c": 55.0}}
2026-06-08 09:13:03,274 - MQTTClient - 177 - DEBUG - Message published (mid=20839)
2026-06-08 09:13:03,277 - MQTTClient - 99 - DEBUG - Published: Rpc/ - {"\u865a\u62df\u8bbe\u5907": {"\u4e00\u671f2\u53f7\u98ce\u673aSV\u503c": 55.0}}
2026-06-08 09:13:03,277 - MQTTClient - 177 - DEBUG - Message published (mid=20840)
2026-06-08 09:13:03,277 - MQTTClient - 99 - DEBUG - Published: Rpc/ - {"\u865a\u62df\u8bbe\u5907": {"\u4e00\u671f3\u53f7\u98ce\u673a\u542f\u505c": 1}}
2026-06-08 09:13:03,279 - MQTTClient - 177 - DEBUG - Message published (mid=20841)
2026-06-08 09:13:03,283 - MQTTClient - 99 - DEBUG - Published: Rpc/ - {"\u865a\u62df\u8bbe\u5907": {"\u4e00\u671f3\u53f7\u98ce\u673aSV\u503c": 55.0}}
2026-06-08 09:13:03,283 - MQTTClient - 177 - DEBUG - Message published (mid=20842)
2026-06-08 09:13:03,283 - MQTTClient - 99 - DEBUG - Published: Rpc/ - {"\u865a\u62df\u8bbe\u5907": {"\u4e8c\u671f1\u53f7\u98ce\u673a\u542f\u505c": 1}}
2026-06-08 09:13:03,285 - MQTTClient - 177 - DEBUG - Message published (mid=20843)
2026-06-08 09:13:03,288 - MQTTClient - 177 - DEBUG - Message published (mid=20844)
2026-06-08 09:13:03,288 - MQTTClient - 99 - DEBUG - Published: Rpc/ - {"\u865a\u62df\u8bbe\u5907": {"\u4e8c\u671f3\u53f7\u98ce\u673a\u542f\u505c": 1}}
2026-06-08 09:13:03,293 - MQTTClient - 99 - DEBUG - Published: Rpc/ - {"\u865a\u62df\u8bbe\u5907": {"\u4e8c\u671f6\u53f7\u98ce\u673a\u542f\u505c": 1}}
2026-06-08 09:13:03,293 - MQTTClient - 177 - DEBUG - Message published (mid=20845)
2026-06-08 09:13:03,297 - MQTTClient - 99 - DEBUG - Published: /idms/api/v1/createControlX - {"type": "\u66dd\u6c14\u667a\u80fd\u4f53", "time": "2026-06-08 09:13:03", "algorithmVersion": "v1.0.0", "controller": "\u9ec4\u5188AI\u7b97\u6cd5\u63a7\u5236", "outputCommand": "\u4e00\u671f\u751f\u7269\u6c60#\u5b9e\u65f6\uff1a\u4e00\u671f\u6eb6\u89e3\u6c27\uff1a2.69mg/L\uff0c\u76ee\u6807\u503c\uff1a2mg/L#\u4e00\u671f1\u53f7\u98ce\u673a\u8fd0\u884c\uff0c\u53cd\u9988\uff1a57%\uff0c\u4e0a\u9650\uff1a100%\uff0c\u4e0b\u9650\uff1a55%\uff0c\u63a7\u5236\u8f93\u51fa\uff1a55.0%\u4e00\u671f2\u53f7\u98ce\u673a\u8fd0\u884c\uff0c\u53cd\u9988\uff1a57%\uff0c\u4e0a\u9650\uff1a100%\uff0c\u4e0b\u9650\uff1a55%\uff0c\u63a7\u5236\u8f93\u51fa\uff1a55.0%\u4e00\u671f3\u53f7\u98ce\u673a\u8fd0\u884c\uff0c\u53cd\u9988\uff1a57%\uff0c\u4e0a\u9650\uff1a100%\uff0c\u4e0b\u9650\uff1a55%\uff0c\u63a7\u5236\u8f93\u51fa\uff1a55.0%\u4e8c\u671f\u751f\u7269\u6c60#\u5b9e\u65f6\uff1a\u4e8c\u671f\u6eb6\u89e3\u6c27\uff1a1.89mg/L\uff0c\u76ee\u6807\u503c\uff1a2mg/L#\u4e8c\u671f1\u53f7\u98ce\u673a\u8fd0\u884c\uff0c\u53cd\u9988\uff1a73%\uff0c\u4e0a\u9650\uff1a98%\uff0c\u4e0b\u9650\uff1a55%\uff0c\u63a7\u5236\u8f93\u51fa\uff1a73.0%\u4e8c\u671f3\u53f7\u98ce\u673a\u8fd0\u884c\uff0c\u53cd\u9988\uff1a73%\uff0c\u4e0a\u9650\uff1a98%\uff0c\u4e0b\u9650\uff1a55%\uff0c\u63a7\u5236\u8f93\u51fa\uff1a73.0%\u4e8c\u671f6\u53f7\u98ce\u673a\u8fd0\u884c\uff0c\u53cd\u9988\uff1a73%\uff0c\u4e0a\u9650\uff1a98%\uff0c\u4e0b\u9650\uff1a55%\uff0c\u63a7\u5236\u8f93\u51fa\uff1a73.0%"}
2026-06-08 09:13:03,297 - MQTTClient - 177 - DEBUG - Message published (mid=20846)
2026-06-08 09:15:03,456 - MQTTClient - 177 - DEBUG - Message published (mid=20847)
2026-06-08 09:15:03,456 - MQTTClient - 99 - DEBUG - Published: Rpc/ - {"\u865a\u62df\u8bbe\u5907": {"\u4e00\u671f1\u53f7\u98ce\u673a\u542f\u505c": 1}}
2026-06-08 09:15:03,480 - MQTTClient - 99 - DEBUG - Published: Rpc/ - {"\u865a\u62df\u8bbe\u5907": {"\u4e00\u671f1\u53f7\u98ce\u673aSV\u503c": 55.0}}
2026-06-08 09:15:03,480 - MQTTClient - 177 - DEBUG - Message published (mid=20848)
2026-06-08 09:15:03,482 - MQTTClient - 99 - DEBUG - Published: Rpc/ - {"\u865a\u62df\u8bbe\u5907": {"\u4e00\u671f2\u53f7\u98ce\u673a\u542f\u505c": 1}}
2026-06-08 09:15:03,485 - MQTTClient - 177 - DEBUG - Message published (mid=20849)
2026-06-08 09:15:03,491 - MQTTClient - 177 - DEBUG - Message published (mid=20850)
2026-06-08 09:15:03,491 - MQTTClient - 99 - DEBUG - Published: Rpc/ - {"\u865a\u62df\u8bbe\u5907": {"\u4e00\u671f3\u53f7\u98ce\u673a\u542f\u505c": 1}}
2026-06-08 09:15:03,493 - MQTTClient - 177 - DEBUG - Message published (mid=20851)
2026-06-08 09:15:03,492 - MQTTClient - 99 - DEBUG - Published: Rpc/ - {"\u865a\u62df\u8bbe\u5907": {"\u4e00\u671f2\u53f7\u98ce\u673aSV\u503c": 55.0}}
2026-06-08 09:15:03,497 - MQTTClient - 99 - DEBUG - Published: Rpc/ - {"\u865a\u62df\u8bbe\u5907": {"\u4e00\u671f3\u53f7\u98ce\u673aSV\u503c": 55.0}}
2026-06-08 09:15:03,497 - MQTTClient - 177 - DEBUG - Message published (mid=20852)
2026-06-08 09:15:03,498 - MQTTClient - 99 - DEBUG - Published: Rpc/ - {"\u865a\u62df\u8bbe\u5907": {"\u4e8c\u671f1\u53f7\u98ce\u673a\u542f\u505c": 1}}
2026-06-08 09:15:03,499 - MQTTClient - 177 - DEBUG - Message published (mid=20853)
2026-06-08 09:15:03,502 - MQTTClient - 99 - DEBUG - Published: Rpc/ - {"\u865a\u62df\u8bbe\u5907": {"\u4e8c\u671f3\u53f7\u98ce\u673a\u542f\u505c": 1}}
2026-06-08 09:15:03,502 - MQTTClient - 177 - DEBUG - Message published (mid=20854)
2026-06-08 09:15:03,506 - MQTTClient - 177 - DEBUG - Message published (mid=20855)
2026-06-08 09:15:03,506 - MQTTClient - 99 - DEBUG - Published: Rpc/ - {"\u865a\u62df\u8bbe\u5907": {"\u4e8c\u671f6\u53f7\u98ce\u673a\u542f\u505c": 1}}
2026-06-08 09:15:03,509 - MQTTClient - 99 - DEBUG - Published: /idms/api/v1/createControlX - {"type": "\u66dd\u6c14\u667a\u80fd\u4f53", "time": "2026-06-08 09:15:03", "algorithmVersion": "v1.0.0", "controller": "\u9ec4\u5188AI\u7b97\u6cd5\u63a7\u5236", "outputCommand": "\u4e00\u671f\u751f\u7269\u6c60#\u5b9e\u65f6\uff1a\u4e00\u671f\u6eb6\u89e3\u6c27\uff1a2.69mg/L\uff0c\u76ee\u6807\u503c\uff1a2mg/L#\u4e00\u671f1\u53f7\u98ce\u673a\u8fd0\u884c\uff0c\u53cd\u9988\uff1a57%\uff0c\u4e0a\u9650\uff1a100%\uff0c\u4e0b\u9650\uff1a55%\uff0c\u63a7\u5236\u8f93\u51fa\uff1a55.0%\u4e00\u671f2\u53f7\u98ce\u673a\u8fd0\u884c\uff0c\u53cd\u9988\uff1a57%\uff0c\u4e0a\u9650\uff1a100%\uff0c\u4e0b\u9650\uff1a55%\uff0c\u63a7\u5236\u8f93\u51fa\uff1a55.0%\u4e00\u671f3\u53f7\u98ce\u673a\u8fd0\u884c\uff0c\u53cd\u9988\uff1a57%\uff0c\u4e0a\u9650\uff1a100%\uff0c\u4e0b\u9650\uff1a55%\uff0c\u63a7\u5236\u8f93\u51fa\uff1a55.0%\u4e8c\u671f\u751f\u7269\u6c60#\u5b9e\u65f6\uff1a\u4e8c\u671f\u6eb6\u89e3\u6c27\uff1a1.89mg/L\uff0c\u76ee\u6807\u503c\uff1a2mg/L#\u4e8c\u671f1\u53f7\u98ce\u673a\u8fd0\u884c\uff0c\u53cd\u9988\uff1a73%\uff0c\u4e0a\u9650\uff1a98%\uff0c\u4e0b\u9650\uff1a55%\uff0c\u63a7\u5236\u8f93\u51fa\uff1a73.0%\u4e8c\u671f3\u53f7\u98ce\u673a\u8fd0\u884c\uff0c\u53cd\u9988\uff1a73%\uff0c\u4e0a\u9650\uff1a98%\uff0c\u4e0b\u9650\uff1a55%\uff0c\u63a7\u5236\u8f93\u51fa\uff1a73.0%\u4e8c\u671f6\u53f7\u98ce\u673a\u8fd0\u884c\uff0c\u53cd\u9988\uff1a73%\uff0c\u4e0a\u9650\uff1a98%\uff0c\u4e0b\u9650\uff1a55%\uff0c\u63a7\u5236\u8f93\u51fa\uff1a73.0%"}
2026-06-08 09:15:03,510 - MQTTClient - 177 - DEBUG - Message published (mid=20856)
2026-06-08 09:17:03,646 - MQTTClient - 99 - DEBUG - Published: Rpc/ - {"\u865a\u62df\u8bbe\u5907": {"\u4e00\u671f1\u53f7\u98ce\u673a\u542f\u505c": 1}}
2026-06-08 09:17:03,650 - MQTTClient - 99 - DEBUG - Published: Rpc/ - {"\u865a\u62df\u8bbe\u5907": {"\u4e00\u671f1\u53f7\u98ce\u673aSV\u503c": 55.0}}
2026-06-08 09:17:03,650 - MQTTClient - 99 - DEBUG - Published: Rpc/ - {"\u865a\u62df\u8bbe\u5907": {"\u4e00\u671f2\u53f7\u98ce\u673a\u542f\u505c": 1}}
2026-06-08 09:17:03,653 - MQTTClient - 99 - DEBUG - Published: Rpc/ - {"\u865a\u62df\u8bbe\u5907": {"\u4e00\u671f2\u53f7\u98ce\u673aSV\u503c": 55.0}}
2026-06-08 09:17:03,655 - MQTTClient - 99 - DEBUG - Published: Rpc/ - {"\u865a\u62df\u8bbe\u5907": {"\u4e00\u671f3\u53f7\u98ce\u673a\u542f\u505c": 1}}
2026-06-08 09:17:03,658 - MQTTClient - 99 - DEBUG - Published: Rpc/ - {"\u865a\u62df\u8bbe\u5907": {"\u4e00\u671f3\u53f7\u98ce\u673aSV\u503c": 55.0}}
2026-06-08 09:17:03,659 - MQTTClient - 99 - DEBUG - Published: Rpc/ - {"\u865a\u62df\u8bbe\u5907": {"\u4e8c\u671f1\u53f7\u98ce\u673a\u542f\u505c": 1}}
2026-06-08 09:17:03,663 - MQTTClient - 99 - DEBUG - Published: Rpc/ - {"\u865a\u62df\u8bbe\u5907": {"\u4e8c\u671f3\u53f7\u98ce\u673a\u542f\u505c": 1}}
2026-06-08 09:17:03,668 - MQTTClient - 99 - DEBUG - Published: Rpc/ - {"\u865a\u62df\u8bbe\u5907": {"\u4e8c\u671f6\u53f7\u98ce\u673a\u542f\u505c": 1}}
2026-06-08 09:17:03,671 - MQTTClient - 99 - DEBUG - Published: /idms/api/v1/createControlX - {"type": "\u66dd\u6c14\u667a\u80fd\u4f53", "time": "2026-06-08 09:17:03", "algorithmVersion": "v1.0.0", "controller": "\u9ec4\u5188AI\u7b97\u6cd5\u63a7\u5236", "outputCommand": "\u4e00\u671f\u751f\u7269\u6c60#\u5b9e\u65f6\uff1a\u4e00\u671f\u6eb6\u89e3\u6c27\uff1a2.69mg/L\uff0c\u76ee\u6807\u503c\uff1a2mg/L#\u4e00\u671f1\u53f7\u98ce\u673a\u8fd0\u884c\uff0c\u53cd\u9988\uff1a57%\uff0c\u4e0a\u9650\uff1a100%\uff0c\u4e0b\u9650\uff1a55%\uff0c\u63a7\u5236\u8f93\u51fa\uff1a55.0%\u4e00\u671f2\u53f7\u98ce\u673a\u8fd0\u884c\uff0c\u53cd\u9988\uff1a57%\uff0c\u4e0a\u9650\uff1a100%\uff0c\u4e0b\u9650\uff1a55%\uff0c\u63a7\u5236\u8f93\u51fa\uff1a55.0%\u4e00\u671f3\u53f7\u98ce\u673a\u8fd0\u884c\uff0c\u53cd\u9988\uff1a57%\uff0c\u4e0a\u9650\uff1a100%\uff0c\u4e0b\u9650\uff1a55%\uff0c\u63a7\u5236\u8f93\u51fa\uff1a55.0%\u4e8c\u671f\u751f\u7269\u6c60#\u5b9e\u65f6\uff1a\u4e8c\u671f\u6eb6\u89e3\u6c27\uff1a2mg/L\uff0c\u76ee\u6807\u503c\uff1a2mg/L#\u4e8c\u671f1\u53f7\u98ce\u673a\u8fd0\u884c\uff0c\u53cd\u9988\uff1a73%\uff0c\u4e0a\u9650\uff1a98%\uff0c\u4e0b\u9650\uff1a55%\uff0c\u63a7\u5236\u8f93\u51fa\uff1a73.0%\u4e8c\u671f3\u53f7\u98ce\u673a\u8fd0\u884c\uff0c\u53cd\u9988\uff1a73%\uff0c\u4e0a\u9650\uff1a98%\uff0c\u4e0b\u9650\uff1a55%\uff0c\u63a7\u5236\u8f93\u51fa\uff1a73.0%\u4e8c\u671f6\u53f7\u98ce\u673a\u8fd0\u884c\uff0c\u53cd\u9988\uff1a73%\uff0c\u4e0a\u9650\uff1a98%\uff0c\u4e0b\u9650\uff1a55%\uff0c\u63a7\u5236\u8f93\u51fa\uff1a73.0%"}
2026-06-08 09:19:03,818 - MQTTClient - 99 - DEBUG - Published: Rpc/ - {"\u865a\u62df\u8bbe\u5907": {"\u4e00\u671f1\u53f7\u98ce\u673a\u542f\u505c": 1}}
2026-06-08 09:19:03,821 - MQTTClient - 99 - DEBUG - Published: Rpc/ - {"\u865a\u62df\u8bbe\u5907": {"\u4e00\u671f2\u53f7\u98ce\u673a\u542f\u505c": 1}}
2026-06-08 09:19:03,826 - MQTTClient - 99 - DEBUG - Published: Rpc/ - {"\u865a\u62df\u8bbe\u5907": {"\u4e00\u671f3\u53f7\u98ce\u673a\u542f\u505c": 1}}
2026-06-08 09:19:03,830 - MQTTClient - 99 - DEBUG - Published: Rpc/ - {"\u865a\u62df\u8bbe\u5907": {"\u4e8c\u671f1\u53f7\u98ce\u673a\u542f\u505c": 1}}
2026-06-08 09:19:03,833 - MQTTClient - 99 - DEBUG - Published: Rpc/ - {"\u865a\u62df\u8bbe\u5907": {"\u4e8c\u671f3\u53f7\u98ce\u673a\u542f\u505c": 1}}
2026-06-08 09:19:03,838 - MQTTClient - 99 - DEBUG - Published: Rpc/ - {"\u865a\u62df\u8bbe\u5907": {"\u4e8c\u671f6\u53f7\u98ce\u673a\u542f\u505c": 1}}
2026-06-08 09:19:03,841 - MQTTClient - 99 - DEBUG - Published: /idms/api/v1/createControlX - {"type": "\u66dd\u6c14\u667a\u80fd\u4f53", "time": "2026-06-08 09:19:03", "algorithmVersion": "v1.0.0", "controller": "\u9ec4\u5188AI\u7b97\u6cd5\u63a7\u5236", "outputCommand": "\u4e00\u671f\u751f\u7269\u6c60#\u5b9e\u65f6\uff1a\u4e00\u671f\u6eb6\u89e3\u6c27\uff1a2mg/L\uff0c\u76ee\u6807\u503c\uff1a2mg/L#\u4e00\u671f1\u53f7\u98ce\u673a\u8fd0\u884c\uff0c\u53cd\u9988\uff1a57%\uff0c\u4e0a\u9650\uff1a100%\uff0c\u4e0b\u9650\uff1a55%\uff0c\u63a7\u5236\u8f93\u51fa\uff1a57.0%\u4e00\u671f2\u53f7\u98ce\u673a\u8fd0\u884c\uff0c\u53cd\u9988\uff1a57%\uff0c\u4e0a\u9650\uff1a100%\uff0c\u4e0b\u9650\uff1a55%\uff0c\u63a7\u5236\u8f93\u51fa\uff1a57.0%\u4e00\u671f3\u53f7\u98ce\u673a\u8fd0\u884c\uff0c\u53cd\u9988\uff1a57%\uff0c\u4e0a\u9650\uff1a100%\uff0c\u4e0b\u9650\uff1a55%\uff0c\u63a7\u5236\u8f93\u51fa\uff1a57.0%\u4e8c\u671f\u751f\u7269\u6c60#\u5b9e\u65f6\uff1a\u4e8c\u671f\u6eb6\u89e3\u6c27\uff1a1.89mg/L\uff0c\u76ee\u6807\u503c\uff1a2mg/L#\u4e8c\u671f1\u53f7\u98ce\u673a\u8fd0\u884c\uff0c\u53cd\u9988\uff1a73%\uff0c\u4e0a\u9650\uff1a98%\uff0c\u4e0b\u9650\uff1a55%\uff0c\u63a7\u5236\u8f93\u51fa\uff1a73.0%\u4e8c\u671f3\u53f7\u98ce\u673a\u8fd0\u884c\uff0c\u53cd\u9988\uff1a73%\uff0c\u4e0a\u9650\uff1a98%\uff0c\u4e0b\u9650\uff1a55%\uff0c\u63a7\u5236\u8f93\u51fa\uff1a73.0%\u4e8c\u671f6\u53f7\u98ce\u673a\u8fd0\u884c\uff0c\u53cd\u9988\uff1a73%\uff0c\u4e0a\u9650\uff1a98%\uff0c\u4e0b\u9650\uff1a55%\uff0c\u63a7\u5236\u8f93\u51fa\uff1a73.0%"}
2026-06-08 09:21:04,000 - MQTTClient - 99 - DEBUG - Published: Rpc/ - {"\u865a\u62df\u8bbe\u5907": {"\u4e00\u671f1\u53f7\u98ce\u673a\u542f\u505c": 1}}
2026-06-08 09:21:04,004 - MQTTClient - 99 - DEBUG - Published: Rpc/ - {"\u865a\u62df\u8bbe\u5907": {"\u4e00\u671f2\u53f7\u98ce\u673a\u542f\u505c": 1}}
2026-06-08 09:21:04,007 - MQTTClient - 99 - DEBUG - Published: Rpc/ - {"\u865a\u62df\u8bbe\u5907": {"\u4e00\u671f3\u53f7\u98ce\u673a\u542f\u505c": 1}}
2026-06-08 09:21:04,011 - MQTTClient - 99 - DEBUG - Published: Rpc/ - {"\u865a\u62df\u8bbe\u5907": {"\u4e8c\u671f1\u53f7\u98ce\u673a\u542f\u505c": 1}}
2026-06-08 09:21:04,016 - MQTTClient - 99 - DEBUG - Published: Rpc/ - {"\u865a\u62df\u8bbe\u5907": {"\u4e8c\u671f3\u53f7\u98ce\u673a\u542f\u505c": 1}}
2026-06-08 09:21:04,019 - MQTTClient - 99 - DEBUG - Published: Rpc/ - {"\u865a\u62df\u8bbe\u5907": {"\u4e8c\u671f6\u53f7\u98ce\u673a\u542f\u505c": 1}}
2026-06-08 09:21:04,023 - MQTTClient - 99 - DEBUG - Published: /idms/api/v1/createControlX - {"type": "\u66dd\u6c14\u667a\u80fd\u4f53", "time": "2026-06-08 09:21:04", "algorithmVersion": "v1.0.0", "controller": "\u9ec4\u5188AI\u7b97\u6cd5\u63a7\u5236", "outputCommand": "\u4e00\u671f\u751f\u7269\u6c60#\u5b9e\u65f6\uff1a\u4e00\u671f\u6eb6\u89e3\u6c27\uff1a2mg/L\uff0c\u76ee\u6807\u503c\uff1a2mg/L#\u4e00\u671f1\u53f7\u98ce\u673a\u8fd0\u884c\uff0c\u53cd\u9988\uff1a57%\uff0c\u4e0a\u9650\uff1a100%\uff0c\u4e0b\u9650\uff1a55%\uff0c\u63a7\u5236\u8f93\u51fa\uff1a57.0%\u4e00\u671f2\u53f7\u98ce\u673a\u8fd0\u884c\uff0c\u53cd\u9988\uff1a57%\uff0c\u4e0a\u9650\uff1a100%\uff0c\u4e0b\u9650\uff1a55%\uff0c\u63a7\u5236\u8f93\u51fa\uff1a57.0%\u4e00\u671f3\u53f7\u98ce\u673a\u8fd0\u884c\uff0c\u53cd\u9988\uff1a57%\uff0c\u4e0a\u9650\uff1a100%\uff0c\u4e0b\u9650\uff1a55%\uff0c\u63a7\u5236\u8f93\u51fa\uff1a57.0%\u4e8c\u671f\u751f\u7269\u6c60#\u5b9e\u65f6\uff1a\u4e8c\u671f\u6eb6\u89e3\u6c27\uff1a1.89mg/L\uff0c\u76ee\u6807\u503c\uff1a2mg/L#\u4e8c\u671f1\u53f7\u98ce\u673a\u8fd0\u884c\uff0c\u53cd\u9988\uff1a73%\uff0c\u4e0a\u9650\uff1a98%\uff0c\u4e0b\u9650\uff1a55%\uff0c\u63a7\u5236\u8f93\u51fa\uff1a73.0%\u4e8c\u671f3\u53f7\u98ce\u673a\u8fd0\u884c\uff0c\u53cd\u9988\uff1a73%\uff0c\u4e0a\u9650\uff1a98%\uff0c\u4e0b\u9650\uff1a55%\uff0c\u63a7\u5236\u8f93\u51fa\uff1a73.0%\u4e8c\u671f6\u53f7\u98ce\u673a\u8fd0\u884c\uff0c\u53cd\u9988\uff1a73%\uff0c\u4e0a\u9650\uff1a98%\uff0c\u4e0b\u9650\uff1a55%\uff0c\u63a7\u5236\u8f93\u51fa\uff1a73.0%"}
2026-06-08 09:23:04,175 - MQTTClient - 99 - DEBUG - Published: Rpc/ - {"\u865a\u62df\u8bbe\u5907": {"\u4e00\u671f1\u53f7\u98ce\u673a\u542f\u505c": 1}}
2026-06-08 09:23:04,182 - MQTTClient - 99 - DEBUG - Published: Rpc/ - {"\u865a\u62df\u8bbe\u5907": {"\u4e00\u671f2\u53f7\u98ce\u673a\u542f\u505c": 1}}
2026-06-08 09:23:04,187 - MQTTClient - 99 - DEBUG - Published: Rpc/ - {"\u865a\u62df\u8bbe\u5907": {"\u4e00\u671f3\u53f7\u98ce\u673a\u542f\u505c": 1}}
2026-06-08 09:23:04,190 - MQTTClient - 99 - DEBUG - Published: Rpc/ - {"\u865a\u62df\u8bbe\u5907": {"\u4e8c\u671f1\u53f7\u98ce\u673a\u542f\u505c": 1}}
2026-06-08 09:23:04,195 - MQTTClient - 99 - DEBUG - Published: Rpc/ - {"\u865a\u62df\u8bbe\u5907": {"\u4e8c\u671f3\u53f7\u98ce\u673a\u542f\u505c": 1}}
2026-06-08 09:23:04,199 - MQTTClient - 99 - DEBUG - Published: Rpc/ - {"\u865a\u62df\u8bbe\u5907": {"\u4e8c\u671f6\u53f7\u98ce\u673a\u542f\u505c": 1}}
2026-06-08 09:23:04,203 - MQTTClient - 99 - DEBUG - Published: /idms/api/v1/createControlX - {"type": "\u66dd\u6c14\u667a\u80fd\u4f53", "time": "2026-06-08 09:23:04", "algorithmVersion": "v1.0.0", "controller": "\u9ec4\u5188AI\u7b97\u6cd5\u63a7\u5236", "outputCommand": "\u4e00\u671f\u751f\u7269\u6c60#\u5b9e\u65f6\uff1a\u4e00\u671f\u6eb6\u89e3\u6c27\uff1a2mg/L\uff0c\u76ee\u6807\u503c\uff1a2mg/L#\u4e00\u671f1\u53f7\u98ce\u673a\u8fd0\u884c\uff0c\u53cd\u9988\uff1a57%\uff0c\u4e0a\u9650\uff1a100%\uff0c\u4e0b\u9650\uff1a55%\uff0c\u63a7\u5236\u8f93\u51fa\uff1a57.0%\u4e00\u671f2\u53f7\u98ce\u673a\u8fd0\u884c\uff0c\u53cd\u9988\uff1a57%\uff0c\u4e0a\u9650\uff1a100%\uff0c\u4e0b\u9650\uff1a55%\uff0c\u63a7\u5236\u8f93\u51fa\uff1a57.0%\u4e00\u671f3\u53f7\u98ce\u673a\u8fd0\u884c\uff0c\u53cd\u9988\uff1a57%\uff0c\u4e0a\u9650\uff1a100%\uff0c\u4e0b\u9650\uff1a55%\uff0c\u63a7\u5236\u8f93\u51fa\uff1a57.0%\u4e8c\u671f\u751f\u7269\u6c60#\u5b9e\u65f6\uff1a\u4e8c\u671f\u6eb6\u89e3\u6c27\uff1a2mg/L\uff0c\u76ee\u6807\u503c\uff1a2mg/L#\u4e8c\u671f1\u53f7\u98ce\u673a\u8fd0\u884c\uff0c\u53cd\u9988\uff1a73%\uff0c\u4e0a\u9650\uff1a98%\uff0c\u4e0b\u9650\uff1a55%\uff0c\u63a7\u5236\u8f93\u51fa\uff1a73.0%\u4e8c\u671f3\u53f7\u98ce\u673a\u8fd0\u884c\uff0c\u53cd\u9988\uff1a73%\uff0c\u4e0a\u9650\uff1a98%\uff0c\u4e0b\u9650\uff1a55%\uff0c\u63a7\u5236\u8f93\u51fa\uff1a73.0%\u4e8c\u671f6\u53f7\u98ce\u673a\u8fd0\u884c\uff0c\u53cd\u9988\uff1a73%\uff0c\u4e0a\u9650\uff1a98%\uff0c\u4e0b\u9650\uff1a55%\uff0c\u63a7\u5236\u8f93\u51fa\uff1a73.0%"}
2026-06-08 09:25:04,332 - MQTTClient - 99 - DEBUG - Published: Rpc/ - {"\u865a\u62df\u8bbe\u5907": {"\u4e00\u671f1\u53f7\u98ce\u673a\u542f\u505c": 1}}
2026-06-08 09:25:04,335 - MQTTClient - 99 - DEBUG - Published: Rpc/ - {"\u865a\u62df\u8bbe\u5907": {"\u4e00\u671f2\u53f7\u98ce\u673a\u542f\u505c": 1}}
2026-06-08 09:25:04,338 - MQTTClient - 99 - DEBUG - Published: Rpc/ - {"\u865a\u62df\u8bbe\u5907": {"\u4e00\u671f3\u53f7\u98ce\u673a\u542f\u505c": 1}}
2026-06-08 09:25:04,342 - MQTTClient - 99 - DEBUG - Published: Rpc/ - {"\u865a\u62df\u8bbe\u5907": {"\u4e8c\u671f1\u53f7\u98ce\u673a\u542f\u505c": 1}}
2026-06-08 09:25:04,345 - MQTTClient - 99 - DEBUG - Published: Rpc/ - {"\u865a\u62df\u8bbe\u5907": {"\u4e8c\u671f3\u53f7\u98ce\u673a\u542f\u505c": 1}}
2026-06-08 09:25:04,348 - MQTTClient - 99 - DEBUG - Published: Rpc/ - {"\u865a\u62df\u8bbe\u5907": {"\u4e8c\u671f6\u53f7\u98ce\u673a\u542f\u505c": 1}}
2026-06-08 09:25:04,351 - MQTTClient - 99 - DEBUG - Published: /idms/api/v1/createControlX - {"type": "\u66dd\u6c14\u667a\u80fd\u4f53", "time": "2026-06-08 09:25:04", "algorithmVersion": "v1.0.0", "controller": "\u9ec4\u5188AI\u7b97\u6cd5\u63a7\u5236", "outputCommand": "\u4e00\u671f\u751f\u7269\u6c60#\u5b9e\u65f6\uff1a\u4e00\u671f\u6eb6\u89e3\u6c27\uff1a2mg/L\uff0c\u76ee\u6807\u503c\uff1a2mg/L#\u4e00\u671f1\u53f7\u98ce\u673a\u8fd0\u884c\uff0c\u53cd\u9988\uff1a57%\uff0c\u4e0a\u9650\uff1a100%\uff0c\u4e0b\u9650\uff1a55%\uff0c\u63a7\u5236\u8f93\u51fa\uff1a57.0%\u4e00\u671f2\u53f7\u98ce\u673a\u8fd0\u884c\uff0c\u53cd\u9988\uff1a57%\uff0c\u4e0a\u9650\uff1a100%\uff0c\u4e0b\u9650\uff1a55%\uff0c\u63a7\u5236\u8f93\u51fa\uff1a57.0%\u4e00\u671f3\u53f7\u98ce\u673a\u8fd0\u884c\uff0c\u53cd\u9988\uff1a57%\uff0c\u4e0a\u9650\uff1a100%\uff0c\u4e0b\u9650\uff1a55%\uff0c\u63a7\u5236\u8f93\u51fa\uff1a57.0%\u4e8c\u671f\u751f\u7269\u6c60#\u5b9e\u65f6\uff1a\u4e8c\u671f\u6eb6\u89e3\u6c27\uff1a1.89mg/L\uff0c\u76ee\u6807\u503c\uff1a2mg/L#\u4e8c\u671f1\u53f7\u98ce\u673a\u8fd0\u884c\uff0c\u53cd\u9988\uff1a73%\uff0c\u4e0a\u9650\uff1a98%\uff0c\u4e0b\u9650\uff1a55%\uff0c\u63a7\u5236\u8f93\u51fa\uff1a73.0%\u4e8c\u671f3\u53f7\u98ce\u673a\u8fd0\u884c\uff0c\u53cd\u9988\uff1a73%\uff0c\u4e0a\u9650\uff1a98%\uff0c\u4e0b\u9650\uff1a55%\uff0c\u63a7\u5236\u8f93\u51fa\uff1a73.0%\u4e8c\u671f6\u53f7\u98ce\u673a\u8fd0\u884c\uff0c\u53cd\u9988\uff1a73%\uff0c\u4e0a\u9650\uff1a98%\uff0c\u4e0b\u9650\uff1a55%\uff0c\u63a7\u5236\u8f93\u51fa\uff1a73.0%"}
2026-06-08 09:27:04,420 - MQTTClient - 99 - DEBUG - Published: Rpc/ - {"\u865a\u62df\u8bbe\u5907": {"\u4e00\u671f1\u53f7\u98ce\u673a\u542f\u505c": 1}}
2026-06-08 09:27:04,423 - MQTTClient - 99 - DEBUG - Published: Rpc/ - {"\u865a\u62df\u8bbe\u5907": {"\u4e00\u671f2\u53f7\u98ce\u673a\u542f\u505c": 1}}
2026-06-08 09:27:04,427 - MQTTClient - 99 - DEBUG - Published: Rpc/ - {"\u865a\u62df\u8bbe\u5907": {"\u4e00\u671f3\u53f7\u98ce\u673a\u542f\u505c": 1}}
2026-06-08 09:27:04,432 - MQTTClient - 99 - DEBUG - Published: Rpc/ - {"\u865a\u62df\u8bbe\u5907": {"\u4e8c\u671f1\u53f7\u98ce\u673a\u542f\u505c": 1}}
2026-06-08 09:27:04,436 - MQTTClient - 99 - DEBUG - Published: Rpc/ - {"\u865a\u62df\u8bbe\u5907": {"\u4e8c\u671f3\u53f7\u98ce\u673a\u542f\u505c": 1}}
2026-06-08 09:27:04,440 - MQTTClient - 99 - DEBUG - Published: Rpc/ - {"\u865a\u62df\u8bbe\u5907": {"\u4e8c\u671f6\u53f7\u98ce\u673a\u542f\u505c": 1}}
2026-06-08 09:27:04,443 - MQTTClient - 99 - DEBUG - Published: /idms/api/v1/createControlX - {"type": "\u66dd\u6c14\u667a\u80fd\u4f53", "time": "2026-06-08 09:27:04", "algorithmVersion": "v1.0.0", "controller": "\u9ec4\u5188AI\u7b97\u6cd5\u63a7\u5236", "outputCommand": "\u4e00\u671f\u751f\u7269\u6c60#\u5b9e\u65f6\uff1a\u4e00\u671f\u6eb6\u89e3\u6c27\uff1a2mg/L\uff0c\u76ee\u6807\u503c\uff1a2mg/L#\u4e00\u671f1\u53f7\u98ce\u673a\u8fd0\u884c\uff0c\u53cd\u9988\uff1a57%\uff0c\u4e0a\u9650\uff1a100%\uff0c\u4e0b\u9650\uff1a55%\uff0c\u63a7\u5236\u8f93\u51fa\uff1a57.0%\u4e00\u671f2\u53f7\u98ce\u673a\u8fd0\u884c\uff0c\u53cd\u9988\uff1a57%\uff0c\u4e0a\u9650\uff1a100%\uff0c\u4e0b\u9650\uff1a55%\uff0c\u63a7\u5236\u8f93\u51fa\uff1a57.0%\u4e00\u671f3\u53f7\u98ce\u673a\u8fd0\u884c\uff0c\u53cd\u9988\uff1a57%\uff0c\u4e0a\u9650\uff1a100%\uff0c\u4e0b\u9650\uff1a55%\uff0c\u63a7\u5236\u8f93\u51fa\uff1a57.0%\u4e8c\u671f\u751f\u7269\u6c60#\u5b9e\u65f6\uff1a\u4e8c\u671f\u6eb6\u89e3\u6c27\uff1a1.89mg/L\uff0c\u76ee\u6807\u503c\uff1a2mg/L#\u4e8c\u671f1\u53f7\u98ce\u673a\u8fd0\u884c\uff0c\u53cd\u9988\uff1a73%\uff0c\u4e0a\u9650\uff1a98%\uff0c\u4e0b\u9650\uff1a55%\uff0c\u63a7\u5236\u8f93\u51fa\uff1a73.0%\u4e8c\u671f3\u53f7\u98ce\u673a\u8fd0\u884c\uff0c\u53cd\u9988\uff1a73%\uff0c\u4e0a\u9650\uff1a98%\uff0c\u4e0b\u9650\uff1a55%\uff0c\u63a7\u5236\u8f93\u51fa\uff1a73.0%\u4e8c\u671f6\u53f7\u98ce\u673a\u8fd0\u884c\uff0c\u53cd\u9988\uff1a73%\uff0c\u4e0a\u9650\uff1a98%\uff0c\u4e0b\u9650\uff1a55%\uff0c\u63a7\u5236\u8f93\u51fa\uff1a73.0%"}
2026-06-08 09:29:04,502 - MQTTClient - 99 - DEBUG - Published: Rpc/ - {"\u865a\u62df\u8bbe\u5907": {"\u4e00\u671f1\u53f7\u98ce\u673a\u542f\u505c": 1}}
2026-06-08 09:29:04,504 - MQTTClient - 99 - DEBUG - Published: Rpc/ - {"\u865a\u62df\u8bbe\u5907": {"\u4e00\u671f2\u53f7\u98ce\u673a\u542f\u505c": 1}}
2026-06-08 09:29:04,505 - MQTTClient - 99 - DEBUG - Published: Rpc/ - {"\u865a\u62df\u8bbe\u5907": {"\u4e00\u671f3\u53f7\u98ce\u673a\u542f\u505c": 1}}
2026-06-08 09:29:04,507 - MQTTClient - 99 - DEBUG - Published: Rpc/ - {"\u865a\u62df\u8bbe\u5907": {"\u4e8c\u671f1\u53f7\u98ce\u673a\u542f\u505c": 1}}
2026-06-08 09:29:04,508 - MQTTClient - 99 - DEBUG - Published: Rpc/ - {"\u865a\u62df\u8bbe\u5907": {"\u4e8c\u671f3\u53f7\u98ce\u673a\u542f\u505c": 1}}
2026-06-08 09:29:04,510 - MQTTClient - 99 - DEBUG - Published: Rpc/ - {"\u865a\u62df\u8bbe\u5907": {"\u4e8c\u671f6\u53f7\u98ce\u673a\u542f\u505c": 1}}
2026-06-08 09:29:04,511 - MQTTClient - 99 - DEBUG - Published: /idms/api/v1/createControlX - {"type": "\u66dd\u6c14\u667a\u80fd\u4f53", "time": "2026-06-08 09:29:04", "algorithmVersion": "v1.0.0", "controller": "\u9ec4\u5188AI\u7b97\u6cd5\u63a7\u5236", "outputCommand": "\u4e00\u671f\u751f\u7269\u6c60#\u5b9e\u65f6\uff1a\u4e00\u671f\u6eb6\u89e3\u6c27\uff1a2mg/L\uff0c\u76ee\u6807\u503c\uff1a2mg/L#\u4e00\u671f1\u53f7\u98ce\u673a\u8fd0\u884c\uff0c\u53cd\u9988\uff1a57%\uff0c\u4e0a\u9650\uff1a100%\uff0c\u4e0b\u9650\uff1a55%\uff0c\u63a7\u5236\u8f93\u51fa\uff1a57.0%\u4e00\u671f2\u53f7\u98ce\u673a\u8fd0\u884c\uff0c\u53cd\u9988\uff1a57%\uff0c\u4e0a\u9650\uff1a100%\uff0c\u4e0b\u9650\uff1a55%\uff0c\u63a7\u5236\u8f93\u51fa\uff1a57.0%\u4e00\u671f3\u53f7\u98ce\u673a\u8fd0\u884c\uff0c\u53cd\u9988\uff1a57%\uff0c\u4e0a\u9650\uff1a100%\uff0c\u4e0b\u9650\uff1a55%\uff0c\u63a7\u5236\u8f93\u51fa\uff1a57.0%\u4e8c\u671f\u751f\u7269\u6c60#\u5b9e\u65f6\uff1a\u4e8c\u671f\u6eb6\u89e3\u6c27\uff1a2mg/L\uff0c\u76ee\u6807\u503c\uff1a2mg/L#\u4e8c\u671f1\u53f7\u98ce\u673a\u8fd0\u884c\uff0c\u53cd\u9988\uff1a73%\uff0c\u4e0a\u9650\uff1a98%\uff0c\u4e0b\u9650\uff1a55%\uff0c\u63a7\u5236\u8f93\u51fa\uff1a73.0%\u4e8c\u671f3\u53f7\u98ce\u673a\u8fd0\u884c\uff0c\u53cd\u9988\uff1a73%\uff0c\u4e0a\u9650\uff1a98%\uff0c\u4e0b\u9650\uff1a55%\uff0c\u63a7\u5236\u8f93\u51fa\uff1a73.0%\u4e8c\u671f6\u53f7\u98ce\u673a\u8fd0\u884c\uff0c\u53cd\u9988\uff1a73%\uff0c\u4e0a\u9650\uff1a98%\uff0c\u4e0b\u9650\uff1a55%\uff0c\u63a7\u5236\u8f93\u51fa\uff1a73.0%"}
2026-06-08 09:31:04,588 - MQTTClient - 99 - DEBUG - Published: Rpc/ - {"\u865a\u62df\u8bbe\u5907": {"\u4e00\u671f1\u53f7\u98ce\u673a\u542f\u505c": 1}}
2026-06-08 09:31:04,590 - MQTTClient - 99 - DEBUG - Published: Rpc/ - {"\u865a\u62df\u8bbe\u5907": {"\u4e00\u671f2\u53f7\u98ce\u673a\u542f\u505c": 1}}
2026-06-08 09:31:04,592 - MQTTClient - 99 - DEBUG - Published: Rpc/ - {"\u865a\u62df\u8bbe\u5907": {"\u4e00\u671f3\u53f7\u98ce\u673a\u542f\u505c": 1}}
2026-06-08 09:31:04,595 - MQTTClient - 99 - DEBUG - Published: Rpc/ - {"\u865a\u62df\u8bbe\u5907": {"\u4e8c\u671f1\u53f7\u98ce\u673a\u542f\u505c": 1}}
2026-06-08 09:31:04,598 - MQTTClient - 99 - DEBUG - Published: Rpc/ - {"\u865a\u62df\u8bbe\u5907": {"\u4e8c\u671f3\u53f7\u98ce\u673a\u542f\u505c": 1}}
2026-06-08 09:31:04,600 - MQTTClient - 99 - DEBUG - Published: Rpc/ - {"\u865a\u62df\u8bbe\u5907": {"\u4e8c\u671f6\u53f7\u98ce\u673a\u542f\u505c": 1}}
2026-06-08 09:31:04,601 - MQTTClient - 99 - DEBUG - Published: /idms/api/v1/createControlX - {"type": "\u66dd\u6c14\u667a\u80fd\u4f53", "time": "2026-06-08 09:31:04", "algorithmVersion": "v1.0.0", "controller": "\u9ec4\u5188AI\u7b97\u6cd5\u63a7\u5236", "outputCommand": "\u4e00\u671f\u751f\u7269\u6c60#\u5b9e\u65f6\uff1a\u4e00\u671f\u6eb6\u89e3\u6c27\uff1a2mg/L\uff0c\u76ee\u6807\u503c\uff1a2mg/L#\u4e00\u671f1\u53f7\u98ce\u673a\u8fd0\u884c\uff0c\u53cd\u9988\uff1a57%\uff0c\u4e0a\u9650\uff1a100%\uff0c\u4e0b\u9650\uff1a55%\uff0c\u63a7\u5236\u8f93\u51fa\uff1a57.0%\u4e00\u671f2\u53f7\u98ce\u673a\u8fd0\u884c\uff0c\u53cd\u9988\uff1a57%\uff0c\u4e0a\u9650\uff1a100%\uff0c\u4e0b\u9650\uff1a55%\uff0c\u63a7\u5236\u8f93\u51fa\uff1a57.0%\u4e00\u671f3\u53f7\u98ce\u673a\u8fd0\u884c\uff0c\u53cd\u9988\uff1a57%\uff0c\u4e0a\u9650\uff1a100%\uff0c\u4e0b\u9650\uff1a55%\uff0c\u63a7\u5236\u8f93\u51fa\uff1a57.0%\u4e8c\u671f\u751f\u7269\u6c60#\u5b9e\u65f6\uff1a\u4e8c\u671f\u6eb6\u89e3\u6c27\uff1a1.89mg/L\uff0c\u76ee\u6807\u503c\uff1a2mg/L#\u4e8c\u671f1\u53f7\u98ce\u673a\u8fd0\u884c\uff0c\u53cd\u9988\uff1a73%\uff0c\u4e0a\u9650\uff1a98%\uff0c\u4e0b\u9650\uff1a55%\uff0c\u63a7\u5236\u8f93\u51fa\uff1a73.0%\u4e8c\u671f3\u53f7\u98ce\u673a\u8fd0\u884c\uff0c\u53cd\u9988\uff1a73%\uff0c\u4e0a\u9650\uff1a98%\uff0c\u4e0b\u9650\uff1a55%\uff0c\u63a7\u5236\u8f93\u51fa\uff1a73.0%\u4e8c\u671f6\u53f7\u98ce\u673a\u8fd0\u884c\uff0c\u53cd\u9988\uff1a73%\uff0c\u4e0a\u9650\uff1a98%\uff0c\u4e0b\u9650\uff1a55%\uff0c\u63a7\u5236\u8f93\u51fa\uff1a73.0%"}
2026-06-08 09:33:04,680 - MQTTClient - 99 - DEBUG - Published: Rpc/ - {"\u865a\u62df\u8bbe\u5907": {"\u4e00\u671f1\u53f7\u98ce\u673a\u542f\u505c": 1}}
2026-06-08 09:33:04,681 - MQTTClient - 99 - DEBUG - Published: Rpc/ - {"\u865a\u62df\u8bbe\u5907": {"\u4e00\u671f2\u53f7\u98ce\u673a\u542f\u505c": 1}}
2026-06-08 09:33:04,682 - MQTTClient - 99 - DEBUG - Published: Rpc/ - {"\u865a\u62df\u8bbe\u5907": {"\u4e00\u671f3\u53f7\u98ce\u673a\u542f\u505c": 1}}
2026-06-08 09:33:04,684 - MQTTClient - 99 - DEBUG - Published: Rpc/ - {"\u865a\u62df\u8bbe\u5907": {"\u4e8c\u671f1\u53f7\u98ce\u673a\u542f\u505c": 1}}
2026-06-08 09:33:04,685 - MQTTClient - 99 - DEBUG - Published: Rpc/ - {"\u865a\u62df\u8bbe\u5907": {"\u4e8c\u671f3\u53f7\u98ce\u673a\u542f\u505c": 1}}
2026-06-08 09:33:04,687 - MQTTClient - 99 - DEBUG - Published: Rpc/ - {"\u865a\u62df\u8bbe\u5907": {"\u4e8c\u671f6\u53f7\u98ce\u673a\u542f\u505c": 1}}
2026-06-08 09:33:04,689 - MQTTClient - 99 - DEBUG - Published: /idms/api/v1/createControlX - {"type": "\u66dd\u6c14\u667a\u80fd\u4f53", "time": "2026-06-08 09:33:04", "algorithmVersion": "v1.0.0", "controller": "\u9ec4\u5188AI\u7b97\u6cd5\u63a7\u5236", "outputCommand": "\u4e00\u671f\u751f\u7269\u6c60#\u5b9e\u65f6\uff1a\u4e00\u671f\u6eb6\u89e3\u6c27\uff1a2mg/L\uff0c\u76ee\u6807\u503c\uff1a2mg/L#\u4e00\u671f1\u53f7\u98ce\u673a\u8fd0\u884c\uff0c\u53cd\u9988\uff1a57%\uff0c\u4e0a\u9650\uff1a100%\uff0c\u4e0b\u9650\uff1a55%\uff0c\u63a7\u5236\u8f93\u51fa\uff1a57.0%\u4e00\u671f2\u53f7\u98ce\u673a\u8fd0\u884c\uff0c\u53cd\u9988\uff1a57%\uff0c\u4e0a\u9650\uff1a100%\uff0c\u4e0b\u9650\uff1a55%\uff0c\u63a7\u5236\u8f93\u51fa\uff1a57.0%\u4e00\u671f3\u53f7\u98ce\u673a\u8fd0\u884c\uff0c\u53cd\u9988\uff1a57%\uff0c\u4e0a\u9650\uff1a100%\uff0c\u4e0b\u9650\uff1a55%\uff0c\u63a7\u5236\u8f93\u51fa\uff1a57.0%\u4e8c\u671f\u751f\u7269\u6c60#\u5b9e\u65f6\uff1a\u4e8c\u671f\u6eb6\u89e3\u6c27\uff1a1.89mg/L\uff0c\u76ee\u6807\u503c\uff1a2mg/L#\u4e8c\u671f1\u53f7\u98ce\u673a\u8fd0\u884c\uff0c\u53cd\u9988\uff1a73%\uff0c\u4e0a\u9650\uff1a98%\uff0c\u4e0b\u9650\uff1a55%\uff0c\u63a7\u5236\u8f93\u51fa\uff1a73.0%\u4e8c\u671f3\u53f7\u98ce\u673a\u8fd0\u884c\uff0c\u53cd\u9988\uff1a73%\uff0c\u4e0a\u9650\uff1a98%\uff0c\u4e0b\u9650\uff1a55%\uff0c\u63a7\u5236\u8f93\u51fa\uff1a73.0%\u4e8c\u671f6\u53f7\u98ce\u673a\u8fd0\u884c\uff0c\u53cd\u9988\uff1a73%\uff0c\u4e0a\u9650\uff1a98%\uff0c\u4e0b\u9650\uff1a55%\uff0c\u63a7\u5236\u8f93\u51fa\uff1a73.0%"}
2026-06-08 09:35:04,767 - MQTTClient - 99 - DEBUG - Published: Rpc/ - {"\u865a\u62df\u8bbe\u5907": {"\u4e00\u671f1\u53f7\u98ce\u673a\u542f\u505c": 1}}
2026-06-08 09:35:04,769 - MQTTClient - 99 - DEBUG - Published: Rpc/ - {"\u865a\u62df\u8bbe\u5907": {"\u4e00\u671f2\u53f7\u98ce\u673a\u542f\u505c": 1}}
2026-06-08 09:35:04,771 - MQTTClient - 99 - DEBUG - Published: Rpc/ - {"\u865a\u62df\u8bbe\u5907": {"\u4e00\u671f3\u53f7\u98ce\u673a\u542f\u505c": 1}}
2026-06-08 09:35:04,772 - MQTTClient - 99 - DEBUG - Published: Rpc/ - {"\u865a\u62df\u8bbe\u5907": {"\u4e8c\u671f1\u53f7\u98ce\u673a\u542f\u505c": 1}}
2026-06-08 09:35:04,774 - MQTTClient - 99 - DEBUG - Published: Rpc/ - {"\u865a\u62df\u8bbe\u5907": {"\u4e8c\u671f3\u53f7\u98ce\u673a\u542f\u505c": 1}}
2026-06-08 09:35:04,775 - MQTTClient - 99 - DEBUG - Published: Rpc/ - {"\u865a\u62df\u8bbe\u5907": {"\u4e8c\u671f6\u53f7\u98ce\u673a\u542f\u505c": 1}}
2026-06-08 09:35:04,776 - MQTTClient - 99 - DEBUG - Published: /idms/api/v1/createControlX - {"type": "\u66dd\u6c14\u667a\u80fd\u4f53", "time": "2026-06-08 09:35:04", "algorithmVersion": "v1.0.0", "controller": "\u9ec4\u5188AI\u7b97\u6cd5\u63a7\u5236", "outputCommand": "\u4e00\u671f\u751f\u7269\u6c60#\u5b9e\u65f6\uff1a\u4e00\u671f\u6eb6\u89e3\u6c27\uff1a2mg/L\uff0c\u76ee\u6807\u503c\uff1a2mg/L#\u4e00\u671f1\u53f7\u98ce\u673a\u8fd0\u884c\uff0c\u53cd\u9988\uff1a57%\uff0c\u4e0a\u9650\uff1a100%\uff0c\u4e0b\u9650\uff1a55%\uff0c\u63a7\u5236\u8f93\u51fa\uff1a57.0%\u4e00\u671f2\u53f7\u98ce\u673a\u8fd0\u884c\uff0c\u53cd\u9988\uff1a57%\uff0c\u4e0a\u9650\uff1a100%\uff0c\u4e0b\u9650\uff1a55%\uff0c\u63a7\u5236\u8f93\u51fa\uff1a57.0%\u4e00\u671f3\u53f7\u98ce\u673a\u8fd0\u884c\uff0c\u53cd\u9988\uff1a57%\uff0c\u4e0a\u9650\uff1a100%\uff0c\u4e0b\u9650\uff1a55%\uff0c\u63a7\u5236\u8f93\u51fa\uff1a57.0%\u4e8c\u671f\u751f\u7269\u6c60#\u5b9e\u65f6\uff1a\u4e8c\u671f\u6eb6\u89e3\u6c27\uff1a2mg/L\uff0c\u76ee\u6807\u503c\uff1a2mg/L#\u4e8c\u671f1\u53f7\u98ce\u673a\u8fd0\u884c\uff0c\u53cd\u9988\uff1a73%\uff0c\u4e0a\u9650\uff1a98%\uff0c\u4e0b\u9650\uff1a55%\uff0c\u63a7\u5236\u8f93\u51fa\uff1a73.0%\u4e8c\u671f3\u53f7\u98ce\u673a\u8fd0\u884c\uff0c\u53cd\u9988\uff1a73%\uff0c\u4e0a\u9650\uff1a98%\uff0c\u4e0b\u9650\uff1a55%\uff0c\u63a7\u5236\u8f93\u51fa\uff1a73.0%\u4e8c\u671f6\u53f7\u98ce\u673a\u8fd0\u884c\uff0c\u53cd\u9988\uff1a73%\uff0c\u4e0a\u9650\uff1a98%\uff0c\u4e0b\u9650\uff1a55%\uff0c\u63a7\u5236\u8f93\u51fa\uff1a73.0%"}
2026-06-08 09:37:04,860 - MQTTClient - 99 - DEBUG - Published: Rpc/ - {"\u865a\u62df\u8bbe\u5907": {"\u4e00\u671f1\u53f7\u98ce\u673a\u542f\u505c": 1}}
2026-06-08 09:37:04,863 - MQTTClient - 99 - DEBUG - Published: Rpc/ - {"\u865a\u62df\u8bbe\u5907": {"\u4e00\u671f2\u53f7\u98ce\u673a\u542f\u505c": 1}}
2026-06-08 09:37:04,865 - MQTTClient - 99 - DEBUG - Published: Rpc/ - {"\u865a\u62df\u8bbe\u5907": {"\u4e00\u671f3\u53f7\u98ce\u673a\u542f\u505c": 1}}
2026-06-08 09:37:04,867 - MQTTClient - 99 - DEBUG - Published: Rpc/ - {"\u865a\u62df\u8bbe\u5907": {"\u4e8c\u671f1\u53f7\u98ce\u673a\u542f\u505c": 1}}
2026-06-08 09:37:04,870 - MQTTClient - 99 - DEBUG - Published: Rpc/ - {"\u865a\u62df\u8bbe\u5907": {"\u4e8c\u671f3\u53f7\u98ce\u673a\u542f\u505c": 1}}
2026-06-08 09:37:04,873 - MQTTClient - 99 - DEBUG - Published: Rpc/ - {"\u865a\u62df\u8bbe\u5907": {"\u4e8c\u671f6\u53f7\u98ce\u673a\u542f\u505c": 1}}
2026-06-08 09:37:04,875 - MQTTClient - 99 - DEBUG - Published: /idms/api/v1/createControlX - {"type": "\u66dd\u6c14\u667a\u80fd\u4f53", "time": "2026-06-08 09:37:04", "algorithmVersion": "v1.0.0", "controller": "\u9ec4\u5188AI\u7b97\u6cd5\u63a7\u5236", "outputCommand": "\u4e00\u671f\u751f\u7269\u6c60#\u5b9e\u65f6\uff1a\u4e00\u671f\u6eb6\u89e3\u6c27\uff1a2mg/L\uff0c\u76ee\u6807\u503c\uff1a2mg/L#\u4e00\u671f1\u53f7\u98ce\u673a\u8fd0\u884c\uff0c\u53cd\u9988\uff1a57%\uff0c\u4e0a\u9650\uff1a100%\uff0c\u4e0b\u9650\uff1a55%\uff0c\u63a7\u5236\u8f93\u51fa\uff1a57.0%\u4e00\u671f2\u53f7\u98ce\u673a\u8fd0\u884c\uff0c\u53cd\u9988\uff1a57%\uff0c\u4e0a\u9650\uff1a100%\uff0c\u4e0b\u9650\uff1a55%\uff0c\u63a7\u5236\u8f93\u51fa\uff1a57.0%\u4e00\u671f3\u53f7\u98ce\u673a\u8fd0\u884c\uff0c\u53cd\u9988\uff1a57%\uff0c\u4e0a\u9650\uff1a100%\uff0c\u4e0b\u9650\uff1a55%\uff0c\u63a7\u5236\u8f93\u51fa\uff1a57.0%\u4e8c\u671f\u751f\u7269\u6c60#\u5b9e\u65f6\uff1a\u4e8c\u671f\u6eb6\u89e3\u6c27\uff1a1.89mg/L\uff0c\u76ee\u6807\u503c\uff1a2mg/L#\u4e8c\u671f1\u53f7\u98ce\u673a\u8fd0\u884c\uff0c\u53cd\u9988\uff1a73%\uff0c\u4e0a\u9650\uff1a98%\uff0c\u4e0b\u9650\uff1a55%\uff0c\u63a7\u5236\u8f93\u51fa\uff1a73.0%\u4e8c\u671f3\u53f7\u98ce\u673a\u8fd0\u884c\uff0c\u53cd\u9988\uff1a73%\uff0c\u4e0a\u9650\uff1a98%\uff0c\u4e0b\u9650\uff1a55%\uff0c\u63a7\u5236\u8f93\u51fa\uff1a73.0%\u4e8c\u671f6\u53f7\u98ce\u673a\u8fd0\u884c\uff0c\u53cd\u9988\uff1a73%\uff0c\u4e0a\u9650\uff1a98%\uff0c\u4e0b\u9650\uff1a55%\uff0c\u63a7\u5236\u8f93\u51fa\uff1a73.0%"}
2026-06-08 09:39:04,957 - MQTTClient - 99 - DEBUG - Published: Rpc/ - {"\u865a\u62df\u8bbe\u5907": {"\u4e00\u671f1\u53f7\u98ce\u673a\u542f\u505c": 1}}
2026-06-08 09:39:04,958 - MQTTClient - 99 - DEBUG - Published: Rpc/ - {"\u865a\u62df\u8bbe\u5907": {"\u4e00\u671f2\u53f7\u98ce\u673a\u542f\u505c": 1}}
2026-06-08 09:39:04,959 - MQTTClient - 99 - DEBUG - Published: Rpc/ - {"\u865a\u62df\u8bbe\u5907": {"\u4e00\u671f3\u53f7\u98ce\u673a\u542f\u505c": 1}}
2026-06-08 09:39:04,961 - MQTTClient - 99 - DEBUG - Published: Rpc/ - {"\u865a\u62df\u8bbe\u5907": {"\u4e8c\u671f1\u53f7\u98ce\u673a\u542f\u505c": 1}}
2026-06-08 09:39:04,962 - MQTTClient - 99 - DEBUG - Published: Rpc/ - {"\u865a\u62df\u8bbe\u5907": {"\u4e8c\u671f3\u53f7\u98ce\u673a\u542f\u505c": 1}}
2026-06-08 09:39:04,963 - MQTTClient - 99 - DEBUG - Published: Rpc/ - {"\u865a\u62df\u8bbe\u5907": {"\u4e8c\u671f6\u53f7\u98ce\u673a\u542f\u505c": 1}}
2026-06-08 09:39:04,964 - MQTTClient - 99 - DEBUG - Published: /idms/api/v1/createControlX - {"type": "\u66dd\u6c14\u667a\u80fd\u4f53", "time": "2026-06-08 09:39:04", "algorithmVersion": "v1.0.0", "controller": "\u9ec4\u5188AI\u7b97\u6cd5\u63a7\u5236", "outputCommand": "\u4e00\u671f\u751f\u7269\u6c60#\u5b9e\u65f6\uff1a\u4e00\u671f\u6eb6\u89e3\u6c27\uff1a2mg/L\uff0c\u76ee\u6807\u503c\uff1a2mg/L#\u4e00\u671f1\u53f7\u98ce\u673a\u8fd0\u884c\uff0c\u53cd\u9988\uff1a57%\uff0c\u4e0a\u9650\uff1a100%\uff0c\u4e0b\u9650\uff1a55%\uff0c\u63a7\u5236\u8f93\u51fa\uff1a57.0%\u4e00\u671f2\u53f7\u98ce\u673a\u8fd0\u884c\uff0c\u53cd\u9988\uff1a57%\uff0c\u4e0a\u9650\uff1a100%\uff0c\u4e0b\u9650\uff1a55%\uff0c\u63a7\u5236\u8f93\u51fa\uff1a57.0%\u4e00\u671f3\u53f7\u98ce\u673a\u8fd0\u884c\uff0c\u53cd\u9988\uff1a57%\uff0c\u4e0a\u9650\uff1a100%\uff0c\u4e0b\u9650\uff1a55%\uff0c\u63a7\u5236\u8f93\u51fa\uff1a57.0%\u4e8c\u671f\u751f\u7269\u6c60#\u5b9e\u65f6\uff1a\u4e8c\u671f\u6eb6\u89e3\u6c27\uff1a1.89mg/L\uff0c\u76ee\u6807\u503c\uff1a2mg/L#\u4e8c\u671f1\u53f7\u98ce\u673a\u8fd0\u884c\uff0c\u53cd\u9988\uff1a73%\uff0c\u4e0a\u9650\uff1a98%\uff0c\u4e0b\u9650\uff1a55%\uff0c\u63a7\u5236\u8f93\u51fa\uff1a73.0%\u4e8c\u671f3\u53f7\u98ce\u673a\u8fd0\u884c\uff0c\u53cd\u9988\uff1a73%\uff0c\u4e0a\u9650\uff1a98%\uff0c\u4e0b\u9650\uff1a55%\uff0c\u63a7\u5236\u8f93\u51fa\uff1a73.0%\u4e8c\u671f6\u53f7\u98ce\u673a\u8fd0\u884c\uff0c\u53cd\u9988\uff1a73%\uff0c\u4e0a\u9650\uff1a98%\uff0c\u4e0b\u9650\uff1a55%\uff0c\u63a7\u5236\u8f93\u51fa\uff1a73.0%"}
2026-06-08 09:41:04,386 - MQTTClient - 141 - DEBUG - Connected to 10.7.7.62 successfully
2026-06-08 09:41:05,039 - MQTTClient - 99 - DEBUG - Published: Rpc/ - {"\u865a\u62df\u8bbe\u5907": {"\u4e00\u671f1\u53f7\u98ce\u673a\u542f\u505c": 1}}
2026-06-08 09:41:05,039 - MQTTClient - 177 - DEBUG - Message published (mid=20945)
2026-06-08 09:41:05,040 - MQTTClient - 99 - DEBUG - Published: Rpc/ - {"\u865a\u62df\u8bbe\u5907": {"\u4e00\u671f2\u53f7\u98ce\u673a\u542f\u505c": 1}}
2026-06-08 09:41:05,040 - MQTTClient - 177 - DEBUG - Message published (mid=20946)
2026-06-08 09:41:05,042 - MQTTClient - 177 - DEBUG - Message published (mid=20947)
2026-06-08 09:41:05,042 - MQTTClient - 99 - DEBUG - Published: Rpc/ - {"\u865a\u62df\u8bbe\u5907": {"\u4e00\u671f3\u53f7\u98ce\u673a\u542f\u505c": 1}}
2026-06-08 09:41:05,043 - MQTTClient - 99 - DEBUG - Published: Rpc/ - {"\u865a\u62df\u8bbe\u5907": {"\u4e8c\u671f1\u53f7\u98ce\u673a\u542f\u505c": 1}}
2026-06-08 09:41:05,043 - MQTTClient - 177 - DEBUG - Message published (mid=20948)
2026-06-08 09:41:05,044 - MQTTClient - 99 - DEBUG - Published: Rpc/ - {"\u865a\u62df\u8bbe\u5907": {"\u4e8c\u671f3\u53f7\u98ce\u673a\u542f\u505c": 1}}
2026-06-08 09:41:05,044 - MQTTClient - 177 - DEBUG - Message published (mid=20949)
2026-06-08 09:41:05,047 - MQTTClient - 99 - DEBUG - Published: Rpc/ - {"\u865a\u62df\u8bbe\u5907": {"\u4e8c\u671f6\u53f7\u98ce\u673a\u542f\u505c": 1}}
2026-06-08 09:41:05,047 - MQTTClient - 177 - DEBUG - Message published (mid=20950)
2026-06-08 09:41:05,048 - MQTTClient - 177 - DEBUG - Message published (mid=20951)
2026-06-08 09:41:05,048 - MQTTClient - 99 - DEBUG - Published: /idms/api/v1/createControlX - {"type": "\u66dd\u6c14\u667a\u80fd\u4f53", "time": "2026-06-08 09:41:05", "algorithmVersion": "v1.0.0", "controller": "\u9ec4\u5188AI\u7b97\u6cd5\u63a7\u5236", "outputCommand": "\u4e00\u671f\u751f\u7269\u6c60#\u5b9e\u65f6\uff1a\u4e00\u671f\u6eb6\u89e3\u6c27\uff1a2mg/L\uff0c\u76ee\u6807\u503c\uff1a2mg/L#\u4e00\u671f1\u53f7\u98ce\u673a\u8fd0\u884c\uff0c\u53cd\u9988\uff1a57%\uff0c\u4e0a\u9650\uff1a100%\uff0c\u4e0b\u9650\uff1a55%\uff0c\u63a7\u5236\u8f93\u51fa\uff1a57.0%\u4e00\u671f2\u53f7\u98ce\u673a\u8fd0\u884c\uff0c\u53cd\u9988\uff1a57%\uff0c\u4e0a\u9650\uff1a100%\uff0c\u4e0b\u9650\uff1a55%\uff0c\u63a7\u5236\u8f93\u51fa\uff1a57.0%\u4e00\u671f3\u53f7\u98ce\u673a\u8fd0\u884c\uff0c\u53cd\u9988\uff1a57%\uff0c\u4e0a\u9650\uff1a100%\uff0c\u4e0b\u9650\uff1a55%\uff0c\u63a7\u5236\u8f93\u51fa\uff1a57.0%\u4e8c\u671f\u751f\u7269\u6c60#\u5b9e\u65f6\uff1a\u4e8c\u671f\u6eb6\u89e3\u6c27\uff1a2mg/L\uff0c\u76ee\u6807\u503c\uff1a2mg/L#\u4e8c\u671f1\u53f7\u98ce\u673a\u8fd0\u884c\uff0c\u53cd\u9988\uff1a73%\uff0c\u4e0a\u9650\uff1a98%\uff0c\u4e0b\u9650\uff1a55%\uff0c\u63a7\u5236\u8f93\u51fa\uff1a73.0%\u4e8c\u671f3\u53f7\u98ce\u673a\u8fd0\u884c\uff0c\u53cd\u9988\uff1a73%\uff0c\u4e0a\u9650\uff1a98%\uff0c\u4e0b\u9650\uff1a55%\uff0c\u63a7\u5236\u8f93\u51fa\uff1a73.0%\u4e8c\u671f6\u53f7\u98ce\u673a\u8fd0\u884c\uff0c\u53cd\u9988\uff1a73%\uff0c\u4e0a\u9650\uff1a98%\uff0c\u4e0b\u9650\uff1a55%\uff0c\u63a7\u5236\u8f93\u51fa\uff1a73.0%"}
2026-06-08 09:41:06,175 - MQTTClient - 174 - DEBUG - Subscribed with QOS: (0,)
2026-06-08 09:43:05,156 - MQTTClient - 99 - DEBUG - Published: Rpc/ - {"\u865a\u62df\u8bbe\u5907": {"\u4e00\u671f1\u53f7\u98ce\u673a\u542f\u505c": 1}}
2026-06-08 09:43:05,156 - MQTTClient - 177 - DEBUG - Message published (mid=20952)
2026-06-08 09:43:05,159 - MQTTClient - 177 - DEBUG - Message published (mid=20953)
2026-06-08 09:43:05,159 - MQTTClient - 99 - DEBUG - Published: Rpc/ - {"\u865a\u62df\u8bbe\u5907": {"\u4e00\u671f1\u53f7\u98ce\u673aSV\u503c": 55.0}}
2026-06-08 09:43:05,160 - MQTTClient - 99 - DEBUG - Published: Rpc/ - {"\u865a\u62df\u8bbe\u5907": {"\u4e00\u671f2\u53f7\u98ce\u673a\u542f\u505c": 1}}
2026-06-08 09:43:05,161 - MQTTClient - 177 - DEBUG - Message published (mid=20954)
2026-06-08 09:43:05,163 - MQTTClient - 99 - DEBUG - Published: Rpc/ - {"\u865a\u62df\u8bbe\u5907": {"\u4e00\u671f2\u53f7\u98ce\u673aSV\u503c": 55.0}}
2026-06-08 09:43:05,163 - MQTTClient - 177 - DEBUG - Message published (mid=20955)
2026-06-08 09:43:05,163 - MQTTClient - 99 - DEBUG - Published: Rpc/ - {"\u865a\u62df\u8bbe\u5907": {"\u4e00\u671f3\u53f7\u98ce\u673a\u542f\u505c": 1}}
2026-06-08 09:43:05,164 - MQTTClient - 177 - DEBUG - Message published (mid=20956)
2026-06-08 09:43:05,165 - MQTTClient - 99 - DEBUG - Published: Rpc/ - {"\u865a\u62df\u8bbe\u5907": {"\u4e00\u671f3\u53f7\u98ce\u673aSV\u503c": 55.0}}
2026-06-08 09:43:05,165 - MQTTClient - 177 - DEBUG - Message published (mid=20957)
2026-06-08 09:43:05,165 - MQTTClient - 99 - DEBUG - Published: Rpc/ - {"\u865a\u62df\u8bbe\u5907": {"\u4e8c\u671f1\u53f7\u98ce\u673a\u542f\u505c": 1}}
2026-06-08 09:43:05,166 - MQTTClient - 177 - DEBUG - Message published (mid=20958)
2026-06-08 09:43:05,167 - MQTTClient - 99 - DEBUG - Published: Rpc/ - {"\u865a\u62df\u8bbe\u5907": {"\u4e8c\u671f1\u53f7\u98ce\u673aSV\u503c": 78.0}}
2026-06-08 09:43:05,167 - MQTTClient - 177 - DEBUG - Message published (mid=20959)
2026-06-08 09:43:05,168 - MQTTClient - 99 - DEBUG - Published: Rpc/ - {"\u865a\u62df\u8bbe\u5907": {"\u4e8c\u671f3\u53f7\u98ce\u673a\u542f\u505c": 1}}
2026-06-08 09:43:05,168 - MQTTClient - 177 - DEBUG - Message published (mid=20960)
2026-06-08 09:43:05,169 - MQTTClient - 99 - DEBUG - Published: Rpc/ - {"\u865a\u62df\u8bbe\u5907": {"\u4e8c\u671f3\u53f7\u98ce\u673aSV\u503c": 78.0}}
2026-06-08 09:43:05,170 - MQTTClient - 177 - DEBUG - Message published (mid=20961)
2026-06-08 09:43:05,170 - MQTTClient - 99 - DEBUG - Published: Rpc/ - {"\u865a\u62df\u8bbe\u5907": {"\u4e8c\u671f6\u53f7\u98ce\u673a\u542f\u505c": 1}}
2026-06-08 09:43:05,170 - MQTTClient - 177 - DEBUG - Message published (mid=20962)
2026-06-08 09:43:05,171 - MQTTClient - 99 - DEBUG - Published: Rpc/ - {"\u865a\u62df\u8bbe\u5907": {"\u4e8c\u671f6\u53f7\u98ce\u673aSV\u503c": 78.0}}
2026-06-08 09:43:05,171 - MQTTClient - 177 - DEBUG - Message published (mid=20963)
2026-06-08 09:43:05,172 - MQTTClient - 99 - DEBUG - Published: /idms/api/v1/createControlX - {"type": "\u66dd\u6c14\u667a\u80fd\u4f53", "time": "2026-06-08 09:43:05", "algorithmVersion": "v1.0.0", "controller": "\u9ec4\u5188AI\u7b97\u6cd5\u63a7\u5236", "outputCommand": "\u4e00\u671f\u751f\u7269\u6c60#\u5b9e\u65f6\uff1a\u4e00\u671f\u6eb6\u89e3\u6c27\uff1a2.95mg/L\uff0c\u76ee\u6807\u503c\uff1a2mg/L#\u4e00\u671f1\u53f7\u98ce\u673a\u8fd0\u884c\uff0c\u53cd\u9988\uff1a57%\uff0c\u4e0a\u9650\uff1a100%\uff0c\u4e0b\u9650\uff1a55%\uff0c\u63a7\u5236\u8f93\u51fa\uff1a55.0%\u4e00\u671f2\u53f7\u98ce\u673a\u8fd0\u884c\uff0c\u53cd\u9988\uff1a57%\uff0c\u4e0a\u9650\uff1a100%\uff0c\u4e0b\u9650\uff1a55%\uff0c\u63a7\u5236\u8f93\u51fa\uff1a55.0%\u4e00\u671f3\u53f7\u98ce\u673a\u8fd0\u884c\uff0c\u53cd\u9988\uff1a57%\uff0c\u4e0a\u9650\uff1a100%\uff0c\u4e0b\u9650\uff1a55%\uff0c\u63a7\u5236\u8f93\u51fa\uff1a55.0%\u4e8c\u671f\u751f\u7269\u6c60#\u5b9e\u65f6\uff1a\u4e8c\u671f\u6eb6\u89e3\u6c27\uff1a1.47mg/L\uff0c\u76ee\u6807\u503c\uff1a2mg/L#\u4e8c\u671f1\u53f7\u98ce\u673a\u8fd0\u884c\uff0c\u53cd\u9988\uff1a73%\uff0c\u4e0a\u9650\uff1a98%\uff0c\u4e0b\u9650\uff1a55%\uff0c\u63a7\u5236\u8f93\u51fa\uff1a80.2%\u4e8c\u671f3\u53f7\u98ce\u673a\u8fd0\u884c\uff0c\u53cd\u9988\uff1a73%\uff0c\u4e0a\u9650\uff1a98%\uff0c\u4e0b\u9650\uff1a55%\uff0c\u63a7\u5236\u8f93\u51fa\uff1a80.2%\u4e8c\u671f6\u53f7\u98ce\u673a\u8fd0\u884c\uff0c\u53cd\u9988\uff1a73%\uff0c\u4e0a\u9650\uff1a98%\uff0c\u4e0b\u9650\uff1a55%\uff0c\u63a7\u5236\u8f93\u51fa\uff1a80.2%"}
2026-06-08 09:43:05,172 - MQTTClient - 177 - DEBUG - Message published (mid=20964)
2026-06-08 09:43:20,169 - MQTTClient - 99 - DEBUG - Published: Rpc/ - {"\u865a\u62df\u8bbe\u5907": {"\u4e8c\u671f1\u53f7\u98ce\u673aSV\u503c": 80.2}}
2026-06-08 09:43:20,169 - MQTTClient - 177 - DEBUG - Message published (mid=20965)
2026-06-08 09:43:20,171 - MQTTClient - 177 - DEBUG - Message published (mid=20966)
2026-06-08 09:43:20,171 - MQTTClient - 99 - DEBUG - Published: Rpc/ - {"\u865a\u62df\u8bbe\u5907": {"\u4e8c\u671f3\u53f7\u98ce\u673aSV\u503c": 80.2}}
2026-06-08 09:43:20,176 - MQTTClient - 177 - DEBUG - Message published (mid=20967)
2026-06-08 09:43:20,177 - MQTTClient - 99 - DEBUG - Published: Rpc/ - {"\u865a\u62df\u8bbe\u5907": {"\u4e8c\u671f6\u53f7\u98ce\u673aSV\u503c": 80.2}}
2026-06-08 09:45:05,339 - MQTTClient - 99 - DEBUG - Published: Rpc/ - {"\u865a\u62df\u8bbe\u5907": {"\u4e00\u671f1\u53f7\u98ce\u673a\u542f\u505c": 1}}
2026-06-08 09:45:05,341 - MQTTClient - 99 - DEBUG - Published: Rpc/ - {"\u865a\u62df\u8bbe\u5907": {"\u4e00\u671f1\u53f7\u98ce\u673aSV\u503c": 55.0}}
2026-06-08 09:45:05,341 - MQTTClient - 99 - DEBUG - Published: Rpc/ - {"\u865a\u62df\u8bbe\u5907": {"\u4e00\u671f2\u53f7\u98ce\u673a\u542f\u505c": 1}}
2026-06-08 09:45:05,342 - MQTTClient - 99 - DEBUG - Published: Rpc/ - {"\u865a\u62df\u8bbe\u5907": {"\u4e00\u671f2\u53f7\u98ce\u673aSV\u503c": 55.0}}
2026-06-08 09:45:05,342 - MQTTClient - 99 - DEBUG - Published: Rpc/ - {"\u865a\u62df\u8bbe\u5907": {"\u4e00\u671f3\u53f7\u98ce\u673a\u542f\u505c": 1}}
2026-06-08 09:45:05,344 - MQTTClient - 99 - DEBUG - Published: Rpc/ - {"\u865a\u62df\u8bbe\u5907": {"\u4e00\u671f3\u53f7\u98ce\u673aSV\u503c": 55.0}}
2026-06-08 09:45:05,345 - MQTTClient - 99 - DEBUG - Published: Rpc/ - {"\u865a\u62df\u8bbe\u5907": {"\u4e8c\u671f1\u53f7\u98ce\u673a\u542f\u505c": 1}}
2026-06-08 09:45:05,346 - MQTTClient - 99 - DEBUG - Published: Rpc/ - {"\u865a\u62df\u8bbe\u5907": {"\u4e8c\u671f1\u53f7\u98ce\u673aSV\u503c": 78.0}}
2026-06-08 09:45:05,346 - MQTTClient - 99 - DEBUG - Published: Rpc/ - {"\u865a\u62df\u8bbe\u5907": {"\u4e8c\u671f3\u53f7\u98ce\u673a\u542f\u505c": 1}}
2026-06-08 09:45:05,348 - MQTTClient - 99 - DEBUG - Published: Rpc/ - {"\u865a\u62df\u8bbe\u5907": {"\u4e8c\u671f3\u53f7\u98ce\u673aSV\u503c": 78.0}}
2026-06-08 09:45:05,348 - MQTTClient - 99 - DEBUG - Published: Rpc/ - {"\u865a\u62df\u8bbe\u5907": {"\u4e8c\u671f6\u53f7\u98ce\u673a\u542f\u505c": 1}}
2026-06-08 09:45:05,350 - MQTTClient - 99 - DEBUG - Published: Rpc/ - {"\u865a\u62df\u8bbe\u5907": {"\u4e8c\u671f6\u53f7\u98ce\u673aSV\u503c": 78.0}}
2026-06-08 09:45:05,350 - MQTTClient - 99 - DEBUG - Published: /idms/api/v1/createControlX - {"type": "\u66dd\u6c14\u667a\u80fd\u4f53", "time": "2026-06-08 09:45:05", "algorithmVersion": "v1.0.0", "controller": "\u9ec4\u5188AI\u7b97\u6cd5\u63a7\u5236", "outputCommand": "\u4e00\u671f\u751f\u7269\u6c60#\u5b9e\u65f6\uff1a\u4e00\u671f\u6eb6\u89e3\u6c27\uff1a2.95mg/L\uff0c\u76ee\u6807\u503c\uff1a2mg/L#\u4e00\u671f1\u53f7\u98ce\u673a\u8fd0\u884c\uff0c\u53cd\u9988\uff1a57%\uff0c\u4e0a\u9650\uff1a100%\uff0c\u4e0b\u9650\uff1a55%\uff0c\u63a7\u5236\u8f93\u51fa\uff1a55.0%\u4e00\u671f2\u53f7\u98ce\u673a\u8fd0\u884c\uff0c\u53cd\u9988\uff1a57%\uff0c\u4e0a\u9650\uff1a100%\uff0c\u4e0b\u9650\uff1a55%\uff0c\u63a7\u5236\u8f93\u51fa\uff1a55.0%\u4e00\u671f3\u53f7\u98ce\u673a\u8fd0\u884c\uff0c\u53cd\u9988\uff1a57%\uff0c\u4e0a\u9650\uff1a100%\uff0c\u4e0b\u9650\uff1a55%\uff0c\u63a7\u5236\u8f93\u51fa\uff1a55.0%\u4e8c\u671f\u751f\u7269\u6c60#\u5b9e\u65f6\uff1a\u4e8c\u671f\u6eb6\u89e3\u6c27\uff1a1.47mg/L\uff0c\u76ee\u6807\u503c\uff1a2mg/L#\u4e8c\u671f1\u53f7\u98ce\u673a\u8fd0\u884c\uff0c\u53cd\u9988\uff1a73%\uff0c\u4e0a\u9650\uff1a98%\uff0c\u4e0b\u9650\uff1a55%\uff0c\u63a7\u5236\u8f93\u51fa\uff1a80.2%\u4e8c\u671f3\u53f7\u98ce\u673a\u8fd0\u884c\uff0c\u53cd\u9988\uff1a73%\uff0c\u4e0a\u9650\uff1a98%\uff0c\u4e0b\u9650\uff1a55%\uff0c\u63a7\u5236\u8f93\u51fa\uff1a80.2%\u4e8c\u671f6\u53f7\u98ce\u673a\u8fd0\u884c\uff0c\u53cd\u9988\uff1a73%\uff0c\u4e0a\u9650\uff1a98%\uff0c\u4e0b\u9650\uff1a55%\uff0c\u63a7\u5236\u8f93\u51fa\uff1a80.2%"}
2026-06-08 09:45:20,348 - MQTTClient - 99 - DEBUG - Published: Rpc/ - {"\u865a\u62df\u8bbe\u5907": {"\u4e8c\u671f1\u53f7\u98ce\u673aSV\u503c": 80.2}}
2026-06-08 09:45:20,350 - MQTTClient - 99 - DEBUG - Published: Rpc/ - {"\u865a\u62df\u8bbe\u5907": {"\u4e8c\u671f3\u53f7\u98ce\u673aSV\u503c": 80.2}}
2026-06-08 09:45:20,352 - MQTTClient - 99 - DEBUG - Published: Rpc/ - {"\u865a\u62df\u8bbe\u5907": {"\u4e8c\u671f6\u53f7\u98ce\u673aSV\u503c": 80.2}}
2026-06-08 09:47:05,456 - MQTTClient - 99 - DEBUG - Published: Rpc/ - {"\u865a\u62df\u8bbe\u5907": {"\u4e00\u671f1\u53f7\u98ce\u673a\u542f\u505c": 1}}
2026-06-08 09:47:05,457 - MQTTClient - 99 - DEBUG - Published: Rpc/ - {"\u865a\u62df\u8bbe\u5907": {"\u4e00\u671f1\u53f7\u98ce\u673aSV\u503c": 55.0}}
2026-06-08 09:47:05,458 - MQTTClient - 99 - DEBUG - Published: Rpc/ - {"\u865a\u62df\u8bbe\u5907": {"\u4e00\u671f2\u53f7\u98ce\u673a\u542f\u505c": 1}}
2026-06-08 09:47:05,460 - MQTTClient - 99 - DEBUG - Published: Rpc/ - {"\u865a\u62df\u8bbe\u5907": {"\u4e00\u671f2\u53f7\u98ce\u673aSV\u503c": 55.0}}
2026-06-08 09:47:05,460 - MQTTClient - 99 - DEBUG - Published: Rpc/ - {"\u865a\u62df\u8bbe\u5907": {"\u4e00\u671f3\u53f7\u98ce\u673a\u542f\u505c": 1}}
2026-06-08 09:47:05,462 - MQTTClient - 99 - DEBUG - Published: Rpc/ - {"\u865a\u62df\u8bbe\u5907": {"\u4e00\u671f3\u53f7\u98ce\u673aSV\u503c": 55.0}}
2026-06-08 09:47:05,462 - MQTTClient - 99 - DEBUG - Published: Rpc/ - {"\u865a\u62df\u8bbe\u5907": {"\u4e8c\u671f1\u53f7\u98ce\u673a\u542f\u505c": 1}}
2026-06-08 09:47:05,464 - MQTTClient - 99 - DEBUG - Published: Rpc/ - {"\u865a\u62df\u8bbe\u5907": {"\u4e8c\u671f1\u53f7\u98ce\u673aSV\u503c": 78.0}}
2026-06-08 09:47:05,464 - MQTTClient - 99 - DEBUG - Published: Rpc/ - {"\u865a\u62df\u8bbe\u5907": {"\u4e8c\u671f3\u53f7\u98ce\u673a\u542f\u505c": 1}}
2026-06-08 09:47:05,465 - MQTTClient - 99 - DEBUG - Published: Rpc/ - {"\u865a\u62df\u8bbe\u5907": {"\u4e8c\u671f3\u53f7\u98ce\u673aSV\u503c": 78.0}}
2026-06-08 09:47:05,465 - MQTTClient - 99 - DEBUG - Published: Rpc/ - {"\u865a\u62df\u8bbe\u5907": {"\u4e8c\u671f6\u53f7\u98ce\u673a\u542f\u505c": 1}}
2026-06-08 09:47:05,467 - MQTTClient - 99 - DEBUG - Published: Rpc/ - {"\u865a\u62df\u8bbe\u5907": {"\u4e8c\u671f6\u53f7\u98ce\u673aSV\u503c": 78.0}}
2026-06-08 09:47:05,468 - MQTTClient - 99 - DEBUG - Published: /idms/api/v1/createControlX - {"type": "\u66dd\u6c14\u667a\u80fd\u4f53", "time": "2026-06-08 09:47:05", "algorithmVersion": "v1.0.0", "controller": "\u9ec4\u5188AI\u7b97\u6cd5\u63a7\u5236", "outputCommand": "\u4e00\u671f\u751f\u7269\u6c60#\u5b9e\u65f6\uff1a\u4e00\u671f\u6eb6\u89e3\u6c27\uff1a2.95mg/L\uff0c\u76ee\u6807\u503c\uff1a2mg/L#\u4e00\u671f1\u53f7\u98ce\u673a\u8fd0\u884c\uff0c\u53cd\u9988\uff1a57%\uff0c\u4e0a\u9650\uff1a100%\uff0c\u4e0b\u9650\uff1a55%\uff0c\u63a7\u5236\u8f93\u51fa\uff1a55.0%\u4e00\u671f2\u53f7\u98ce\u673a\u8fd0\u884c\uff0c\u53cd\u9988\uff1a57%\uff0c\u4e0a\u9650\uff1a100%\uff0c\u4e0b\u9650\uff1a55%\uff0c\u63a7\u5236\u8f93\u51fa\uff1a55.0%\u4e00\u671f3\u53f7\u98ce\u673a\u8fd0\u884c\uff0c\u53cd\u9988\uff1a57%\uff0c\u4e0a\u9650\uff1a100%\uff0c\u4e0b\u9650\uff1a55%\uff0c\u63a7\u5236\u8f93\u51fa\uff1a55.0%\u4e8c\u671f\u751f\u7269\u6c60#\u5b9e\u65f6\uff1a\u4e8c\u671f\u6eb6\u89e3\u6c27\uff1a1.47mg/L\uff0c\u76ee\u6807\u503c\uff1a2mg/L#\u4e8c\u671f1\u53f7\u98ce\u673a\u8fd0\u884c\uff0c\u53cd\u9988\uff1a73%\uff0c\u4e0a\u9650\uff1a98%\uff0c\u4e0b\u9650\uff1a55%\uff0c\u63a7\u5236\u8f93\u51fa\uff1a80.2%\u4e8c\u671f3\u53f7\u98ce\u673a\u8fd0\u884c\uff0c\u53cd\u9988\uff1a73%\uff0c\u4e0a\u9650\uff1a98%\uff0c\u4e0b\u9650\uff1a55%\uff0c\u63a7\u5236\u8f93\u51fa\uff1a80.2%\u4e8c\u671f6\u53f7\u98ce\u673a\u8fd0\u884c\uff0c\u53cd\u9988\uff1a73%\uff0c\u4e0a\u9650\uff1a98%\uff0c\u4e0b\u9650\uff1a55%\uff0c\u63a7\u5236\u8f93\u51fa\uff1a80.2%"}
2026-06-08 09:47:20,465 - MQTTClient - 99 - DEBUG - Published: Rpc/ - {"\u865a\u62df\u8bbe\u5907": {"\u4e8c\u671f1\u53f7\u98ce\u673aSV\u503c": 80.2}}
2026-06-08 09:47:20,467 - MQTTClient - 99 - DEBUG - Published: Rpc/ - {"\u865a\u62df\u8bbe\u5907": {"\u4e8c\u671f3\u53f7\u98ce\u673aSV\u503c": 80.2}}
2026-06-08 09:47:20,470 - MQTTClient - 99 - DEBUG - Published: Rpc/ - {"\u865a\u62df\u8bbe\u5907": {"\u4e8c\u671f6\u53f7\u98ce\u673aSV\u503c": 80.2}}
2026-06-08 09:49:05,567 - MQTTClient - 99 - DEBUG - Published: Rpc/ - {"\u865a\u62df\u8bbe\u5907": {"\u4e00\u671f1\u53f7\u98ce\u673a\u542f\u505c": 1}}
2026-06-08 09:49:05,568 - MQTTClient - 99 - DEBUG - Published: Rpc/ - {"\u865a\u62df\u8bbe\u5907": {"\u4e00\u671f1\u53f7\u98ce\u673aSV\u503c": 55.0}}
2026-06-08 09:49:05,569 - MQTTClient - 99 - DEBUG - Published: Rpc/ - {"\u865a\u62df\u8bbe\u5907": {"\u4e00\u671f2\u53f7\u98ce\u673a\u542f\u505c": 1}}
2026-06-08 09:49:05,570 - MQTTClient - 99 - DEBUG - Published: Rpc/ - {"\u865a\u62df\u8bbe\u5907": {"\u4e00\u671f2\u53f7\u98ce\u673aSV\u503c": 55.0}}
2026-06-08 09:49:05,570 - MQTTClient - 99 - DEBUG - Published: Rpc/ - {"\u865a\u62df\u8bbe\u5907": {"\u4e00\u671f3\u53f7\u98ce\u673a\u542f\u505c": 1}}
2026-06-08 09:49:05,571 - MQTTClient - 99 - DEBUG - Published: Rpc/ - {"\u865a\u62df\u8bbe\u5907": {"\u4e00\u671f3\u53f7\u98ce\u673aSV\u503c": 55.0}}
2026-06-08 09:49:05,572 - MQTTClient - 99 - DEBUG - Published: Rpc/ - {"\u865a\u62df\u8bbe\u5907": {"\u4e8c\u671f1\u53f7\u98ce\u673a\u542f\u505c": 1}}
2026-06-08 09:49:05,573 - MQTTClient - 99 - DEBUG - Published: Rpc/ - {"\u865a\u62df\u8bbe\u5907": {"\u4e8c\u671f1\u53f7\u98ce\u673aSV\u503c": 77.0}}
2026-06-08 09:49:05,574 - MQTTClient - 99 - DEBUG - Published: Rpc/ - {"\u865a\u62df\u8bbe\u5907": {"\u4e8c\u671f3\u53f7\u98ce\u673a\u542f\u505c": 1}}
2026-06-08 09:49:05,578 - MQTTClient - 99 - DEBUG - Published: Rpc/ - {"\u865a\u62df\u8bbe\u5907": {"\u4e8c\u671f3\u53f7\u98ce\u673aSV\u503c": 77.0}}
2026-06-08 09:49:05,579 - MQTTClient - 99 - DEBUG - Published: Rpc/ - {"\u865a\u62df\u8bbe\u5907": {"\u4e8c\u671f6\u53f7\u98ce\u673a\u542f\u505c": 1}}
2026-06-08 09:49:05,581 - MQTTClient - 99 - DEBUG - Published: Rpc/ - {"\u865a\u62df\u8bbe\u5907": {"\u4e8c\u671f6\u53f7\u98ce\u673aSV\u503c": 77.0}}
2026-06-08 09:49:05,582 - MQTTClient - 99 - DEBUG - Published: /idms/api/v1/createControlX - {"type": "\u66dd\u6c14\u667a\u80fd\u4f53", "time": "2026-06-08 09:49:05", "algorithmVersion": "v1.0.0", "controller": "\u9ec4\u5188AI\u7b97\u6cd5\u63a7\u5236", "outputCommand": "\u4e00\u671f\u751f\u7269\u6c60#\u5b9e\u65f6\uff1a\u4e00\u671f\u6eb6\u89e3\u6c27\uff1a2.95mg/L\uff0c\u76ee\u6807\u503c\uff1a2mg/L#\u4e00\u671f1\u53f7\u98ce\u673a\u8fd0\u884c\uff0c\u53cd\u9988\uff1a57%\uff0c\u4e0a\u9650\uff1a100%\uff0c\u4e0b\u9650\uff1a55%\uff0c\u63a7\u5236\u8f93\u51fa\uff1a55.0%\u4e00\u671f2\u53f7\u98ce\u673a\u8fd0\u884c\uff0c\u53cd\u9988\uff1a57%\uff0c\u4e0a\u9650\uff1a100%\uff0c\u4e0b\u9650\uff1a55%\uff0c\u63a7\u5236\u8f93\u51fa\uff1a55.0%\u4e00\u671f3\u53f7\u98ce\u673a\u8fd0\u884c\uff0c\u53cd\u9988\uff1a57%\uff0c\u4e0a\u9650\uff1a100%\uff0c\u4e0b\u9650\uff1a55%\uff0c\u63a7\u5236\u8f93\u51fa\uff1a55.0%\u4e8c\u671f\u751f\u7269\u6c60#\u5b9e\u65f6\uff1a\u4e8c\u671f\u6eb6\u89e3\u6c27\uff1a1.47mg/L\uff0c\u76ee\u6807\u503c\uff1a2mg/L#\u4e8c\u671f1\u53f7\u98ce\u673a\u8fd0\u884c\uff0c\u53cd\u9988\uff1a73%\uff0c\u4e0a\u9650\uff1a98%\uff0c\u4e0b\u9650\uff1a55%\uff0c\u63a7\u5236\u8f93\u51fa\uff1a77.0%\u4e8c\u671f3\u53f7\u98ce\u673a\u8fd0\u884c\uff0c\u53cd\u9988\uff1a73%\uff0c\u4e0a\u9650\uff1a98%\uff0c\u4e0b\u9650\uff1a55%\uff0c\u63a7\u5236\u8f93\u51fa\uff1a77.0%\u4e8c\u671f6\u53f7\u98ce\u673a\u8fd0\u884c\uff0c\u53cd\u9988\uff1a73%\uff0c\u4e0a\u9650\uff1a98%\uff0c\u4e0b\u9650\uff1a55%\uff0c\u63a7\u5236\u8f93\u51fa\uff1a77.0%"}
2026-06-08 09:51:05,668 - MQTTClient - 99 - DEBUG - Published: Rpc/ - {"\u865a\u62df\u8bbe\u5907": {"\u4e00\u671f1\u53f7\u98ce\u673a\u542f\u505c": 1}}
2026-06-08 09:51:05,672 - MQTTClient - 99 - DEBUG - Published: Rpc/ - {"\u865a\u62df\u8bbe\u5907": {"\u4e00\u671f1\u53f7\u98ce\u673aSV\u503c": 59.0}}
2026-06-08 09:51:05,672 - MQTTClient - 99 - DEBUG - Published: Rpc/ - {"\u865a\u62df\u8bbe\u5907": {"\u4e00\u671f2\u53f7\u98ce\u673a\u542f\u505c": 1}}
2026-06-08 09:51:05,676 - MQTTClient - 99 - DEBUG - Published: Rpc/ - {"\u865a\u62df\u8bbe\u5907": {"\u4e00\u671f2\u53f7\u98ce\u673aSV\u503c": 59.0}}
2026-06-08 09:51:05,677 - MQTTClient - 99 - DEBUG - Published: Rpc/ - {"\u865a\u62df\u8bbe\u5907": {"\u4e00\u671f3\u53f7\u98ce\u673a\u542f\u505c": 1}}
2026-06-08 09:51:05,680 - MQTTClient - 99 - DEBUG - Published: Rpc/ - {"\u865a\u62df\u8bbe\u5907": {"\u4e00\u671f3\u53f7\u98ce\u673aSV\u503c": 59.0}}
2026-06-08 09:51:05,681 - MQTTClient - 99 - DEBUG - Published: Rpc/ - {"\u865a\u62df\u8bbe\u5907": {"\u4e8c\u671f1\u53f7\u98ce\u673a\u542f\u505c": 1}}
2026-06-08 09:51:05,684 - MQTTClient - 99 - DEBUG - Published: Rpc/ - {"\u865a\u62df\u8bbe\u5907": {"\u4e8c\u671f1\u53f7\u98ce\u673aSV\u503c": 78.0}}
2026-06-08 09:51:05,685 - MQTTClient - 99 - DEBUG - Published: Rpc/ - {"\u865a\u62df\u8bbe\u5907": {"\u4e8c\u671f3\u53f7\u98ce\u673a\u542f\u505c": 1}}
2026-06-08 09:51:05,687 - MQTTClient - 99 - DEBUG - Published: Rpc/ - {"\u865a\u62df\u8bbe\u5907": {"\u4e8c\u671f3\u53f7\u98ce\u673aSV\u503c": 78.0}}
2026-06-08 09:51:05,688 - MQTTClient - 99 - DEBUG - Published: Rpc/ - {"\u865a\u62df\u8bbe\u5907": {"\u4e8c\u671f6\u53f7\u98ce\u673a\u542f\u505c": 1}}
2026-06-08 09:51:05,690 - MQTTClient - 99 - DEBUG - Published: Rpc/ - {"\u865a\u62df\u8bbe\u5907": {"\u4e8c\u671f6\u53f7\u98ce\u673aSV\u503c": 78.0}}
2026-06-08 09:51:05,691 - MQTTClient - 99 - DEBUG - Published: /idms/api/v1/createControlX - {"type": "\u66dd\u6c14\u667a\u80fd\u4f53", "time": "2026-06-08 09:51:05", "algorithmVersion": "v1.0.0", "controller": "\u9ec4\u5188AI\u7b97\u6cd5\u63a7\u5236", "outputCommand": "\u4e00\u671f\u751f\u7269\u6c60#\u5b9e\u65f6\uff1a\u4e00\u671f\u6eb6\u89e3\u6c27\uff1a2mg/L\uff0c\u76ee\u6807\u503c\uff1a2mg/L#\u4e00\u671f1\u53f7\u98ce\u673a\u8fd0\u884c\uff0c\u53cd\u9988\uff1a57%\uff0c\u4e0a\u9650\uff1a100%\uff0c\u4e0b\u9650\uff1a55%\uff0c\u63a7\u5236\u8f93\u51fa\uff1a59.0%\u4e00\u671f2\u53f7\u98ce\u673a\u8fd0\u884c\uff0c\u53cd\u9988\uff1a57%\uff0c\u4e0a\u9650\uff1a100%\uff0c\u4e0b\u9650\uff1a55%\uff0c\u63a7\u5236\u8f93\u51fa\uff1a59.0%\u4e00\u671f3\u53f7\u98ce\u673a\u8fd0\u884c\uff0c\u53cd\u9988\uff1a57%\uff0c\u4e0a\u9650\uff1a100%\uff0c\u4e0b\u9650\uff1a55%\uff0c\u63a7\u5236\u8f93\u51fa\uff1a59.0%\u4e8c\u671f\u751f\u7269\u6c60#\u5b9e\u65f6\uff1a\u4e8c\u671f\u6eb6\u89e3\u6c27\uff1a1.47mg/L\uff0c\u76ee\u6807\u503c\uff1a2mg/L#\u4e8c\u671f1\u53f7\u98ce\u673a\u8fd0\u884c\uff0c\u53cd\u9988\uff1a73%\uff0c\u4e0a\u9650\uff1a98%\uff0c\u4e0b\u9650\uff1a55%\uff0c\u63a7\u5236\u8f93\u51fa\uff1a80.2%\u4e8c\u671f3\u53f7\u98ce\u673a\u8fd0\u884c\uff0c\u53cd\u9988\uff1a73%\uff0c\u4e0a\u9650\uff1a98%\uff0c\u4e0b\u9650\uff1a55%\uff0c\u63a7\u5236\u8f93\u51fa\uff1a80.2%\u4e8c\u671f6\u53f7\u98ce\u673a\u8fd0\u884c\uff0c\u53cd\u9988\uff1a73%\uff0c\u4e0a\u9650\uff1a98%\uff0c\u4e0b\u9650\uff1a55%\uff0c\u63a7\u5236\u8f93\u51fa\uff1a80.2%"}
2026-06-08 09:51:20,687 - MQTTClient - 99 - DEBUG - Published: Rpc/ - {"\u865a\u62df\u8bbe\u5907": {"\u4e8c\u671f1\u53f7\u98ce\u673aSV\u503c": 80.2}}
2026-06-08 09:51:20,689 - MQTTClient - 99 - DEBUG - Published: Rpc/ - {"\u865a\u62df\u8bbe\u5907": {"\u4e8c\u671f3\u53f7\u98ce\u673aSV\u503c": 80.2}}
2026-06-08 09:51:20,692 - MQTTClient - 99 - DEBUG - Published: Rpc/ - {"\u865a\u62df\u8bbe\u5907": {"\u4e8c\u671f6\u53f7\u98ce\u673aSV\u503c": 80.2}}
2026-06-08 09:53:05,784 - MQTTClient - 99 - DEBUG - Published: Rpc/ - {"\u865a\u62df\u8bbe\u5907": {"\u4e00\u671f1\u53f7\u98ce\u673a\u542f\u505c": 1}}
2026-06-08 09:53:05,786 - MQTTClient - 99 - DEBUG - Published: Rpc/ - {"\u865a\u62df\u8bbe\u5907": {"\u4e00\u671f2\u53f7\u98ce\u673a\u542f\u505c": 1}}
2026-06-08 09:53:05,788 - MQTTClient - 99 - DEBUG - Published: Rpc/ - {"\u865a\u62df\u8bbe\u5907": {"\u4e00\u671f3\u53f7\u98ce\u673a\u542f\u505c": 1}}
2026-06-08 09:53:05,789 - MQTTClient - 99 - DEBUG - Published: Rpc/ - {"\u865a\u62df\u8bbe\u5907": {"\u4e8c\u671f1\u53f7\u98ce\u673a\u542f\u505c": 1}}
2026-06-08 09:53:05,791 - MQTTClient - 99 - DEBUG - Published: Rpc/ - {"\u865a\u62df\u8bbe\u5907": {"\u4e8c\u671f1\u53f7\u98ce\u673aSV\u503c": 78.0}}
2026-06-08 09:53:05,791 - MQTTClient - 99 - DEBUG - Published: Rpc/ - {"\u865a\u62df\u8bbe\u5907": {"\u4e8c\u671f3\u53f7\u98ce\u673a\u542f\u505c": 1}}
2026-06-08 09:53:05,792 - MQTTClient - 99 - DEBUG - Published: Rpc/ - {"\u865a\u62df\u8bbe\u5907": {"\u4e8c\u671f3\u53f7\u98ce\u673aSV\u503c": 78.0}}
2026-06-08 09:53:05,792 - MQTTClient - 99 - DEBUG - Published: Rpc/ - {"\u865a\u62df\u8bbe\u5907": {"\u4e8c\u671f6\u53f7\u98ce\u673a\u542f\u505c": 1}}
2026-06-08 09:53:05,794 - MQTTClient - 99 - DEBUG - Published: Rpc/ - {"\u865a\u62df\u8bbe\u5907": {"\u4e8c\u671f6\u53f7\u98ce\u673aSV\u503c": 78.0}}
2026-06-08 09:53:05,794 - MQTTClient - 99 - DEBUG - Published: /idms/api/v1/createControlX - {"type": "\u66dd\u6c14\u667a\u80fd\u4f53", "time": "2026-06-08 09:53:05", "algorithmVersion": "v1.0.0", "controller": "\u9ec4\u5188AI\u7b97\u6cd5\u63a7\u5236", "outputCommand": "\u4e00\u671f\u751f\u7269\u6c60#\u5b9e\u65f6\uff1a\u4e00\u671f\u6eb6\u89e3\u6c27\uff1a2mg/L\uff0c\u76ee\u6807\u503c\uff1a2mg/L#\u4e00\u671f1\u53f7\u98ce\u673a\u8fd0\u884c\uff0c\u53cd\u9988\uff1a57%\uff0c\u4e0a\u9650\uff1a100%\uff0c\u4e0b\u9650\uff1a55%\uff0c\u63a7\u5236\u8f93\u51fa\uff1a57.0%\u4e00\u671f2\u53f7\u98ce\u673a\u8fd0\u884c\uff0c\u53cd\u9988\uff1a57%\uff0c\u4e0a\u9650\uff1a100%\uff0c\u4e0b\u9650\uff1a55%\uff0c\u63a7\u5236\u8f93\u51fa\uff1a57.0%\u4e00\u671f3\u53f7\u98ce\u673a\u8fd0\u884c\uff0c\u53cd\u9988\uff1a57%\uff0c\u4e0a\u9650\uff1a100%\uff0c\u4e0b\u9650\uff1a55%\uff0c\u63a7\u5236\u8f93\u51fa\uff1a57.0%\u4e8c\u671f\u751f\u7269\u6c60#\u5b9e\u65f6\uff1a\u4e8c\u671f\u6eb6\u89e3\u6c27\uff1a1.47mg/L\uff0c\u76ee\u6807\u503c\uff1a2mg/L#\u4e8c\u671f1\u53f7\u98ce\u673a\u8fd0\u884c\uff0c\u53cd\u9988\uff1a73%\uff0c\u4e0a\u9650\uff1a98%\uff0c\u4e0b\u9650\uff1a55%\uff0c\u63a7\u5236\u8f93\u51fa\uff1a80.2%\u4e8c\u671f3\u53f7\u98ce\u673a\u8fd0\u884c\uff0c\u53cd\u9988\uff1a73%\uff0c\u4e0a\u9650\uff1a98%\uff0c\u4e0b\u9650\uff1a55%\uff0c\u63a7\u5236\u8f93\u51fa\uff1a80.2%\u4e8c\u671f6\u53f7\u98ce\u673a\u8fd0\u884c\uff0c\u53cd\u9988\uff1a73%\uff0c\u4e0a\u9650\uff1a98%\uff0c\u4e0b\u9650\uff1a55%\uff0c\u63a7\u5236\u8f93\u51fa\uff1a80.2%"}
2026-06-08 09:53:20,793 - MQTTClient - 99 - DEBUG - Published: Rpc/ - {"\u865a\u62df\u8bbe\u5907": {"\u4e8c\u671f1\u53f7\u98ce\u673aSV\u503c": 80.2}}
2026-06-08 09:53:20,794 - MQTTClient - 99 - DEBUG - Published: Rpc/ - {"\u865a\u62df\u8bbe\u5907": {"\u4e8c\u671f3\u53f7\u98ce\u673aSV\u503c": 80.2}}
2026-06-08 09:53:20,797 - MQTTClient - 99 - DEBUG - Published: Rpc/ - {"\u865a\u62df\u8bbe\u5907": {"\u4e8c\u671f6\u53f7\u98ce\u673aSV\u503c": 80.2}}
2026-06-08 09:55:05,889 - MQTTClient - 99 - DEBUG - Published: Rpc/ - {"\u865a\u62df\u8bbe\u5907": {"\u4e00\u671f1\u53f7\u98ce\u673a\u542f\u505c": 1}}
2026-06-08 09:55:05,890 - MQTTClient - 99 - DEBUG - Published: Rpc/ - {"\u865a\u62df\u8bbe\u5907": {"\u4e00\u671f2\u53f7\u98ce\u673a\u542f\u505c": 1}}
2026-06-08 09:55:05,891 - MQTTClient - 99 - DEBUG - Published: Rpc/ - {"\u865a\u62df\u8bbe\u5907": {"\u4e00\u671f3\u53f7\u98ce\u673a\u542f\u505c": 1}}
2026-06-08 09:55:05,893 - MQTTClient - 99 - DEBUG - Published: Rpc/ - {"\u865a\u62df\u8bbe\u5907": {"\u4e8c\u671f1\u53f7\u98ce\u673a\u542f\u505c": 1}}
2026-06-08 09:55:05,894 - MQTTClient - 99 - DEBUG - Published: Rpc/ - {"\u865a\u62df\u8bbe\u5907": {"\u4e8c\u671f1\u53f7\u98ce\u673aSV\u503c": 77.0}}
2026-06-08 09:55:05,894 - MQTTClient - 99 - DEBUG - Published: Rpc/ - {"\u865a\u62df\u8bbe\u5907": {"\u4e8c\u671f3\u53f7\u98ce\u673a\u542f\u505c": 1}}
2026-06-08 09:55:05,895 - MQTTClient - 99 - DEBUG - Published: Rpc/ - {"\u865a\u62df\u8bbe\u5907": {"\u4e8c\u671f3\u53f7\u98ce\u673aSV\u503c": 77.0}}
2026-06-08 09:55:05,896 - MQTTClient - 99 - DEBUG - Published: Rpc/ - {"\u865a\u62df\u8bbe\u5907": {"\u4e8c\u671f6\u53f7\u98ce\u673a\u542f\u505c": 1}}
2026-06-08 09:55:05,897 - MQTTClient - 99 - DEBUG - Published: Rpc/ - {"\u865a\u62df\u8bbe\u5907": {"\u4e8c\u671f6\u53f7\u98ce\u673aSV\u503c": 77.0}}
2026-06-08 09:55:05,897 - MQTTClient - 99 - DEBUG - Published: /idms/api/v1/createControlX - {"type": "\u66dd\u6c14\u667a\u80fd\u4f53", "time": "2026-06-08 09:55:05", "algorithmVersion": "v1.0.0", "controller": "\u9ec4\u5188AI\u7b97\u6cd5\u63a7\u5236", "outputCommand": "\u4e00\u671f\u751f\u7269\u6c60#\u5b9e\u65f6\uff1a\u4e00\u671f\u6eb6\u89e3\u6c27\uff1a2mg/L\uff0c\u76ee\u6807\u503c\uff1a2mg/L#\u4e00\u671f1\u53f7\u98ce\u673a\u8fd0\u884c\uff0c\u53cd\u9988\uff1a57%\uff0c\u4e0a\u9650\uff1a100%\uff0c\u4e0b\u9650\uff1a55%\uff0c\u63a7\u5236\u8f93\u51fa\uff1a57.0%\u4e00\u671f2\u53f7\u98ce\u673a\u8fd0\u884c\uff0c\u53cd\u9988\uff1a57%\uff0c\u4e0a\u9650\uff1a100%\uff0c\u4e0b\u9650\uff1a55%\uff0c\u63a7\u5236\u8f93\u51fa\uff1a57.0%\u4e00\u671f3\u53f7\u98ce\u673a\u8fd0\u884c\uff0c\u53cd\u9988\uff1a57%\uff0c\u4e0a\u9650\uff1a100%\uff0c\u4e0b\u9650\uff1a55%\uff0c\u63a7\u5236\u8f93\u51fa\uff1a57.0%\u4e8c\u671f\u751f\u7269\u6c60#\u5b9e\u65f6\uff1a\u4e8c\u671f\u6eb6\u89e3\u6c27\uff1a1.47mg/L\uff0c\u76ee\u6807\u503c\uff1a2mg/L#\u4e8c\u671f1\u53f7\u98ce\u673a\u8fd0\u884c\uff0c\u53cd\u9988\uff1a73%\uff0c\u4e0a\u9650\uff1a98%\uff0c\u4e0b\u9650\uff1a55%\uff0c\u63a7\u5236\u8f93\u51fa\uff1a77.0%\u4e8c\u671f3\u53f7\u98ce\u673a\u8fd0\u884c\uff0c\u53cd\u9988\uff1a73%\uff0c\u4e0a\u9650\uff1a98%\uff0c\u4e0b\u9650\uff1a55%\uff0c\u63a7\u5236\u8f93\u51fa\uff1a77.0%\u4e8c\u671f6\u53f7\u98ce\u673a\u8fd0\u884c\uff0c\u53cd\u9988\uff1a73%\uff0c\u4e0a\u9650\uff1a98%\uff0c\u4e0b\u9650\uff1a55%\uff0c\u63a7\u5236\u8f93\u51fa\uff1a77.0%"}
2026-06-08 09:57:05,988 - MQTTClient - 99 - DEBUG - Published: Rpc/ - {"\u865a\u62df\u8bbe\u5907": {"\u4e00\u671f1\u53f7\u98ce\u673a\u542f\u505c": 1}}
2026-06-08 09:57:05,992 - MQTTClient - 99 - DEBUG - Published: Rpc/ - {"\u865a\u62df\u8bbe\u5907": {"\u4e00\u671f2\u53f7\u98ce\u673a\u542f\u505c": 1}}
2026-06-08 09:57:05,995 - MQTTClient - 99 - DEBUG - Published: Rpc/ - {"\u865a\u62df\u8bbe\u5907": {"\u4e00\u671f3\u53f7\u98ce\u673a\u542f\u505c": 1}}
2026-06-08 09:57:06,000 - MQTTClient - 99 - DEBUG - Published: Rpc/ - {"\u865a\u62df\u8bbe\u5907": {"\u4e8c\u671f1\u53f7\u98ce\u673a\u542f\u505c": 1}}
2026-06-08 09:57:06,003 - MQTTClient - 99 - DEBUG - Published: Rpc/ - {"\u865a\u62df\u8bbe\u5907": {"\u4e8c\u671f1\u53f7\u98ce\u673aSV\u503c": 78.0}}
2026-06-08 09:57:06,004 - MQTTClient - 99 - DEBUG - Published: Rpc/ - {"\u865a\u62df\u8bbe\u5907": {"\u4e8c\u671f3\u53f7\u98ce\u673a\u542f\u505c": 1}}
2026-06-08 09:57:06,005 - MQTTClient - 99 - DEBUG - Published: Rpc/ - {"\u865a\u62df\u8bbe\u5907": {"\u4e8c\u671f3\u53f7\u98ce\u673aSV\u503c": 78.0}}
2026-06-08 09:57:06,007 - MQTTClient - 99 - DEBUG - Published: Rpc/ - {"\u865a\u62df\u8bbe\u5907": {"\u4e8c\u671f6\u53f7\u98ce\u673a\u542f\u505c": 1}}
2026-06-08 09:57:06,011 - MQTTClient - 99 - DEBUG - Published: Rpc/ - {"\u865a\u62df\u8bbe\u5907": {"\u4e8c\u671f6\u53f7\u98ce\u673aSV\u503c": 78.0}}
2026-06-08 09:57:06,012 - MQTTClient - 99 - DEBUG - Published: /idms/api/v1/createControlX - {"type": "\u66dd\u6c14\u667a\u80fd\u4f53", "time": "2026-06-08 09:57:05", "algorithmVersion": "v1.0.0", "controller": "\u9ec4\u5188AI\u7b97\u6cd5\u63a7\u5236", "outputCommand": "\u4e00\u671f\u751f\u7269\u6c60#\u5b9e\u65f6\uff1a\u4e00\u671f\u6eb6\u89e3\u6c27\uff1a2mg/L\uff0c\u76ee\u6807\u503c\uff1a2mg/L#\u4e00\u671f1\u53f7\u98ce\u673a\u8fd0\u884c\uff0c\u53cd\u9988\uff1a57%\uff0c\u4e0a\u9650\uff1a100%\uff0c\u4e0b\u9650\uff1a55%\uff0c\u63a7\u5236\u8f93\u51fa\uff1a57.0%\u4e00\u671f2\u53f7\u98ce\u673a\u8fd0\u884c\uff0c\u53cd\u9988\uff1a57%\uff0c\u4e0a\u9650\uff1a100%\uff0c\u4e0b\u9650\uff1a55%\uff0c\u63a7\u5236\u8f93\u51fa\uff1a57.0%\u4e00\u671f3\u53f7\u98ce\u673a\u8fd0\u884c\uff0c\u53cd\u9988\uff1a57%\uff0c\u4e0a\u9650\uff1a100%\uff0c\u4e0b\u9650\uff1a55%\uff0c\u63a7\u5236\u8f93\u51fa\uff1a57.0%\u4e8c\u671f\u751f\u7269\u6c60#\u5b9e\u65f6\uff1a\u4e8c\u671f\u6eb6\u89e3\u6c27\uff1a1.47mg/L\uff0c\u76ee\u6807\u503c\uff1a2mg/L#\u4e8c\u671f1\u53f7\u98ce\u673a\u8fd0\u884c\uff0c\u53cd\u9988\uff1a73%\uff0c\u4e0a\u9650\uff1a98%\uff0c\u4e0b\u9650\uff1a55%\uff0c\u63a7\u5236\u8f93\u51fa\uff1a80.2%\u4e8c\u671f3\u53f7\u98ce\u673a\u8fd0\u884c\uff0c\u53cd\u9988\uff1a73%\uff0c\u4e0a\u9650\uff1a98%\uff0c\u4e0b\u9650\uff1a55%\uff0c\u63a7\u5236\u8f93\u51fa\uff1a80.2%\u4e8c\u671f6\u53f7\u98ce\u673a\u8fd0\u884c\uff0c\u53cd\u9988\uff1a73%\uff0c\u4e0a\u9650\uff1a98%\uff0c\u4e0b\u9650\uff1a55%\uff0c\u63a7\u5236\u8f93\u51fa\uff1a80.2%"}
2026-06-08 09:57:21,006 - MQTTClient - 99 - DEBUG - Published: Rpc/ - {"\u865a\u62df\u8bbe\u5907": {"\u4e8c\u671f1\u53f7\u98ce\u673aSV\u503c": 80.2}}
2026-06-08 09:57:21,009 - MQTTClient - 99 - DEBUG - Published: Rpc/ - {"\u865a\u62df\u8bbe\u5907": {"\u4e8c\u671f3\u53f7\u98ce\u673aSV\u503c": 80.2}}
2026-06-08 09:57:21,015 - MQTTClient - 99 - DEBUG - Published: Rpc/ - {"\u865a\u62df\u8bbe\u5907": {"\u4e8c\u671f6\u53f7\u98ce\u673aSV\u503c": 80.2}}
2026-06-08 09:59:06,114 - MQTTClient - 99 - DEBUG - Published: Rpc/ - {"\u865a\u62df\u8bbe\u5907": {"\u4e00\u671f1\u53f7\u98ce\u673a\u542f\u505c": 1}}
2026-06-08 09:59:06,115 - MQTTClient - 99 - DEBUG - Published: Rpc/ - {"\u865a\u62df\u8bbe\u5907": {"\u4e00\u671f2\u53f7\u98ce\u673a\u542f\u505c": 1}}
2026-06-08 09:59:06,117 - MQTTClient - 99 - DEBUG - Published: Rpc/ - {"\u865a\u62df\u8bbe\u5907": {"\u4e00\u671f3\u53f7\u98ce\u673a\u542f\u505c": 1}}
2026-06-08 09:59:06,119 - MQTTClient - 99 - DEBUG - Published: Rpc/ - {"\u865a\u62df\u8bbe\u5907": {"\u4e8c\u671f1\u53f7\u98ce\u673a\u542f\u505c": 1}}
2026-06-08 09:59:06,120 - MQTTClient - 99 - DEBUG - Published: Rpc/ - {"\u865a\u62df\u8bbe\u5907": {"\u4e8c\u671f1\u53f7\u98ce\u673aSV\u503c": 78.0}}
2026-06-08 09:59:06,120 - MQTTClient - 99 - DEBUG - Published: Rpc/ - {"\u865a\u62df\u8bbe\u5907": {"\u4e8c\u671f3\u53f7\u98ce\u673a\u542f\u505c": 1}}
2026-06-08 09:59:06,121 - MQTTClient - 99 - DEBUG - Published: Rpc/ - {"\u865a\u62df\u8bbe\u5907": {"\u4e8c\u671f3\u53f7\u98ce\u673aSV\u503c": 78.0}}
2026-06-08 09:59:06,121 - MQTTClient - 99 - DEBUG - Published: Rpc/ - {"\u865a\u62df\u8bbe\u5907": {"\u4e8c\u671f6\u53f7\u98ce\u673a\u542f\u505c": 1}}
2026-06-08 09:59:06,122 - MQTTClient - 99 - DEBUG - Published: Rpc/ - {"\u865a\u62df\u8bbe\u5907": {"\u4e8c\u671f6\u53f7\u98ce\u673aSV\u503c": 78.0}}
2026-06-08 09:59:06,123 - MQTTClient - 99 - DEBUG - Published: /idms/api/v1/createControlX - {"type": "\u66dd\u6c14\u667a\u80fd\u4f53", "time": "2026-06-08 09:59:06", "algorithmVersion": "v1.0.0", "controller": "\u9ec4\u5188AI\u7b97\u6cd5\u63a7\u5236", "outputCommand": "\u4e00\u671f\u751f\u7269\u6c60#\u5b9e\u65f6\uff1a\u4e00\u671f\u6eb6\u89e3\u6c27\uff1a2mg/L\uff0c\u76ee\u6807\u503c\uff1a2mg/L#\u4e00\u671f1\u53f7\u98ce\u673a\u8fd0\u884c\uff0c\u53cd\u9988\uff1a57%\uff0c\u4e0a\u9650\uff1a100%\uff0c\u4e0b\u9650\uff1a55%\uff0c\u63a7\u5236\u8f93\u51fa\uff1a57.0%\u4e00\u671f2\u53f7\u98ce\u673a\u8fd0\u884c\uff0c\u53cd\u9988\uff1a57%\uff0c\u4e0a\u9650\uff1a100%\uff0c\u4e0b\u9650\uff1a55%\uff0c\u63a7\u5236\u8f93\u51fa\uff1a57.0%\u4e00\u671f3\u53f7\u98ce\u673a\u8fd0\u884c\uff0c\u53cd\u9988\uff1a57%\uff0c\u4e0a\u9650\uff1a100%\uff0c\u4e0b\u9650\uff1a55%\uff0c\u63a7\u5236\u8f93\u51fa\uff1a57.0%\u4e8c\u671f\u751f\u7269\u6c60#\u5b9e\u65f6\uff1a\u4e8c\u671f\u6eb6\u89e3\u6c27\uff1a1.47mg/L\uff0c\u76ee\u6807\u503c\uff1a2mg/L#\u4e8c\u671f1\u53f7\u98ce\u673a\u8fd0\u884c\uff0c\u53cd\u9988\uff1a73%\uff0c\u4e0a\u9650\uff1a98%\uff0c\u4e0b\u9650\uff1a55%\uff0c\u63a7\u5236\u8f93\u51fa\uff1a80.2%\u4e8c\u671f3\u53f7\u98ce\u673a\u8fd0\u884c\uff0c\u53cd\u9988\uff1a73%\uff0c\u4e0a\u9650\uff1a98%\uff0c\u4e0b\u9650\uff1a55%\uff0c\u63a7\u5236\u8f93\u51fa\uff1a80.2%\u4e8c\u671f6\u53f7\u98ce\u673a\u8fd0\u884c\uff0c\u53cd\u9988\uff1a73%\uff0c\u4e0a\u9650\uff1a98%\uff0c\u4e0b\u9650\uff1a55%\uff0c\u63a7\u5236\u8f93\u51fa\uff1a80.2%"}
2026-06-08 09:59:21,122 - MQTTClient - 99 - DEBUG - Published: Rpc/ - {"\u865a\u62df\u8bbe\u5907": {"\u4e8c\u671f1\u53f7\u98ce\u673aSV\u503c": 80.2}}
2026-06-08 09:59:21,123 - MQTTClient - 99 - DEBUG - Published: Rpc/ - {"\u865a\u62df\u8bbe\u5907": {"\u4e8c\u671f3\u53f7\u98ce\u673aSV\u503c": 80.2}}
2026-06-08 09:59:21,125 - MQTTClient - 99 - DEBUG - Published: Rpc/ - {"\u865a\u62df\u8bbe\u5907": {"\u4e8c\u671f6\u53f7\u98ce\u673aSV\u503c": 80.2}}
2026-06-08 10:01:06,233 - MQTTClient - 99 - DEBUG - Published: Rpc/ - {"\u865a\u62df\u8bbe\u5907": {"\u4e00\u671f1\u53f7\u98ce\u673a\u542f\u505c": 1}}
2026-06-08 10:01:06,236 - MQTTClient - 99 - DEBUG - Published: Rpc/ - {"\u865a\u62df\u8bbe\u5907": {"\u4e00\u671f2\u53f7\u98ce\u673a\u542f\u505c": 1}}
2026-06-08 10:01:06,238 - MQTTClient - 99 - DEBUG - Published: Rpc/ - {"\u865a\u62df\u8bbe\u5907": {"\u4e00\u671f3\u53f7\u98ce\u673a\u542f\u505c": 1}}
2026-06-08 10:01:06,239 - MQTTClient - 99 - DEBUG - Published: Rpc/ - {"\u865a\u62df\u8bbe\u5907": {"\u4e8c\u671f1\u53f7\u98ce\u673a\u542f\u505c": 1}}
2026-06-08 10:01:06,241 - MQTTClient - 99 - DEBUG - Published: Rpc/ - {"\u865a\u62df\u8bbe\u5907": {"\u4e8c\u671f1\u53f7\u98ce\u673aSV\u503c": 77.0}}
2026-06-08 10:01:06,241 - MQTTClient - 99 - DEBUG - Published: Rpc/ - {"\u865a\u62df\u8bbe\u5907": {"\u4e8c\u671f3\u53f7\u98ce\u673a\u542f\u505c": 1}}
2026-06-08 10:01:06,242 - MQTTClient - 99 - DEBUG - Published: Rpc/ - {"\u865a\u62df\u8bbe\u5907": {"\u4e8c\u671f3\u53f7\u98ce\u673aSV\u503c": 77.0}}
2026-06-08 10:01:06,243 - MQTTClient - 99 - DEBUG - Published: Rpc/ - {"\u865a\u62df\u8bbe\u5907": {"\u4e8c\u671f6\u53f7\u98ce\u673a\u542f\u505c": 1}}
2026-06-08 10:01:06,244 - MQTTClient - 99 - DEBUG - Published: Rpc/ - {"\u865a\u62df\u8bbe\u5907": {"\u4e8c\u671f6\u53f7\u98ce\u673aSV\u503c": 77.0}}
2026-06-08 10:01:06,244 - MQTTClient - 99 - DEBUG - Published: /idms/api/v1/createControlX - {"type": "\u66dd\u6c14\u667a\u80fd\u4f53", "time": "2026-06-08 10:01:06", "algorithmVersion": "v1.0.0", "controller": "\u9ec4\u5188AI\u7b97\u6cd5\u63a7\u5236", "outputCommand": "\u4e00\u671f\u751f\u7269\u6c60#\u5b9e\u65f6\uff1a\u4e00\u671f\u6eb6\u89e3\u6c27\uff1a2mg/L\uff0c\u76ee\u6807\u503c\uff1a2mg/L#\u4e00\u671f1\u53f7\u98ce\u673a\u8fd0\u884c\uff0c\u53cd\u9988\uff1a57%\uff0c\u4e0a\u9650\uff1a100%\uff0c\u4e0b\u9650\uff1a55%\uff0c\u63a7\u5236\u8f93\u51fa\uff1a57.0%\u4e00\u671f2\u53f7\u98ce\u673a\u8fd0\u884c\uff0c\u53cd\u9988\uff1a57%\uff0c\u4e0a\u9650\uff1a100%\uff0c\u4e0b\u9650\uff1a55%\uff0c\u63a7\u5236\u8f93\u51fa\uff1a57.0%\u4e00\u671f3\u53f7\u98ce\u673a\u8fd0\u884c\uff0c\u53cd\u9988\uff1a57%\uff0c\u4e0a\u9650\uff1a100%\uff0c\u4e0b\u9650\uff1a55%\uff0c\u63a7\u5236\u8f93\u51fa\uff1a57.0%\u4e8c\u671f\u751f\u7269\u6c60#\u5b9e\u65f6\uff1a\u4e8c\u671f\u6eb6\u89e3\u6c27\uff1a1.47mg/L\uff0c\u76ee\u6807\u503c\uff1a2mg/L#\u4e8c\u671f1\u53f7\u98ce\u673a\u8fd0\u884c\uff0c\u53cd\u9988\uff1a73%\uff0c\u4e0a\u9650\uff1a98%\uff0c\u4e0b\u9650\uff1a55%\uff0c\u63a7\u5236\u8f93\u51fa\uff1a77.0%\u4e8c\u671f3\u53f7\u98ce\u673a\u8fd0\u884c\uff0c\u53cd\u9988\uff1a73%\uff0c\u4e0a\u9650\uff1a98%\uff0c\u4e0b\u9650\uff1a55%\uff0c\u63a7\u5236\u8f93\u51fa\uff1a77.0%\u4e8c\u671f6\u53f7\u98ce\u673a\u8fd0\u884c\uff0c\u53cd\u9988\uff1a73%\uff0c\u4e0a\u9650\uff1a98%\uff0c\u4e0b\u9650\uff1a55%\uff0c\u63a7\u5236\u8f93\u51fa\uff1a77.0%"}
2026-06-08 10:03:06,348 - MQTTClient - 99 - DEBUG - Published: Rpc/ - {"\u865a\u62df\u8bbe\u5907": {"\u4e00\u671f1\u53f7\u98ce\u673a\u542f\u505c": 1}}
2026-06-08 10:03:06,350 - MQTTClient - 99 - DEBUG - Published: Rpc/ - {"\u865a\u62df\u8bbe\u5907": {"\u4e00\u671f2\u53f7\u98ce\u673a\u542f\u505c": 1}}
2026-06-08 10:03:06,351 - MQTTClient - 99 - DEBUG - Published: Rpc/ - {"\u865a\u62df\u8bbe\u5907": {"\u4e00\u671f3\u53f7\u98ce\u673a\u542f\u505c": 1}}
2026-06-08 10:03:06,353 - MQTTClient - 99 - DEBUG - Published: Rpc/ - {"\u865a\u62df\u8bbe\u5907": {"\u4e8c\u671f1\u53f7\u98ce\u673a\u542f\u505c": 1}}
2026-06-08 10:03:06,354 - MQTTClient - 99 - DEBUG - Published: Rpc/ - {"\u865a\u62df\u8bbe\u5907": {"\u4e8c\u671f1\u53f7\u98ce\u673aSV\u503c": 78.0}}
2026-06-08 10:03:06,355 - MQTTClient - 99 - DEBUG - Published: Rpc/ - {"\u865a\u62df\u8bbe\u5907": {"\u4e8c\u671f3\u53f7\u98ce\u673a\u542f\u505c": 1}}
2026-06-08 10:03:06,356 - MQTTClient - 99 - DEBUG - Published: Rpc/ - {"\u865a\u62df\u8bbe\u5907": {"\u4e8c\u671f3\u53f7\u98ce\u673aSV\u503c": 78.0}}
2026-06-08 10:03:06,356 - MQTTClient - 99 - DEBUG - Published: Rpc/ - {"\u865a\u62df\u8bbe\u5907": {"\u4e8c\u671f6\u53f7\u98ce\u673a\u542f\u505c": 1}}
2026-06-08 10:03:06,357 - MQTTClient - 99 - DEBUG - Published: Rpc/ - {"\u865a\u62df\u8bbe\u5907": {"\u4e8c\u671f6\u53f7\u98ce\u673aSV\u503c": 78.0}}
2026-06-08 10:03:06,358 - MQTTClient - 99 - DEBUG - Published: /idms/api/v1/createControlX - {"type": "\u66dd\u6c14\u667a\u80fd\u4f53", "time": "2026-06-08 10:03:06", "algorithmVersion": "v1.0.0", "controller": "\u9ec4\u5188AI\u7b97\u6cd5\u63a7\u5236", "outputCommand": "\u4e00\u671f\u751f\u7269\u6c60#\u5b9e\u65f6\uff1a\u4e00\u671f\u6eb6\u89e3\u6c27\uff1a2mg/L\uff0c\u76ee\u6807\u503c\uff1a2mg/L#\u4e00\u671f1\u53f7\u98ce\u673a\u8fd0\u884c\uff0c\u53cd\u9988\uff1a57%\uff0c\u4e0a\u9650\uff1a100%\uff0c\u4e0b\u9650\uff1a55%\uff0c\u63a7\u5236\u8f93\u51fa\uff1a57.0%\u4e00\u671f2\u53f7\u98ce\u673a\u8fd0\u884c\uff0c\u53cd\u9988\uff1a57%\uff0c\u4e0a\u9650\uff1a100%\uff0c\u4e0b\u9650\uff1a55%\uff0c\u63a7\u5236\u8f93\u51fa\uff1a57.0%\u4e00\u671f3\u53f7\u98ce\u673a\u8fd0\u884c\uff0c\u53cd\u9988\uff1a57%\uff0c\u4e0a\u9650\uff1a100%\uff0c\u4e0b\u9650\uff1a55%\uff0c\u63a7\u5236\u8f93\u51fa\uff1a57.0%\u4e8c\u671f\u751f\u7269\u6c60#\u5b9e\u65f6\uff1a\u4e8c\u671f\u6eb6\u89e3\u6c27\uff1a1.47mg/L\uff0c\u76ee\u6807\u503c\uff1a2mg/L#\u4e8c\u671f1\u53f7\u98ce\u673a\u8fd0\u884c\uff0c\u53cd\u9988\uff1a73%\uff0c\u4e0a\u9650\uff1a98%\uff0c\u4e0b\u9650\uff1a55%\uff0c\u63a7\u5236\u8f93\u51fa\uff1a80.2%\u4e8c\u671f3\u53f7\u98ce\u673a\u8fd0\u884c\uff0c\u53cd\u9988\uff1a73%\uff0c\u4e0a\u9650\uff1a98%\uff0c\u4e0b\u9650\uff1a55%\uff0c\u63a7\u5236\u8f93\u51fa\uff1a80.2%\u4e8c\u671f6\u53f7\u98ce\u673a\u8fd0\u884c\uff0c\u53cd\u9988\uff1a73%\uff0c\u4e0a\u9650\uff1a98%\uff0c\u4e0b\u9650\uff1a55%\uff0c\u63a7\u5236\u8f93\u51fa\uff1a80.2%"}
2026-06-08 10:03:21,356 - MQTTClient - 99 - DEBUG - Published: Rpc/ - {"\u865a\u62df\u8bbe\u5907": {"\u4e8c\u671f1\u53f7\u98ce\u673aSV\u503c": 80.2}}
2026-06-08 10:03:21,358 - MQTTClient - 99 - DEBUG - Published: Rpc/ - {"\u865a\u62df\u8bbe\u5907": {"\u4e8c\u671f3\u53f7\u98ce\u673aSV\u503c": 80.2}}
2026-06-08 10:03:21,359 - MQTTClient - 99 - DEBUG - Published: Rpc/ - {"\u865a\u62df\u8bbe\u5907": {"\u4e8c\u671f6\u53f7\u98ce\u673aSV\u503c": 80.2}}
2026-06-08 10:05:06,458 - MQTTClient - 99 - DEBUG - Published: Rpc/ - {"\u865a\u62df\u8bbe\u5907": {"\u4e00\u671f1\u53f7\u98ce\u673a\u542f\u505c": 1}}
2026-06-08 10:05:06,460 - MQTTClient - 99 - DEBUG - Published: Rpc/ - {"\u865a\u62df\u8bbe\u5907": {"\u4e00\u671f2\u53f7\u98ce\u673a\u542f\u505c": 1}}
2026-06-08 10:05:06,461 - MQTTClient - 99 - DEBUG - Published: Rpc/ - {"\u865a\u62df\u8bbe\u5907": {"\u4e00\u671f3\u53f7\u98ce\u673a\u542f\u505c": 1}}
2026-06-08 10:05:06,462 - MQTTClient - 99 - DEBUG - Published: Rpc/ - {"\u865a\u62df\u8bbe\u5907": {"\u4e8c\u671f1\u53f7\u98ce\u673a\u542f\u505c": 1}}
2026-06-08 10:05:06,463 - MQTTClient - 99 - DEBUG - Published: Rpc/ - {"\u865a\u62df\u8bbe\u5907": {"\u4e8c\u671f1\u53f7\u98ce\u673aSV\u503c": 78.0}}
2026-06-08 10:05:06,464 - MQTTClient - 99 - DEBUG - Published: Rpc/ - {"\u865a\u62df\u8bbe\u5907": {"\u4e8c\u671f3\u53f7\u98ce\u673a\u542f\u505c": 1}}
2026-06-08 10:05:06,467 - MQTTClient - 99 - DEBUG - Published: Rpc/ - {"\u865a\u62df\u8bbe\u5907": {"\u4e8c\u671f3\u53f7\u98ce\u673aSV\u503c": 78.0}}
2026-06-08 10:05:06,467 - MQTTClient - 99 - DEBUG - Published: Rpc/ - {"\u865a\u62df\u8bbe\u5907": {"\u4e8c\u671f6\u53f7\u98ce\u673a\u542f\u505c": 1}}
2026-06-08 10:05:06,469 - MQTTClient - 99 - DEBUG - Published: Rpc/ - {"\u865a\u62df\u8bbe\u5907": {"\u4e8c\u671f6\u53f7\u98ce\u673aSV\u503c": 78.0}}
2026-06-08 10:05:06,470 - MQTTClient - 99 - DEBUG - Published: /idms/api/v1/createControlX - {"type": "\u66dd\u6c14\u667a\u80fd\u4f53", "time": "2026-06-08 10:05:06", "algorithmVersion": "v1.0.0", "controller": "\u9ec4\u5188AI\u7b97\u6cd5\u63a7\u5236", "outputCommand": "\u4e00\u671f\u751f\u7269\u6c60#\u5b9e\u65f6\uff1a\u4e00\u671f\u6eb6\u89e3\u6c27\uff1a2mg/L\uff0c\u76ee\u6807\u503c\uff1a2mg/L#\u4e00\u671f1\u53f7\u98ce\u673a\u8fd0\u884c\uff0c\u53cd\u9988\uff1a57%\uff0c\u4e0a\u9650\uff1a100%\uff0c\u4e0b\u9650\uff1a55%\uff0c\u63a7\u5236\u8f93\u51fa\uff1a57.0%\u4e00\u671f2\u53f7\u98ce\u673a\u8fd0\u884c\uff0c\u53cd\u9988\uff1a57%\uff0c\u4e0a\u9650\uff1a100%\uff0c\u4e0b\u9650\uff1a55%\uff0c\u63a7\u5236\u8f93\u51fa\uff1a57.0%\u4e00\u671f3\u53f7\u98ce\u673a\u8fd0\u884c\uff0c\u53cd\u9988\uff1a57%\uff0c\u4e0a\u9650\uff1a100%\uff0c\u4e0b\u9650\uff1a55%\uff0c\u63a7\u5236\u8f93\u51fa\uff1a57.0%\u4e8c\u671f\u751f\u7269\u6c60#\u5b9e\u65f6\uff1a\u4e8c\u671f\u6eb6\u89e3\u6c27\uff1a1.47mg/L\uff0c\u76ee\u6807\u503c\uff1a2mg/L#\u4e8c\u671f1\u53f7\u98ce\u673a\u8fd0\u884c\uff0c\u53cd\u9988\uff1a73%\uff0c\u4e0a\u9650\uff1a98%\uff0c\u4e0b\u9650\uff1a55%\uff0c\u63a7\u5236\u8f93\u51fa\uff1a80.2%\u4e8c\u671f3\u53f7\u98ce\u673a\u8fd0\u884c\uff0c\u53cd\u9988\uff1a73%\uff0c\u4e0a\u9650\uff1a98%\uff0c\u4e0b\u9650\uff1a55%\uff0c\u63a7\u5236\u8f93\u51fa\uff1a80.2%\u4e8c\u671f6\u53f7\u98ce\u673a\u8fd0\u884c\uff0c\u53cd\u9988\uff1a73%\uff0c\u4e0a\u9650\uff1a98%\uff0c\u4e0b\u9650\uff1a55%\uff0c\u63a7\u5236\u8f93\u51fa\uff1a80.2%"}
2026-06-08 10:05:21,465 - MQTTClient - 99 - DEBUG - Published: Rpc/ - {"\u865a\u62df\u8bbe\u5907": {"\u4e8c\u671f1\u53f7\u98ce\u673aSV\u503c": 80.2}}
2026-06-08 10:05:21,469 - MQTTClient - 99 - DEBUG - Published: Rpc/ - {"\u865a\u62df\u8bbe\u5907": {"\u4e8c\u671f3\u53f7\u98ce\u673aSV\u503c": 80.2}}
2026-06-08 10:05:21,473 - MQTTClient - 99 - DEBUG - Published: Rpc/ - {"\u865a\u62df\u8bbe\u5907": {"\u4e8c\u671f6\u53f7\u98ce\u673aSV\u503c": 80.2}}
2026-06-08 10:07:06,575 - MQTTClient - 99 - DEBUG - Published: Rpc/ - {"\u865a\u62df\u8bbe\u5907": {"\u4e00\u671f1\u53f7\u98ce\u673a\u542f\u505c": 1}}
2026-06-08 10:07:06,576 - MQTTClient - 99 - DEBUG - Published: Rpc/ - {"\u865a\u62df\u8bbe\u5907": {"\u4e00\u671f2\u53f7\u98ce\u673a\u542f\u505c": 1}}
2026-06-08 10:07:06,578 - MQTTClient - 99 - DEBUG - Published: Rpc/ - {"\u865a\u62df\u8bbe\u5907": {"\u4e00\u671f3\u53f7\u98ce\u673a\u542f\u505c": 1}}
2026-06-08 10:07:06,580 - MQTTClient - 99 - DEBUG - Published: Rpc/ - {"\u865a\u62df\u8bbe\u5907": {"\u4e8c\u671f1\u53f7\u98ce\u673a\u542f\u505c": 1}}
2026-06-08 10:07:06,581 - MQTTClient - 99 - DEBUG - Published: Rpc/ - {"\u865a\u62df\u8bbe\u5907": {"\u4e8c\u671f1\u53f7\u98ce\u673aSV\u503c": 77.0}}
2026-06-08 10:07:06,581 - MQTTClient - 99 - DEBUG - Published: Rpc/ - {"\u865a\u62df\u8bbe\u5907": {"\u4e8c\u671f3\u53f7\u98ce\u673a\u542f\u505c": 1}}
2026-06-08 10:07:06,583 - MQTTClient - 99 - DEBUG - Published: Rpc/ - {"\u865a\u62df\u8bbe\u5907": {"\u4e8c\u671f3\u53f7\u98ce\u673aSV\u503c": 77.0}}
2026-06-08 10:07:06,583 - MQTTClient - 99 - DEBUG - Published: Rpc/ - {"\u865a\u62df\u8bbe\u5907": {"\u4e8c\u671f6\u53f7\u98ce\u673a\u542f\u505c": 1}}
2026-06-08 10:07:06,584 - MQTTClient - 99 - DEBUG - Published: Rpc/ - {"\u865a\u62df\u8bbe\u5907": {"\u4e8c\u671f6\u53f7\u98ce\u673aSV\u503c": 77.0}}
2026-06-08 10:07:06,584 - MQTTClient - 99 - DEBUG - Published: /idms/api/v1/createControlX - {"type": "\u66dd\u6c14\u667a\u80fd\u4f53", "time": "2026-06-08 10:07:06", "algorithmVersion": "v1.0.0", "controller": "\u9ec4\u5188AI\u7b97\u6cd5\u63a7\u5236", "outputCommand": "\u4e00\u671f\u751f\u7269\u6c60#\u5b9e\u65f6\uff1a\u4e00\u671f\u6eb6\u89e3\u6c27\uff1a2mg/L\uff0c\u76ee\u6807\u503c\uff1a2mg/L#\u4e00\u671f1\u53f7\u98ce\u673a\u8fd0\u884c\uff0c\u53cd\u9988\uff1a57%\uff0c\u4e0a\u9650\uff1a100%\uff0c\u4e0b\u9650\uff1a55%\uff0c\u63a7\u5236\u8f93\u51fa\uff1a57.0%\u4e00\u671f2\u53f7\u98ce\u673a\u8fd0\u884c\uff0c\u53cd\u9988\uff1a57%\uff0c\u4e0a\u9650\uff1a100%\uff0c\u4e0b\u9650\uff1a55%\uff0c\u63a7\u5236\u8f93\u51fa\uff1a57.0%\u4e00\u671f3\u53f7\u98ce\u673a\u8fd0\u884c\uff0c\u53cd\u9988\uff1a57%\uff0c\u4e0a\u9650\uff1a100%\uff0c\u4e0b\u9650\uff1a55%\uff0c\u63a7\u5236\u8f93\u51fa\uff1a57.0%\u4e8c\u671f\u751f\u7269\u6c60#\u5b9e\u65f6\uff1a\u4e8c\u671f\u6eb6\u89e3\u6c27\uff1a1.47mg/L\uff0c\u76ee\u6807\u503c\uff1a2mg/L#\u4e8c\u671f1\u53f7\u98ce\u673a\u8fd0\u884c\uff0c\u53cd\u9988\uff1a73%\uff0c\u4e0a\u9650\uff1a98%\uff0c\u4e0b\u9650\uff1a55%\uff0c\u63a7\u5236\u8f93\u51fa\uff1a77.0%\u4e8c\u671f3\u53f7\u98ce\u673a\u8fd0\u884c\uff0c\u53cd\u9988\uff1a73%\uff0c\u4e0a\u9650\uff1a98%\uff0c\u4e0b\u9650\uff1a55%\uff0c\u63a7\u5236\u8f93\u51fa\uff1a77.0%\u4e8c\u671f6\u53f7\u98ce\u673a\u8fd0\u884c\uff0c\u53cd\u9988\uff1a73%\uff0c\u4e0a\u9650\uff1a98%\uff0c\u4e0b\u9650\uff1a55%\uff0c\u63a7\u5236\u8f93\u51fa\uff1a77.0%"}
2026-06-08 10:09:06,693 - MQTTClient - 99 - DEBUG - Published: Rpc/ - {"\u865a\u62df\u8bbe\u5907": {"\u4e00\u671f1\u53f7\u98ce\u673a\u542f\u505c": 1}}
2026-06-08 10:09:06,695 - MQTTClient - 99 - DEBUG - Published: Rpc/ - {"\u865a\u62df\u8bbe\u5907": {"\u4e00\u671f2\u53f7\u98ce\u673a\u542f\u505c": 1}}
2026-06-08 10:09:06,696 - MQTTClient - 99 - DEBUG - Published: Rpc/ - {"\u865a\u62df\u8bbe\u5907": {"\u4e00\u671f3\u53f7\u98ce\u673a\u542f\u505c": 1}}
2026-06-08 10:09:06,697 - MQTTClient - 99 - DEBUG - Published: Rpc/ - {"\u865a\u62df\u8bbe\u5907": {"\u4e8c\u671f1\u53f7\u98ce\u673a\u542f\u505c": 1}}
2026-06-08 10:09:06,698 - MQTTClient - 99 - DEBUG - Published: Rpc/ - {"\u865a\u62df\u8bbe\u5907": {"\u4e8c\u671f1\u53f7\u98ce\u673aSV\u503c": 78.0}}
2026-06-08 10:09:06,698 - MQTTClient - 99 - DEBUG - Published: Rpc/ - {"\u865a\u62df\u8bbe\u5907": {"\u4e8c\u671f3\u53f7\u98ce\u673a\u542f\u505c": 1}}
2026-06-08 10:09:06,699 - MQTTClient - 99 - DEBUG - Published: Rpc/ - {"\u865a\u62df\u8bbe\u5907": {"\u4e8c\u671f3\u53f7\u98ce\u673aSV\u503c": 78.0}}
2026-06-08 10:09:06,700 - MQTTClient - 99 - DEBUG - Published: Rpc/ - {"\u865a\u62df\u8bbe\u5907": {"\u4e8c\u671f6\u53f7\u98ce\u673a\u542f\u505c": 1}}
2026-06-08 10:09:06,701 - MQTTClient - 99 - DEBUG - Published: Rpc/ - {"\u865a\u62df\u8bbe\u5907": {"\u4e8c\u671f6\u53f7\u98ce\u673aSV\u503c": 78.0}}
2026-06-08 10:09:06,702 - MQTTClient - 99 - DEBUG - Published: /idms/api/v1/createControlX - {"type": "\u66dd\u6c14\u667a\u80fd\u4f53", "time": "2026-06-08 10:09:06", "algorithmVersion": "v1.0.0", "controller": "\u9ec4\u5188AI\u7b97\u6cd5\u63a7\u5236", "outputCommand": "\u4e00\u671f\u751f\u7269\u6c60#\u5b9e\u65f6\uff1a\u4e00\u671f\u6eb6\u89e3\u6c27\uff1a2mg/L\uff0c\u76ee\u6807\u503c\uff1a2mg/L#\u4e00\u671f1\u53f7\u98ce\u673a\u8fd0\u884c\uff0c\u53cd\u9988\uff1a57%\uff0c\u4e0a\u9650\uff1a100%\uff0c\u4e0b\u9650\uff1a55%\uff0c\u63a7\u5236\u8f93\u51fa\uff1a57.0%\u4e00\u671f2\u53f7\u98ce\u673a\u8fd0\u884c\uff0c\u53cd\u9988\uff1a57%\uff0c\u4e0a\u9650\uff1a100%\uff0c\u4e0b\u9650\uff1a55%\uff0c\u63a7\u5236\u8f93\u51fa\uff1a57.0%\u4e00\u671f3\u53f7\u98ce\u673a\u8fd0\u884c\uff0c\u53cd\u9988\uff1a57%\uff0c\u4e0a\u9650\uff1a100%\uff0c\u4e0b\u9650\uff1a55%\uff0c\u63a7\u5236\u8f93\u51fa\uff1a57.0%\u4e8c\u671f\u751f\u7269\u6c60#\u5b9e\u65f6\uff1a\u4e8c\u671f\u6eb6\u89e3\u6c27\uff1a1.47mg/L\uff0c\u76ee\u6807\u503c\uff1a2mg/L#\u4e8c\u671f1\u53f7\u98ce\u673a\u8fd0\u884c\uff0c\u53cd\u9988\uff1a73%\uff0c\u4e0a\u9650\uff1a98%\uff0c\u4e0b\u9650\uff1a55%\uff0c\u63a7\u5236\u8f93\u51fa\uff1a80.2%\u4e8c\u671f3\u53f7\u98ce\u673a\u8fd0\u884c\uff0c\u53cd\u9988\uff1a73%\uff0c\u4e0a\u9650\uff1a98%\uff0c\u4e0b\u9650\uff1a55%\uff0c\u63a7\u5236\u8f93\u51fa\uff1a80.2%\u4e8c\u671f6\u53f7\u98ce\u673a\u8fd0\u884c\uff0c\u53cd\u9988\uff1a73%\uff0c\u4e0a\u9650\uff1a98%\uff0c\u4e0b\u9650\uff1a55%\uff0c\u63a7\u5236\u8f93\u51fa\uff1a80.2%"}
2026-06-08 10:09:21,700 - MQTTClient - 99 - DEBUG - Published: Rpc/ - {"\u865a\u62df\u8bbe\u5907": {"\u4e8c\u671f1\u53f7\u98ce\u673aSV\u503c": 80.2}}
2026-06-08 10:09:21,701 - MQTTClient - 99 - DEBUG - Published: Rpc/ - {"\u865a\u62df\u8bbe\u5907": {"\u4e8c\u671f3\u53f7\u98ce\u673aSV\u503c": 80.2}}
2026-06-08 10:09:21,705 - MQTTClient - 99 - DEBUG - Published: Rpc/ - {"\u865a\u62df\u8bbe\u5907": {"\u4e8c\u671f6\u53f7\u98ce\u673aSV\u503c": 80.2}}
2026-06-08 10:11:06,791 - MQTTClient - 99 - DEBUG - Published: Rpc/ - {"\u865a\u62df\u8bbe\u5907": {"\u4e00\u671f1\u53f7\u98ce\u673a\u542f\u505c": 1}}
2026-06-08 10:11:06,794 - MQTTClient - 99 - DEBUG - Published: Rpc/ - {"\u865a\u62df\u8bbe\u5907": {"\u4e00\u671f2\u53f7\u98ce\u673a\u542f\u505c": 1}}
2026-06-08 10:11:06,795 - MQTTClient - 99 - DEBUG - Published: Rpc/ - {"\u865a\u62df\u8bbe\u5907": {"\u4e00\u671f3\u53f7\u98ce\u673a\u542f\u505c": 1}}
2026-06-08 10:11:06,797 - MQTTClient - 99 - DEBUG - Published: Rpc/ - {"\u865a\u62df\u8bbe\u5907": {"\u4e8c\u671f1\u53f7\u98ce\u673a\u542f\u505c": 1}}
2026-06-08 10:11:06,799 - MQTTClient - 99 - DEBUG - Published: Rpc/ - {"\u865a\u62df\u8bbe\u5907": {"\u4e8c\u671f1\u53f7\u98ce\u673aSV\u503c": 78.0}}
2026-06-08 10:11:06,800 - MQTTClient - 99 - DEBUG - Published: Rpc/ - {"\u865a\u62df\u8bbe\u5907": {"\u4e8c\u671f3\u53f7\u98ce\u673a\u542f\u505c": 1}}
2026-06-08 10:11:06,803 - MQTTClient - 99 - DEBUG - Published: Rpc/ - {"\u865a\u62df\u8bbe\u5907": {"\u4e8c\u671f3\u53f7\u98ce\u673aSV\u503c": 78.0}}
2026-06-08 10:11:06,804 - MQTTClient - 99 - DEBUG - Published: Rpc/ - {"\u865a\u62df\u8bbe\u5907": {"\u4e8c\u671f6\u53f7\u98ce\u673a\u542f\u505c": 1}}
2026-06-08 10:11:06,805 - MQTTClient - 99 - DEBUG - Published: Rpc/ - {"\u865a\u62df\u8bbe\u5907": {"\u4e8c\u671f6\u53f7\u98ce\u673aSV\u503c": 78.0}}
2026-06-08 10:11:06,805 - MQTTClient - 99 - DEBUG - Published: /idms/api/v1/createControlX - {"type": "\u66dd\u6c14\u667a\u80fd\u4f53", "time": "2026-06-08 10:11:06", "algorithmVersion": "v1.0.0", "controller": "\u9ec4\u5188AI\u7b97\u6cd5\u63a7\u5236", "outputCommand": "\u4e00\u671f\u751f\u7269\u6c60#\u5b9e\u65f6\uff1a\u4e00\u671f\u6eb6\u89e3\u6c27\uff1a2mg/L\uff0c\u76ee\u6807\u503c\uff1a2mg/L#\u4e00\u671f1\u53f7\u98ce\u673a\u8fd0\u884c\uff0c\u53cd\u9988\uff1a57%\uff0c\u4e0a\u9650\uff1a100%\uff0c\u4e0b\u9650\uff1a55%\uff0c\u63a7\u5236\u8f93\u51fa\uff1a57.0%\u4e00\u671f2\u53f7\u98ce\u673a\u8fd0\u884c\uff0c\u53cd\u9988\uff1a57%\uff0c\u4e0a\u9650\uff1a100%\uff0c\u4e0b\u9650\uff1a55%\uff0c\u63a7\u5236\u8f93\u51fa\uff1a57.0%\u4e00\u671f3\u53f7\u98ce\u673a\u8fd0\u884c\uff0c\u53cd\u9988\uff1a57%\uff0c\u4e0a\u9650\uff1a100%\uff0c\u4e0b\u9650\uff1a55%\uff0c\u63a7\u5236\u8f93\u51fa\uff1a57.0%\u4e8c\u671f\u751f\u7269\u6c60#\u5b9e\u65f6\uff1a\u4e8c\u671f\u6eb6\u89e3\u6c27\uff1a1.47mg/L\uff0c\u76ee\u6807\u503c\uff1a2mg/L#\u4e8c\u671f1\u53f7\u98ce\u673a\u8fd0\u884c\uff0c\u53cd\u9988\uff1a73%\uff0c\u4e0a\u9650\uff1a98%\uff0c\u4e0b\u9650\uff1a55%\uff0c\u63a7\u5236\u8f93\u51fa\uff1a80.2%\u4e8c\u671f3\u53f7\u98ce\u673a\u8fd0\u884c\uff0c\u53cd\u9988\uff1a73%\uff0c\u4e0a\u9650\uff1a98%\uff0c\u4e0b\u9650\uff1a55%\uff0c\u63a7\u5236\u8f93\u51fa\uff1a80.2%\u4e8c\u671f6\u53f7\u98ce\u673a\u8fd0\u884c\uff0c\u53cd\u9988\uff1a73%\uff0c\u4e0a\u9650\uff1a98%\uff0c\u4e0b\u9650\uff1a55%\uff0c\u63a7\u5236\u8f93\u51fa\uff1a80.2%"}
2026-06-08 13:42:06,051 - MQTTClient - 65 - ERROR - Broker unavailable: timed out, retrying in 3s...
2026-06-08 13:42:14,079 - MQTTClient - 65 - ERROR - Broker unavailable: timed out, retrying in 3s...
2026-06-08 13:42:22,095 - MQTTClient - 65 - ERROR - Broker unavailable: timed out, retrying in 3s...
2026-06-08 13:42:30,103 - MQTTClient - 65 - ERROR - Broker unavailable: timed out, retrying in 3s...
2026-06-08 13:42:38,112 - MQTTClient - 65 - ERROR - Broker unavailable: timed out, retrying in 3s...
2026-06-08 13:42:46,121 - MQTTClient - 65 - ERROR - Broker unavailable: timed out, retrying in 3s...
2026-06-08 13:43:29,580 - MQTTClient - 141 - DEBUG - Connected to 10.7.7.62 successfully
2026-06-08 13:43:29,581 - MQTTClient - 174 - DEBUG - Subscribed with QOS: (0,)
2026-06-08 13:43:29,615 - MQTTClient - 174 - DEBUG - Subscribed with QOS: (0,)
2026-06-08 14:28:18,370 - MQTTClient - 141 - DEBUG - Connected to 10.7.7.62 successfully
2026-06-08 14:28:18,371 - MQTTClient - 174 - DEBUG - Subscribed with QOS: (0,)
2026-06-08 14:28:18,460 - MQTTClient - 174 - DEBUG - Subscribed with QOS: (0,)
2026-06-09 13:47:31,441 - MQTTClient - 141 - DEBUG - Connected to 10.7.7.62 successfully
2026-06-09 13:47:31,470 - MQTTClient - 174 - DEBUG - Subscribed with QOS: (0,)
2026-06-09 13:47:31,581 - MQTTClient - 174 - DEBUG - Subscribed with QOS: (0,)
2026-06-10 09:48:41,851 - MQTTClient - 141 - DEBUG - Connected to 10.7.7.62 successfully
2026-06-10 09:48:41,853 - MQTTClient - 174 - DEBUG - Subscribed with QOS: (0,)
2026-06-10 09:48:41,878 - MQTTClient - 174 - DEBUG - Subscribed with QOS: (0,)
2026-06-10 09:50:56,980 - MQTTClient - 99 - DEBUG - Published: Rpc/ - {"\u865a\u62df\u8bbe\u5907": {"\u4e00\u671f1\u53f7\u98ce\u673a\u542f\u505c": 1}}
2026-06-10 09:50:56,980 - MQTTClient - 177 - DEBUG - Message published (mid=3)
2026-06-10 09:50:56,981 - MQTTClient - 99 - DEBUG - Published: Rpc/ - {"\u865a\u62df\u8bbe\u5907": {"\u4e00\u671f1\u53f7\u98ce\u673aSV\u503c": 100.0}}
2026-06-10 09:50:56,981 - MQTTClient - 177 - DEBUG - Message published (mid=4)
2026-06-10 09:50:56,982 - MQTTClient - 99 - DEBUG - Published: Rpc/ - {"\u865a\u62df\u8bbe\u5907": {"\u4e00\u671f3\u53f7\u98ce\u673a\u542f\u505c": 1}}
2026-06-10 09:50:56,983 - MQTTClient - 177 - DEBUG - Message published (mid=5)
2026-06-10 09:50:56,984 - MQTTClient - 99 - DEBUG - Published: Rpc/ - {"\u865a\u62df\u8bbe\u5907": {"\u4e00\u671f3\u53f7\u98ce\u673aSV\u503c": 100.0}}
2026-06-10 09:50:56,984 - MQTTClient - 177 - DEBUG - Message published (mid=6)
2026-06-10 09:50:56,985 - MQTTClient - 99 - DEBUG - Published: Rpc/ - {"\u865a\u62df\u8bbe\u5907": {"\u4e8c\u671f1\u53f7\u98ce\u673a\u542f\u505c": 1}}
2026-06-10 09:50:56,985 - MQTTClient - 177 - DEBUG - Message published (mid=7)
2026-06-10 09:50:56,986 - MQTTClient - 99 - DEBUG - Published: Rpc/ - {"\u865a\u62df\u8bbe\u5907": {"\u4e8c\u671f1\u53f7\u98ce\u673aSV\u503c": 83.0}}
2026-06-10 09:50:56,986 - MQTTClient - 177 - DEBUG - Message published (mid=8)
2026-06-10 09:50:56,987 - MQTTClient - 99 - DEBUG - Published: Rpc/ - {"\u865a\u62df\u8bbe\u5907": {"\u4e8c\u671f3\u53f7\u98ce\u673a\u542f\u505c": 1}}
2026-06-10 09:50:56,987 - MQTTClient - 177 - DEBUG - Message published (mid=9)
2026-06-10 09:50:56,989 - MQTTClient - 99 - DEBUG - Published: Rpc/ - {"\u865a\u62df\u8bbe\u5907": {"\u4e8c\u671f3\u53f7\u98ce\u673aSV\u503c": 84.0}}
2026-06-10 09:50:56,989 - MQTTClient - 177 - DEBUG - Message published (mid=10)
2026-06-10 09:50:56,989 - MQTTClient - 99 - DEBUG - Published: Rpc/ - {"\u865a\u62df\u8bbe\u5907": {"\u4e8c\u671f6\u53f7\u98ce\u673a\u542f\u505c": 1}}
2026-06-10 09:50:56,990 - MQTTClient - 177 - DEBUG - Message published (mid=11)
2026-06-10 09:50:56,991 - MQTTClient - 99 - DEBUG - Published: Rpc/ - {"\u865a\u62df\u8bbe\u5907": {"\u4e8c\u671f6\u53f7\u98ce\u673aSV\u503c": 84.0}}
2026-06-10 09:50:56,992 - MQTTClient - 177 - DEBUG - Message published (mid=12)
2026-06-10 09:50:56,992 - MQTTClient - 99 - DEBUG - Published: /idms/api/v1/createControlX - {"type": "\u66dd\u6c14\u667a\u80fd\u4f53", "time": "2026-06-10 09:50:56", "algorithmVersion": "v1.0.0", "controller": "\u9ec4\u5188AI\u7b97\u6cd5\u63a7\u5236", "outputCommand": "\u4e00\u671f\u751f\u7269\u6c60#\u5b9e\u65f6\uff1a\u4e00\u671f\u6eb6\u89e3\u6c27\uff1a3.97mg/L\uff0c\u76ee\u6807\u503c\uff1a2mg/L#\u4e00\u671f1\u53f7\u98ce\u673a\u8fd0\u884c\uff0c\u53cd\u9988\uff1a98%\uff0c\u4e0a\u9650\uff1a100%\uff0c\u4e0b\u9650\uff1a55%\uff0c\u63a7\u5236\u8f93\u51fa\uff1a100.0%\u4e00\u671f3\u53f7\u98ce\u673a\u8fd0\u884c\uff0c\u53cd\u9988\uff1a98%\uff0c\u4e0a\u9650\uff1a100%\uff0c\u4e0b\u9650\uff1a55%\uff0c\u63a7\u5236\u8f93\u51fa\uff1a100.0%\u4e8c\u671f\u751f\u7269\u6c60#\u5b9e\u65f6\uff1a\u4e8c\u671f\u6eb6\u89e3\u6c27\uff1a1.7mg/L\uff0c\u76ee\u6807\u503c\uff1a2mg/L#\u4e8c\u671f1\u53f7\u98ce\u673a\u8fd0\u884c\uff0c\u53cd\u9988\uff1a80%\uff0c\u4e0a\u9650\uff1a98%\uff0c\u4e0b\u9650\uff1a55%\uff0c\u63a7\u5236\u8f93\u51fa\uff1a83.0%\u4e8c\u671f3\u53f7\u98ce\u673a\u8fd0\u884c\uff0c\u53cd\u9988\uff1a81%\uff0c\u4e0a\u9650\uff1a98%\uff0c\u4e0b\u9650\uff1a55%\uff0c\u63a7\u5236\u8f93\u51fa\uff1a84.0%\u4e8c\u671f6\u53f7\u98ce\u673a\u8fd0\u884c\uff0c\u53cd\u9988\uff1a81%\uff0c\u4e0a\u9650\uff1a98%\uff0c\u4e0b\u9650\uff1a55%\uff0c\u63a7\u5236\u8f93\u51fa\uff1a84.0%"}
2026-06-10 09:50:56,992 - MQTTClient - 177 - DEBUG - Message published (mid=13)
2026-06-10 09:52:57,107 - MQTTClient - 99 - DEBUG - Published: Rpc/ - {"\u865a\u62df\u8bbe\u5907": {"\u4e00\u671f1\u53f7\u98ce\u673a\u542f\u505c": 1}}
2026-06-10 09:52:57,107 - MQTTClient - 177 - DEBUG - Message published (mid=14)
2026-06-10 09:52:57,109 - MQTTClient - 99 - DEBUG - Published: Rpc/ - {"\u865a\u62df\u8bbe\u5907": {"\u4e00\u671f1\u53f7\u98ce\u673aSV\u503c": 100.0}}
2026-06-10 09:52:57,109 - MQTTClient - 177 - DEBUG - Message published (mid=15)
2026-06-10 09:52:57,110 - MQTTClient - 99 - DEBUG - Published: Rpc/ - {"\u865a\u62df\u8bbe\u5907": {"\u4e00\u671f3\u53f7\u98ce\u673a\u542f\u505c": 1}}
2026-06-10 09:52:57,111 - MQTTClient - 177 - DEBUG - Message published (mid=16)
2026-06-10 09:52:57,112 - MQTTClient - 177 - DEBUG - Message published (mid=17)
2026-06-10 09:52:57,112 - MQTTClient - 99 - DEBUG - Published: Rpc/ - {"\u865a\u62df\u8bbe\u5907": {"\u4e00\u671f3\u53f7\u98ce\u673aSV\u503c": 100.0}}
2026-06-10 09:52:57,112 - MQTTClient - 99 - DEBUG - Published: Rpc/ - {"\u865a\u62df\u8bbe\u5907": {"\u4e8c\u671f1\u53f7\u98ce\u673a\u542f\u505c": 1}}
2026-06-10 09:52:57,112 - MQTTClient - 177 - DEBUG - Message published (mid=18)
2026-06-10 09:52:57,114 - MQTTClient - 99 - DEBUG - Published: Rpc/ - {"\u865a\u62df\u8bbe\u5907": {"\u4e8c\u671f1\u53f7\u98ce\u673aSV\u503c": 77.2}}
2026-06-10 09:52:57,114 - MQTTClient - 177 - DEBUG - Message published (mid=19)
2026-06-10 09:52:57,114 - MQTTClient - 99 - DEBUG - Published: Rpc/ - {"\u865a\u62df\u8bbe\u5907": {"\u4e8c\u671f3\u53f7\u98ce\u673a\u542f\u505c": 1}}
2026-06-10 09:52:57,115 - MQTTClient - 177 - DEBUG - Message published (mid=20)
2026-06-10 09:52:57,115 - MQTTClient - 99 - DEBUG - Published: Rpc/ - {"\u865a\u62df\u8bbe\u5907": {"\u4e8c\u671f3\u53f7\u98ce\u673aSV\u503c": 78.2}}
2026-06-10 09:52:57,117 - MQTTClient - 177 - DEBUG - Message published (mid=21)
2026-06-10 09:52:57,117 - MQTTClient - 99 - DEBUG - Published: Rpc/ - {"\u865a\u62df\u8bbe\u5907": {"\u4e8c\u671f6\u53f7\u98ce\u673a\u542f\u505c": 1}}
2026-06-10 09:52:57,117 - MQTTClient - 177 - DEBUG - Message published (mid=22)
2026-06-10 09:52:57,119 - MQTTClient - 99 - DEBUG - Published: Rpc/ - {"\u865a\u62df\u8bbe\u5907": {"\u4e8c\u671f6\u53f7\u98ce\u673aSV\u503c": 78.2}}
2026-06-10 09:52:57,119 - MQTTClient - 177 - DEBUG - Message published (mid=23)
2026-06-10 09:52:57,119 - MQTTClient - 99 - DEBUG - Published: /idms/api/v1/createControlX - {"type": "\u66dd\u6c14\u667a\u80fd\u4f53", "time": "2026-06-10 09:52:57", "algorithmVersion": "v1.0.0", "controller": "\u9ec4\u5188AI\u7b97\u6cd5\u63a7\u5236", "outputCommand": "\u4e00\u671f\u751f\u7269\u6c60#\u5b9e\u65f6\uff1a\u4e00\u671f\u6eb6\u89e3\u6c27\uff1a3.89mg/L\uff0c\u76ee\u6807\u503c\uff1a2mg/L#\u4e00\u671f1\u53f7\u98ce\u673a\u8fd0\u884c\uff0c\u53cd\u9988\uff1a98%\uff0c\u4e0a\u9650\uff1a100%\uff0c\u4e0b\u9650\uff1a55%\uff0c\u63a7\u5236\u8f93\u51fa\uff1a100.0%\u4e00\u671f3\u53f7\u98ce\u673a\u8fd0\u884c\uff0c\u53cd\u9988\uff1a98%\uff0c\u4e0a\u9650\uff1a100%\uff0c\u4e0b\u9650\uff1a55%\uff0c\u63a7\u5236\u8f93\u51fa\uff1a100.0%\u4e8c\u671f\u751f\u7269\u6c60#\u5b9e\u65f6\uff1a\u4e8c\u671f\u6eb6\u89e3\u6c27\uff1a2.3mg/L\uff0c\u76ee\u6807\u503c\uff1a2mg/L#\u4e8c\u671f1\u53f7\u98ce\u673a\u8fd0\u884c\uff0c\u53cd\u9988\uff1a80%\uff0c\u4e0a\u9650\uff1a98%\uff0c\u4e0b\u9650\uff1a55%\uff0c\u63a7\u5236\u8f93\u51fa\uff1a77.2%\u4e8c\u671f3\u53f7\u98ce\u673a\u8fd0\u884c\uff0c\u53cd\u9988\uff1a81%\uff0c\u4e0a\u9650\uff1a98%\uff0c\u4e0b\u9650\uff1a55%\uff0c\u63a7\u5236\u8f93\u51fa\uff1a78.2%\u4e8c\u671f6\u53f7\u98ce\u673a\u8fd0\u884c\uff0c\u53cd\u9988\uff1a81%\uff0c\u4e0a\u9650\uff1a98%\uff0c\u4e0b\u9650\uff1a55%\uff0c\u63a7\u5236\u8f93\u51fa\uff1a78.2%"}
2026-06-10 09:52:57,119 - MQTTClient - 177 - DEBUG - Message published (mid=24)
2026-06-10 09:54:57,285 - MQTTClient - 177 - DEBUG - Message published (mid=25)
2026-06-10 09:54:57,285 - MQTTClient - 99 - DEBUG - Published: Rpc/ - {"\u865a\u62df\u8bbe\u5907": {"\u4e00\u671f1\u53f7\u98ce\u673a\u542f\u505c": 1}}
2026-06-10 09:54:57,289 - MQTTClient - 177 - DEBUG - Message published (mid=26)
2026-06-10 09:54:57,289 - MQTTClient - 99 - DEBUG - Published: Rpc/ - {"\u865a\u62df\u8bbe\u5907": {"\u4e00\u671f1\u53f7\u98ce\u673aSV\u503c": 100.0}}
2026-06-10 09:54:57,290 - MQTTClient - 99 - DEBUG - Published: Rpc/ - {"\u865a\u62df\u8bbe\u5907": {"\u4e00\u671f3\u53f7\u98ce\u673a\u542f\u505c": 1}}
2026-06-10 09:54:57,291 - MQTTClient - 177 - DEBUG - Message published (mid=27)
2026-06-10 09:54:57,294 - MQTTClient - 99 - DEBUG - Published: Rpc/ - {"\u865a\u62df\u8bbe\u5907": {"\u4e00\u671f3\u53f7\u98ce\u673aSV\u503c": 100.0}}
2026-06-10 09:54:57,294 - MQTTClient - 177 - DEBUG - Message published (mid=28)
2026-06-10 09:54:57,296 - MQTTClient - 99 - DEBUG - Published: Rpc/ - {"\u865a\u62df\u8bbe\u5907": {"\u4e8c\u671f1\u53f7\u98ce\u673a\u542f\u505c": 1}}
2026-06-10 09:54:57,297 - MQTTClient - 177 - DEBUG - Message published (mid=29)
2026-06-10 09:54:57,299 - MQTTClient - 177 - DEBUG - Message published (mid=30)
2026-06-10 09:54:57,300 - MQTTClient - 99 - DEBUG - Published: Rpc/ - {"\u865a\u62df\u8bbe\u5907": {"\u4e8c\u671f3\u53f7\u98ce\u673a\u542f\u505c": 1}}
2026-06-10 09:54:57,300 - MQTTClient - 99 - DEBUG - Published: Rpc/ - {"\u865a\u62df\u8bbe\u5907": {"\u4e8c\u671f1\u53f7\u98ce\u673aSV\u503c": 78.2}}
2026-06-10 09:54:57,301 - MQTTClient - 177 - DEBUG - Message published (mid=31)
2026-06-10 09:54:57,305 - MQTTClient - 177 - DEBUG - Message published (mid=32)
2026-06-10 09:54:57,305 - MQTTClient - 99 - DEBUG - Published: Rpc/ - {"\u865a\u62df\u8bbe\u5907": {"\u4e8c\u671f3\u53f7\u98ce\u673aSV\u503c": 79.2}}
2026-06-10 09:54:57,306 - MQTTClient - 177 - DEBUG - Message published (mid=33)
2026-06-10 09:54:57,306 - MQTTClient - 99 - DEBUG - Published: Rpc/ - {"\u865a\u62df\u8bbe\u5907": {"\u4e8c\u671f6\u53f7\u98ce\u673a\u542f\u505c": 1}}
2026-06-10 09:54:57,311 - MQTTClient - 99 - DEBUG - Published: Rpc/ - {"\u865a\u62df\u8bbe\u5907": {"\u4e8c\u671f6\u53f7\u98ce\u673aSV\u503c": 79.2}}
2026-06-10 09:54:57,311 - MQTTClient - 177 - DEBUG - Message published (mid=34)
2026-06-10 09:54:57,311 - MQTTClient - 99 - DEBUG - Published: /idms/api/v1/createControlX - {"type": "\u66dd\u6c14\u667a\u80fd\u4f53", "time": "2026-06-10 09:54:57", "algorithmVersion": "v1.0.0", "controller": "\u9ec4\u5188AI\u7b97\u6cd5\u63a7\u5236", "outputCommand": "\u4e00\u671f\u751f\u7269\u6c60#\u5b9e\u65f6\uff1a\u4e00\u671f\u6eb6\u89e3\u6c27\uff1a3.99mg/L\uff0c\u76ee\u6807\u503c\uff1a2mg/L#\u4e00\u671f1\u53f7\u98ce\u673a\u8fd0\u884c\uff0c\u53cd\u9988\uff1a98%\uff0c\u4e0a\u9650\uff1a100%\uff0c\u4e0b\u9650\uff1a55%\uff0c\u63a7\u5236\u8f93\u51fa\uff1a100.0%\u4e00\u671f3\u53f7\u98ce\u673a\u8fd0\u884c\uff0c\u53cd\u9988\uff1a98%\uff0c\u4e0a\u9650\uff1a100%\uff0c\u4e0b\u9650\uff1a55%\uff0c\u63a7\u5236\u8f93\u51fa\uff1a100.0%\u4e8c\u671f\u751f\u7269\u6c60#\u5b9e\u65f6\uff1a\u4e8c\u671f\u6eb6\u89e3\u6c27\uff1a2.17mg/L\uff0c\u76ee\u6807\u503c\uff1a2mg/L#\u4e8c\u671f1\u53f7\u98ce\u673a\u8fd0\u884c\uff0c\u53cd\u9988\uff1a80%\uff0c\u4e0a\u9650\uff1a98%\uff0c\u4e0b\u9650\uff1a55%\uff0c\u63a7\u5236\u8f93\u51fa\uff1a78.2%\u4e8c\u671f3\u53f7\u98ce\u673a\u8fd0\u884c\uff0c\u53cd\u9988\uff1a81%\uff0c\u4e0a\u9650\uff1a98%\uff0c\u4e0b\u9650\uff1a55%\uff0c\u63a7\u5236\u8f93\u51fa\uff1a79.2%\u4e8c\u671f6\u53f7\u98ce\u673a\u8fd0\u884c\uff0c\u53cd\u9988\uff1a81%\uff0c\u4e0a\u9650\uff1a98%\uff0c\u4e0b\u9650\uff1a55%\uff0c\u63a7\u5236\u8f93\u51fa\uff1a79.2%"}
2026-06-10 09:54:57,312 - MQTTClient - 177 - DEBUG - Message published (mid=35)
2026-06-10 09:56:57,418 - MQTTClient - 99 - DEBUG - Published: Rpc/ - {"\u865a\u62df\u8bbe\u5907": {"\u4e00\u671f1\u53f7\u98ce\u673a\u542f\u505c": 1}}
2026-06-10 09:56:57,418 - MQTTClient - 177 - DEBUG - Message published (mid=36)
2026-06-10 09:56:57,421 - MQTTClient - 99 - DEBUG - Published: Rpc/ - {"\u865a\u62df\u8bbe\u5907": {"\u4e00\u671f1\u53f7\u98ce\u673aSV\u503c": 100.0}}
2026-06-10 09:56:57,421 - MQTTClient - 177 - DEBUG - Message published (mid=37)
2026-06-10 09:56:57,422 - MQTTClient - 99 - DEBUG - Published: Rpc/ - {"\u865a\u62df\u8bbe\u5907": {"\u4e00\u671f3\u53f7\u98ce\u673a\u542f\u505c": 1}}
2026-06-10 09:56:57,423 - MQTTClient - 177 - DEBUG - Message published (mid=38)
2026-06-10 09:56:57,425 - MQTTClient - 99 - DEBUG - Published: Rpc/ - {"\u865a\u62df\u8bbe\u5907": {"\u4e00\u671f3\u53f7\u98ce\u673aSV\u503c": 100.0}}
2026-06-10 09:56:57,425 - MQTTClient - 177 - DEBUG - Message published (mid=39)
2026-06-10 09:56:57,425 - MQTTClient - 99 - DEBUG - Published: Rpc/ - {"\u865a\u62df\u8bbe\u5907": {"\u4e8c\u671f1\u53f7\u98ce\u673a\u542f\u505c": 1}}
2026-06-10 09:56:57,426 - MQTTClient - 177 - DEBUG - Message published (mid=40)
2026-06-10 09:56:57,428 - MQTTClient - 99 - DEBUG - Published: Rpc/ - {"\u865a\u62df\u8bbe\u5907": {"\u4e8c\u671f1\u53f7\u98ce\u673aSV\u503c": 76.0}}
2026-06-10 09:56:57,428 - MQTTClient - 99 - DEBUG - Published: Rpc/ - {"\u865a\u62df\u8bbe\u5907": {"\u4e8c\u671f3\u53f7\u98ce\u673a\u542f\u505c": 1}}
2026-06-10 09:56:57,428 - MQTTClient - 177 - DEBUG - Message published (mid=41)
2026-06-10 09:56:57,430 - MQTTClient - 177 - DEBUG - Message published (mid=42)
2026-06-10 09:56:57,430 - MQTTClient - 99 - DEBUG - Published: Rpc/ - {"\u865a\u62df\u8bbe\u5907": {"\u4e8c\u671f3\u53f7\u98ce\u673aSV\u503c": 77.0}}
2026-06-10 09:56:57,431 - MQTTClient - 177 - DEBUG - Message published (mid=43)
2026-06-10 09:56:57,431 - MQTTClient - 99 - DEBUG - Published: Rpc/ - {"\u865a\u62df\u8bbe\u5907": {"\u4e8c\u671f6\u53f7\u98ce\u673a\u542f\u505c": 1}}
2026-06-10 09:56:57,431 - MQTTClient - 177 - DEBUG - Message published (mid=44)
2026-06-10 09:56:57,433 - MQTTClient - 177 - DEBUG - Message published (mid=45)
2026-06-10 09:56:57,433 - MQTTClient - 99 - DEBUG - Published: Rpc/ - {"\u865a\u62df\u8bbe\u5907": {"\u4e8c\u671f6\u53f7\u98ce\u673aSV\u503c": 77.0}}
2026-06-10 09:56:57,433 - MQTTClient - 99 - DEBUG - Published: /idms/api/v1/createControlX - {"type": "\u66dd\u6c14\u667a\u80fd\u4f53", "time": "2026-06-10 09:56:57", "algorithmVersion": "v1.0.0", "controller": "\u9ec4\u5188AI\u7b97\u6cd5\u63a7\u5236", "outputCommand": "\u4e00\u671f\u751f\u7269\u6c60#\u5b9e\u65f6\uff1a\u4e00\u671f\u6eb6\u89e3\u6c27\uff1a4.1mg/L\uff0c\u76ee\u6807\u503c\uff1a2mg/L#\u4e00\u671f1\u53f7\u98ce\u673a\u8fd0\u884c\uff0c\u53cd\u9988\uff1a98%\uff0c\u4e0a\u9650\uff1a100%\uff0c\u4e0b\u9650\uff1a55%\uff0c\u63a7\u5236\u8f93\u51fa\uff1a100.0%\u4e00\u671f3\u53f7\u98ce\u673a\u8fd0\u884c\uff0c\u53cd\u9988\uff1a98%\uff0c\u4e0a\u9650\uff1a100%\uff0c\u4e0b\u9650\uff1a55%\uff0c\u63a7\u5236\u8f93\u51fa\uff1a100.0%\u4e8c\u671f\u751f\u7269\u6c60#\u5b9e\u65f6\uff1a\u4e8c\u671f\u6eb6\u89e3\u6c27\uff1a2.49mg/L\uff0c\u76ee\u6807\u503c\uff1a2mg/L#\u4e8c\u671f1\u53f7\u98ce\u673a\u8fd0\u884c\uff0c\u53cd\u9988\uff1a80%\uff0c\u4e0a\u9650\uff1a98%\uff0c\u4e0b\u9650\uff1a55%\uff0c\u63a7\u5236\u8f93\u51fa\uff1a76.0%\u4e8c\u671f3\u53f7\u98ce\u673a\u8fd0\u884c\uff0c\u53cd\u9988\uff1a81%\uff0c\u4e0a\u9650\uff1a98%\uff0c\u4e0b\u9650\uff1a55%\uff0c\u63a7\u5236\u8f93\u51fa\uff1a77.0%\u4e8c\u671f6\u53f7\u98ce\u673a\u8fd0\u884c\uff0c\u53cd\u9988\uff1a81%\uff0c\u4e0a\u9650\uff1a98%\uff0c\u4e0b\u9650\uff1a55%\uff0c\u63a7\u5236\u8f93\u51fa\uff1a77.0%"}
2026-06-10 09:56:57,434 - MQTTClient - 177 - DEBUG - Message published (mid=46)
2026-06-10 09:58:57,532 - MQTTClient - 99 - DEBUG - Published: Rpc/ - {"\u865a\u62df\u8bbe\u5907": {"\u4e00\u671f1\u53f7\u98ce\u673a\u542f\u505c": 1}}
2026-06-10 09:58:57,532 - MQTTClient - 177 - DEBUG - Message published (mid=47)
2026-06-10 09:58:57,533 - MQTTClient - 99 - DEBUG - Published: Rpc/ - {"\u865a\u62df\u8bbe\u5907": {"\u4e00\u671f1\u53f7\u98ce\u673aSV\u503c": 100.0}}
2026-06-10 09:58:57,534 - MQTTClient - 177 - DEBUG - Message published (mid=48)
2026-06-10 09:58:57,534 - MQTTClient - 99 - DEBUG - Published: Rpc/ - {"\u865a\u62df\u8bbe\u5907": {"\u4e00\u671f3\u53f7\u98ce\u673a\u542f\u505c": 1}}
2026-06-10 09:58:57,534 - MQTTClient - 177 - DEBUG - Message published (mid=49)
2026-06-10 09:58:57,536 - MQTTClient - 99 - DEBUG - Published: Rpc/ - {"\u865a\u62df\u8bbe\u5907": {"\u4e00\u671f3\u53f7\u98ce\u673aSV\u503c": 100.0}}
2026-06-10 09:58:57,536 - MQTTClient - 177 - DEBUG - Message published (mid=50)
2026-06-10 09:58:57,536 - MQTTClient - 99 - DEBUG - Published: Rpc/ - {"\u865a\u62df\u8bbe\u5907": {"\u4e8c\u671f1\u53f7\u98ce\u673a\u542f\u505c": 1}}
2026-06-10 09:58:57,537 - MQTTClient - 177 - DEBUG - Message published (mid=51)
2026-06-10 09:58:57,538 - MQTTClient - 177 - DEBUG - Message published (mid=52)
2026-06-10 09:58:57,538 - MQTTClient - 99 - DEBUG - Published: Rpc/ - {"\u865a\u62df\u8bbe\u5907": {"\u4e8c\u671f1\u53f7\u98ce\u673aSV\u503c": 76.7}}
2026-06-10 09:58:57,539 - MQTTClient - 177 - DEBUG - Message published (mid=53)
2026-06-10 09:58:57,540 - MQTTClient - 99 - DEBUG - Published: Rpc/ - {"\u865a\u62df\u8bbe\u5907": {"\u4e8c\u671f3\u53f7\u98ce\u673a\u542f\u505c": 1}}
2026-06-10 09:58:57,541 - MQTTClient - 99 - DEBUG - Published: Rpc/ - {"\u865a\u62df\u8bbe\u5907": {"\u4e8c\u671f3\u53f7\u98ce\u673aSV\u503c": 77.7}}
2026-06-10 09:58:57,541 - MQTTClient - 177 - DEBUG - Message published (mid=54)
2026-06-10 09:58:57,542 - MQTTClient - 99 - DEBUG - Published: Rpc/ - {"\u865a\u62df\u8bbe\u5907": {"\u4e8c\u671f6\u53f7\u98ce\u673a\u542f\u505c": 1}}
2026-06-10 09:58:57,542 - MQTTClient - 177 - DEBUG - Message published (mid=55)
2026-06-10 09:58:57,544 - MQTTClient - 99 - DEBUG - Published: Rpc/ - {"\u865a\u62df\u8bbe\u5907": {"\u4e8c\u671f6\u53f7\u98ce\u673aSV\u503c": 77.7}}
2026-06-10 09:58:57,544 - MQTTClient - 177 - DEBUG - Message published (mid=56)
2026-06-10 09:58:57,544 - MQTTClient - 99 - DEBUG - Published: /idms/api/v1/createControlX - {"type": "\u66dd\u6c14\u667a\u80fd\u4f53", "time": "2026-06-10 09:58:57", "algorithmVersion": "v1.0.0", "controller": "\u9ec4\u5188AI\u7b97\u6cd5\u63a7\u5236", "outputCommand": "\u4e00\u671f\u751f\u7269\u6c60#\u5b9e\u65f6\uff1a\u4e00\u671f\u6eb6\u89e3\u6c27\uff1a4.12mg/L\uff0c\u76ee\u6807\u503c\uff1a2mg/L#\u4e00\u671f1\u53f7\u98ce\u673a\u8fd0\u884c\uff0c\u53cd\u9988\uff1a98%\uff0c\u4e0a\u9650\uff1a100%\uff0c\u4e0b\u9650\uff1a55%\uff0c\u63a7\u5236\u8f93\u51fa\uff1a100.0%\u4e00\u671f3\u53f7\u98ce\u673a\u8fd0\u884c\uff0c\u53cd\u9988\uff1a98%\uff0c\u4e0a\u9650\uff1a100%\uff0c\u4e0b\u9650\uff1a55%\uff0c\u63a7\u5236\u8f93\u51fa\uff1a100.0%\u4e8c\u671f\u751f\u7269\u6c60#\u5b9e\u65f6\uff1a\u4e8c\u671f\u6eb6\u89e3\u6c27\uff1a2.32mg/L\uff0c\u76ee\u6807\u503c\uff1a2mg/L#\u4e8c\u671f1\u53f7\u98ce\u673a\u8fd0\u884c\uff0c\u53cd\u9988\uff1a80%\uff0c\u4e0a\u9650\uff1a98%\uff0c\u4e0b\u9650\uff1a55%\uff0c\u63a7\u5236\u8f93\u51fa\uff1a76.7%\u4e8c\u671f3\u53f7\u98ce\u673a\u8fd0\u884c\uff0c\u53cd\u9988\uff1a81%\uff0c\u4e0a\u9650\uff1a98%\uff0c\u4e0b\u9650\uff1a55%\uff0c\u63a7\u5236\u8f93\u51fa\uff1a77.7%\u4e8c\u671f6\u53f7\u98ce\u673a\u8fd0\u884c\uff0c\u53cd\u9988\uff1a81%\uff0c\u4e0a\u9650\uff1a98%\uff0c\u4e0b\u9650\uff1a55%\uff0c\u63a7\u5236\u8f93\u51fa\uff1a77.7%"}
2026-06-10 09:58:57,545 - MQTTClient - 177 - DEBUG - Message published (mid=57)
2026-06-10 10:00:57,644 - MQTTClient - 99 - DEBUG - Published: Rpc/ - {"\u865a\u62df\u8bbe\u5907": {"\u4e00\u671f1\u53f7\u98ce\u673a\u542f\u505c": 1}}
2026-06-10 10:00:57,644 - MQTTClient - 177 - DEBUG - Message published (mid=58)
2026-06-10 10:00:57,648 - MQTTClient - 99 - DEBUG - Published: Rpc/ - {"\u865a\u62df\u8bbe\u5907": {"\u4e00\u671f1\u53f7\u98ce\u673aSV\u503c": 100.0}}
2026-06-10 10:00:57,648 - MQTTClient - 177 - DEBUG - Message published (mid=59)
2026-06-10 10:00:57,648 - MQTTClient - 99 - DEBUG - Published: Rpc/ - {"\u865a\u62df\u8bbe\u5907": {"\u4e00\u671f3\u53f7\u98ce\u673a\u542f\u505c": 1}}
2026-06-10 10:00:57,649 - MQTTClient - 177 - DEBUG - Message published (mid=60)
2026-06-10 10:00:57,654 - MQTTClient - 177 - DEBUG - Message published (mid=61)
2026-06-10 10:00:57,655 - MQTTClient - 99 - DEBUG - Published: Rpc/ - {"\u865a\u62df\u8bbe\u5907": {"\u4e00\u671f3\u53f7\u98ce\u673aSV\u503c": 100.0}}
2026-06-10 10:00:57,655 - MQTTClient - 99 - DEBUG - Published: Rpc/ - {"\u865a\u62df\u8bbe\u5907": {"\u4e8c\u671f1\u53f7\u98ce\u673a\u542f\u505c": 1}}
2026-06-10 10:00:57,656 - MQTTClient - 177 - DEBUG - Message published (mid=62)
2026-06-10 10:00:57,660 - MQTTClient - 99 - DEBUG - Published: Rpc/ - {"\u865a\u62df\u8bbe\u5907": {"\u4e8c\u671f1\u53f7\u98ce\u673aSV\u503c": 76.0}}
2026-06-10 10:00:57,660 - MQTTClient - 177 - DEBUG - Message published (mid=63)
2026-06-10 10:00:57,661 - MQTTClient - 99 - DEBUG - Published: Rpc/ - {"\u865a\u62df\u8bbe\u5907": {"\u4e8c\u671f3\u53f7\u98ce\u673a\u542f\u505c": 1}}
2026-06-10 10:00:57,663 - MQTTClient - 177 - DEBUG - Message published (mid=64)
2026-06-10 10:00:57,667 - MQTTClient - 99 - DEBUG - Published: Rpc/ - {"\u865a\u62df\u8bbe\u5907": {"\u4e8c\u671f3\u53f7\u98ce\u673aSV\u503c": 76.0}}
2026-06-10 10:00:57,667 - MQTTClient - 177 - DEBUG - Message published (mid=65)
2026-06-10 10:00:57,668 - MQTTClient - 99 - DEBUG - Published: Rpc/ - {"\u865a\u62df\u8bbe\u5907": {"\u4e8c\u671f6\u53f7\u98ce\u673a\u542f\u505c": 1}}
2026-06-10 10:00:57,670 - MQTTClient - 177 - DEBUG - Message published (mid=66)
2026-06-10 10:00:57,672 - MQTTClient - 99 - DEBUG - Published: Rpc/ - {"\u865a\u62df\u8bbe\u5907": {"\u4e8c\u671f6\u53f7\u98ce\u673aSV\u503c": 76.0}}
2026-06-10 10:00:57,672 - MQTTClient - 177 - DEBUG - Message published (mid=67)
2026-06-10 10:00:57,673 - MQTTClient - 99 - DEBUG - Published: /idms/api/v1/createControlX - {"type": "\u66dd\u6c14\u667a\u80fd\u4f53", "time": "2026-06-10 10:00:57", "algorithmVersion": "v1.0.0", "controller": "\u9ec4\u5188AI\u7b97\u6cd5\u63a7\u5236", "outputCommand": "\u4e00\u671f\u751f\u7269\u6c60#\u5b9e\u65f6\uff1a\u4e00\u671f\u6eb6\u89e3\u6c27\uff1a4.11mg/L\uff0c\u76ee\u6807\u503c\uff1a2mg/L#\u4e00\u671f1\u53f7\u98ce\u673a\u8fd0\u884c\uff0c\u53cd\u9988\uff1a98%\uff0c\u4e0a\u9650\uff1a100%\uff0c\u4e0b\u9650\uff1a55%\uff0c\u63a7\u5236\u8f93\u51fa\uff1a100.0%\u4e00\u671f3\u53f7\u98ce\u673a\u8fd0\u884c\uff0c\u53cd\u9988\uff1a98%\uff0c\u4e0a\u9650\uff1a100%\uff0c\u4e0b\u9650\uff1a55%\uff0c\u63a7\u5236\u8f93\u51fa\uff1a100.0%\u4e8c\u671f\u751f\u7269\u6c60#\u5b9e\u65f6\uff1a\u4e8c\u671f\u6eb6\u89e3\u6c27\uff1a2.46mg/L\uff0c\u76ee\u6807\u503c\uff1a2mg/L#\u4e8c\u671f1\u53f7\u98ce\u673a\u8fd0\u884c\uff0c\u53cd\u9988\uff1a80%\uff0c\u4e0a\u9650\uff1a98%\uff0c\u4e0b\u9650\uff1a55%\uff0c\u63a7\u5236\u8f93\u51fa\uff1a76.0%\u4e8c\u671f3\u53f7\u98ce\u673a\u8fd0\u884c\uff0c\u53cd\u9988\uff1a80%\uff0c\u4e0a\u9650\uff1a98%\uff0c\u4e0b\u9650\uff1a55%\uff0c\u63a7\u5236\u8f93\u51fa\uff1a76.0%\u4e8c\u671f6\u53f7\u98ce\u673a\u8fd0\u884c\uff0c\u53cd\u9988\uff1a80%\uff0c\u4e0a\u9650\uff1a98%\uff0c\u4e0b\u9650\uff1a55%\uff0c\u63a7\u5236\u8f93\u51fa\uff1a76.0%"}
2026-06-10 10:00:57,674 - MQTTClient - 177 - DEBUG - Message published (mid=68)
2026-06-10 10:02:57,746 - MQTTClient - 99 - DEBUG - Published: Rpc/ - {"\u865a\u62df\u8bbe\u5907": {"\u4e00\u671f1\u53f7\u98ce\u673a\u542f\u505c": 1}}
2026-06-10 10:02:57,746 - MQTTClient - 177 - DEBUG - Message published (mid=69)
2026-06-10 10:02:57,747 - MQTTClient - 99 - DEBUG - Published: Rpc/ - {"\u865a\u62df\u8bbe\u5907": {"\u4e00\u671f1\u53f7\u98ce\u673aSV\u503c": 100.0}}
2026-06-10 10:02:57,747 - MQTTClient - 177 - DEBUG - Message published (mid=70)
2026-06-10 10:02:57,748 - MQTTClient - 99 - DEBUG - Published: Rpc/ - {"\u865a\u62df\u8bbe\u5907": {"\u4e00\u671f3\u53f7\u98ce\u673a\u542f\u505c": 1}}
2026-06-10 10:02:57,749 - MQTTClient - 177 - DEBUG - Message published (mid=71)
2026-06-10 10:02:57,750 - MQTTClient - 99 - DEBUG - Published: Rpc/ - {"\u865a\u62df\u8bbe\u5907": {"\u4e00\u671f3\u53f7\u98ce\u673aSV\u503c": 100.0}}
2026-06-10 10:02:57,750 - MQTTClient - 177 - DEBUG - Message published (mid=72)
2026-06-10 10:02:57,751 - MQTTClient - 99 - DEBUG - Published: Rpc/ - {"\u865a\u62df\u8bbe\u5907": {"\u4e8c\u671f1\u53f7\u98ce\u673a\u542f\u505c": 1}}
2026-06-10 10:02:57,751 - MQTTClient - 177 - DEBUG - Message published (mid=73)
2026-06-10 10:02:57,752 - MQTTClient - 177 - DEBUG - Message published (mid=74)
2026-06-10 10:02:57,752 - MQTTClient - 99 - DEBUG - Published: Rpc/ - {"\u865a\u62df\u8bbe\u5907": {"\u4e8c\u671f1\u53f7\u98ce\u673aSV\u503c": 74.0}}
2026-06-10 10:02:57,753 - MQTTClient - 99 - DEBUG - Published: Rpc/ - {"\u865a\u62df\u8bbe\u5907": {"\u4e8c\u671f3\u53f7\u98ce\u673a\u542f\u505c": 1}}
2026-06-10 10:02:57,753 - MQTTClient - 177 - DEBUG - Message published (mid=75)
2026-06-10 10:02:57,754 - MQTTClient - 99 - DEBUG - Published: Rpc/ - {"\u865a\u62df\u8bbe\u5907": {"\u4e8c\u671f3\u53f7\u98ce\u673aSV\u503c": 73.0}}
2026-06-10 10:02:57,754 - MQTTClient - 177 - DEBUG - Message published (mid=76)
2026-06-10 10:02:57,754 - MQTTClient - 99 - DEBUG - Published: Rpc/ - {"\u865a\u62df\u8bbe\u5907": {"\u4e8c\u671f6\u53f7\u98ce\u673a\u542f\u505c": 1}}
2026-06-10 10:02:57,755 - MQTTClient - 177 - DEBUG - Message published (mid=77)
2026-06-10 10:02:57,758 - MQTTClient - 99 - DEBUG - Published: Rpc/ - {"\u865a\u62df\u8bbe\u5907": {"\u4e8c\u671f6\u53f7\u98ce\u673aSV\u503c": 73.0}}
2026-06-10 10:02:57,758 - MQTTClient - 177 - DEBUG - Message published (mid=78)
2026-06-10 10:02:57,759 - MQTTClient - 99 - DEBUG - Published: /idms/api/v1/createControlX - {"type": "\u66dd\u6c14\u667a\u80fd\u4f53", "time": "2026-06-10 10:02:57", "algorithmVersion": "v1.0.0", "controller": "\u9ec4\u5188AI\u7b97\u6cd5\u63a7\u5236", "outputCommand": "\u4e00\u671f\u751f\u7269\u6c60#\u5b9e\u65f6\uff1a\u4e00\u671f\u6eb6\u89e3\u6c27\uff1a4.08mg/L\uff0c\u76ee\u6807\u503c\uff1a2mg/L#\u4e00\u671f1\u53f7\u98ce\u673a\u8fd0\u884c\uff0c\u53cd\u9988\uff1a98%\uff0c\u4e0a\u9650\uff1a100%\uff0c\u4e0b\u9650\uff1a55%\uff0c\u63a7\u5236\u8f93\u51fa\uff1a100.0%\u4e00\u671f3\u53f7\u98ce\u673a\u8fd0\u884c\uff0c\u53cd\u9988\uff1a98%\uff0c\u4e0a\u9650\uff1a100%\uff0c\u4e0b\u9650\uff1a55%\uff0c\u63a7\u5236\u8f93\u51fa\uff1a100.0%\u4e8c\u671f\u751f\u7269\u6c60#\u5b9e\u65f6\uff1a\u4e8c\u671f\u6eb6\u89e3\u6c27\uff1a2.65mg/L\uff0c\u76ee\u6807\u503c\uff1a2mg/L#\u4e8c\u671f1\u53f7\u98ce\u673a\u8fd0\u884c\uff0c\u53cd\u9988\uff1a78%\uff0c\u4e0a\u9650\uff1a98%\uff0c\u4e0b\u9650\uff1a55%\uff0c\u63a7\u5236\u8f93\u51fa\uff1a74.0%\u4e8c\u671f3\u53f7\u98ce\u673a\u8fd0\u884c\uff0c\u53cd\u9988\uff1a77%\uff0c\u4e0a\u9650\uff1a98%\uff0c\u4e0b\u9650\uff1a55%\uff0c\u63a7\u5236\u8f93\u51fa\uff1a73.0%\u4e8c\u671f6\u53f7\u98ce\u673a\u8fd0\u884c\uff0c\u53cd\u9988\uff1a77%\uff0c\u4e0a\u9650\uff1a98%\uff0c\u4e0b\u9650\uff1a55%\uff0c\u63a7\u5236\u8f93\u51fa\uff1a73.0%"}
2026-06-10 10:02:57,759 - MQTTClient - 177 - DEBUG - Message published (mid=79)
2026-06-10 10:40:05,897 - MQTTClient - 141 - DEBUG - Connected to 10.7.7.62 successfully
2026-06-10 10:40:05,898 - MQTTClient - 174 - DEBUG - Subscribed with QOS: (0,)
2026-06-10 10:40:05,964 - MQTTClient - 174 - DEBUG - Subscribed with QOS: (0,)
2026-06-10 10:46:51,775 - MQTTClient - 177 - DEBUG - Message published (mid=3)
2026-06-10 10:46:51,775 - MQTTClient - 99 - DEBUG - Published: Rpc/ - {"\u865a\u62df\u8bbe\u5907": {"\u4e00\u671f1\u53f7\u98ce\u673a\u542f\u505c": 1}}
2026-06-10 10:46:51,777 - MQTTClient - 99 - DEBUG - Published: Rpc/ - {"\u865a\u62df\u8bbe\u5907": {"\u4e00\u671f1\u53f7\u98ce\u673aSV\u503c": 94.0}}
2026-06-10 10:46:51,777 - MQTTClient - 177 - DEBUG - Message published (mid=4)
2026-06-10 10:46:51,777 - MQTTClient - 99 - DEBUG - Published: Rpc/ - {"\u865a\u62df\u8bbe\u5907": {"\u4e00\u671f3\u53f7\u98ce\u673a\u542f\u505c": 1}}
2026-06-10 10:46:51,778 - MQTTClient - 177 - DEBUG - Message published (mid=5)
2026-06-10 10:46:51,779 - MQTTClient - 99 - DEBUG - Published: Rpc/ - {"\u865a\u62df\u8bbe\u5907": {"\u4e00\u671f3\u53f7\u98ce\u673aSV\u503c": 94.0}}
2026-06-10 10:46:51,780 - MQTTClient - 177 - DEBUG - Message published (mid=6)
2026-06-10 10:46:51,781 - MQTTClient - 99 - DEBUG - Published: Rpc/ - {"\u865a\u62df\u8bbe\u5907": {"\u4e8c\u671f1\u53f7\u98ce\u673a\u542f\u505c": 1}}
2026-06-10 10:46:51,782 - MQTTClient - 177 - DEBUG - Message published (mid=7)
2026-06-10 10:46:51,784 - MQTTClient - 99 - DEBUG - Published: Rpc/ - {"\u865a\u62df\u8bbe\u5907": {"\u4e8c\u671f3\u53f7\u98ce\u673a\u542f\u505c": 1}}
2026-06-10 10:46:51,785 - MQTTClient - 177 - DEBUG - Message published (mid=8)
2026-06-10 10:46:51,786 - MQTTClient - 99 - DEBUG - Published: Rpc/ - {"\u865a\u62df\u8bbe\u5907": {"\u4e8c\u671f6\u53f7\u98ce\u673a\u542f\u505c": 1}}
2026-06-10 10:46:51,786 - MQTTClient - 177 - DEBUG - Message published (mid=9)
2026-06-10 10:46:51,789 - MQTTClient - 177 - DEBUG - Message published (mid=10)
2026-06-10 10:46:51,789 - MQTTClient - 99 - DEBUG - Published: /idms/api/v1/createControlX - {"type": "\u66dd\u6c14\u667a\u80fd\u4f53", "time": "2026-06-10 10:46:51", "algorithmVersion": "v1.0.0", "controller": "\u9ec4\u5188AI\u7b97\u6cd5\u63a7\u5236", "outputCommand": "\u4e00\u671f\u751f\u7269\u6c60#\u5b9e\u65f6\uff1a\u4e00\u671f\u6eb6\u89e3\u6c27\uff1a4.12mg/L\uff0c\u76ee\u6807\u503c\uff1a2mg/L#\u4e00\u671f1\u53f7\u98ce\u673a\u8fd0\u884c\uff0c\u53cd\u9988\uff1a99%\uff0c\u4e0a\u9650\uff1a100%\uff0c\u4e0b\u9650\uff1a55%\uff0c\u63a7\u5236\u8f93\u51fa\uff1a91.3%\u4e00\u671f3\u53f7\u98ce\u673a\u8fd0\u884c\uff0c\u53cd\u9988\uff1a99%\uff0c\u4e0a\u9650\uff1a100%\uff0c\u4e0b\u9650\uff1a55%\uff0c\u63a7\u5236\u8f93\u51fa\uff1a91.3%\u4e8c\u671f\u751f\u7269\u6c60#\u5b9e\u65f6\uff1a\u4e8c\u671f\u6eb6\u89e3\u6c27\uff1a1.92mg/L\uff0c\u76ee\u6807\u503c\uff1a2mg/L#\u4e8c\u671f1\u53f7\u98ce\u673a\u8fd0\u884c\uff0c\u53cd\u9988\uff1a74%\uff0c\u4e0a\u9650\uff1a98%\uff0c\u4e0b\u9650\uff1a55%\uff0c\u63a7\u5236\u8f93\u51fa\uff1a74.0%\u4e8c\u671f3\u53f7\u98ce\u673a\u8fd0\u884c\uff0c\u53cd\u9988\uff1a75%\uff0c\u4e0a\u9650\uff1a98%\uff0c\u4e0b\u9650\uff1a55%\uff0c\u63a7\u5236\u8f93\u51fa\uff1a75.0%\u4e8c\u671f6\u53f7\u98ce\u673a\u8fd0\u884c\uff0c\u53cd\u9988\uff1a75%\uff0c\u4e0a\u9650\uff1a98%\uff0c\u4e0b\u9650\uff1a55%\uff0c\u63a7\u5236\u8f93\u51fa\uff1a75.0%"}
2026-06-10 10:47:06,778 - MQTTClient - 99 - DEBUG - Published: Rpc/ - {"\u865a\u62df\u8bbe\u5907": {"\u4e00\u671f1\u53f7\u98ce\u673aSV\u503c": 91.3}}
2026-06-10 10:47:06,778 - MQTTClient - 177 - DEBUG - Message published (mid=11)
2026-06-10 10:47:06,783 - MQTTClient - 99 - DEBUG - Published: Rpc/ - {"\u865a\u62df\u8bbe\u5907": {"\u4e00\u671f3\u53f7\u98ce\u673aSV\u503c": 91.3}}
2026-06-10 10:47:06,783 - MQTTClient - 177 - DEBUG - Message published (mid=12)
2026-06-10 10:48:52,011 - MQTTClient - 99 - DEBUG - Published: Rpc/ - {"\u865a\u62df\u8bbe\u5907": {"\u4e00\u671f1\u53f7\u98ce\u673a\u542f\u505c": 1}}
2026-06-10 10:48:52,011 - MQTTClient - 177 - DEBUG - Message published (mid=13)
2026-06-10 10:48:52,017 - MQTTClient - 99 - DEBUG - Published: Rpc/ - {"\u865a\u62df\u8bbe\u5907": {"\u4e00\u671f1\u53f7\u98ce\u673aSV\u503c": 95.6}}
2026-06-10 10:48:52,017 - MQTTClient - 177 - DEBUG - Message published (mid=14)
2026-06-10 10:48:52,017 - MQTTClient - 99 - DEBUG - Published: Rpc/ - {"\u865a\u62df\u8bbe\u5907": {"\u4e00\u671f3\u53f7\u98ce\u673a\u542f\u505c": 1}}
2026-06-10 10:48:52,018 - MQTTClient - 177 - DEBUG - Message published (mid=15)
2026-06-10 10:48:52,025 - MQTTClient - 177 - DEBUG - Message published (mid=16)
2026-06-10 10:48:52,026 - MQTTClient - 99 - DEBUG - Published: Rpc/ - {"\u865a\u62df\u8bbe\u5907": {"\u4e00\u671f3\u53f7\u98ce\u673aSV\u503c": 95.6}}
2026-06-10 10:48:52,025 - MQTTClient - 99 - DEBUG - Published: Rpc/ - {"\u865a\u62df\u8bbe\u5907": {"\u4e8c\u671f1\u53f7\u98ce\u673a\u542f\u505c": 1}}
2026-06-10 10:48:52,027 - MQTTClient - 177 - DEBUG - Message published (mid=17)
2026-06-10 10:48:52,035 - MQTTClient - 177 - DEBUG - Message published (mid=18)
2026-06-10 10:48:52,035 - MQTTClient - 99 - DEBUG - Published: Rpc/ - {"\u865a\u62df\u8bbe\u5907": {"\u4e8c\u671f3\u53f7\u98ce\u673a\u542f\u505c": 1}}
2026-06-10 10:48:52,038 - MQTTClient - 99 - DEBUG - Published: Rpc/ - {"\u865a\u62df\u8bbe\u5907": {"\u4e8c\u671f6\u53f7\u98ce\u673a\u542f\u505c": 1}}
2026-06-10 10:48:52,038 - MQTTClient - 177 - DEBUG - Message published (mid=19)
2026-06-10 10:48:52,042 - MQTTClient - 177 - DEBUG - Message published (mid=20)
2026-06-10 10:48:52,042 - MQTTClient - 99 - DEBUG - Published: /idms/api/v1/createControlX - {"type": "\u66dd\u6c14\u667a\u80fd\u4f53", "time": "2026-06-10 10:48:52", "algorithmVersion": "v1.0.0", "controller": "\u9ec4\u5188AI\u7b97\u6cd5\u63a7\u5236", "outputCommand": "\u4e00\u671f\u751f\u7269\u6c60#\u5b9e\u65f6\uff1a\u4e00\u671f\u6eb6\u89e3\u6c27\uff1a3.47mg/L\uff0c\u76ee\u6807\u503c\uff1a2mg/L#\u4e00\u671f1\u53f7\u98ce\u673a\u8fd0\u884c\uff0c\u53cd\u9988\uff1a99%\uff0c\u4e0a\u9650\uff1a100%\uff0c\u4e0b\u9650\uff1a55%\uff0c\u63a7\u5236\u8f93\u51fa\uff1a95.6%\u4e00\u671f3\u53f7\u98ce\u673a\u8fd0\u884c\uff0c\u53cd\u9988\uff1a99%\uff0c\u4e0a\u9650\uff1a100%\uff0c\u4e0b\u9650\uff1a55%\uff0c\u63a7\u5236\u8f93\u51fa\uff1a95.6%\u4e8c\u671f\u751f\u7269\u6c60#\u5b9e\u65f6\uff1a\u4e8c\u671f\u6eb6\u89e3\u6c27\uff1a2.18mg/L\uff0c\u76ee\u6807\u503c\uff1a2mg/L#\u4e8c\u671f1\u53f7\u98ce\u673a\u8fd0\u884c\uff0c\u53cd\u9988\uff1a74%\uff0c\u4e0a\u9650\uff1a98%\uff0c\u4e0b\u9650\uff1a55%\uff0c\u63a7\u5236\u8f93\u51fa\uff1a74.0%\u4e8c\u671f3\u53f7\u98ce\u673a\u8fd0\u884c\uff0c\u53cd\u9988\uff1a75%\uff0c\u4e0a\u9650\uff1a98%\uff0c\u4e0b\u9650\uff1a55%\uff0c\u63a7\u5236\u8f93\u51fa\uff1a75.0%\u4e8c\u671f6\u53f7\u98ce\u673a\u8fd0\u884c\uff0c\u53cd\u9988\uff1a75%\uff0c\u4e0a\u9650\uff1a98%\uff0c\u4e0b\u9650\uff1a55%\uff0c\u63a7\u5236\u8f93\u51fa\uff1a75.0%"}
2026-06-10 10:50:52,154 - MQTTClient - 99 - DEBUG - Published: Rpc/ - {"\u865a\u62df\u8bbe\u5907": {"\u4e00\u671f1\u53f7\u98ce\u673a\u542f\u505c": 1}}
2026-06-10 10:50:52,154 - MQTTClient - 177 - DEBUG - Message published (mid=21)
2026-06-10 10:50:52,156 - MQTTClient - 177 - DEBUG - Message published (mid=22)
2026-06-10 10:50:52,156 - MQTTClient - 99 - DEBUG - Published: Rpc/ - {"\u865a\u62df\u8bbe\u5907": {"\u4e00\u671f1\u53f7\u98ce\u673aSV\u503c": 96.8}}
2026-06-10 10:50:52,156 - MQTTClient - 99 - DEBUG - Published: Rpc/ - {"\u865a\u62df\u8bbe\u5907": {"\u4e00\u671f3\u53f7\u98ce\u673a\u542f\u505c": 1}}
2026-06-10 10:50:52,156 - MQTTClient - 177 - DEBUG - Message published (mid=23)
2026-06-10 10:50:52,158 - MQTTClient - 99 - DEBUG - Published: Rpc/ - {"\u865a\u62df\u8bbe\u5907": {"\u4e00\u671f3\u53f7\u98ce\u673aSV\u503c": 96.8}}
2026-06-10 10:50:52,159 - MQTTClient - 177 - DEBUG - Message published (mid=24)
2026-06-10 10:50:52,159 - MQTTClient - 99 - DEBUG - Published: Rpc/ - {"\u865a\u62df\u8bbe\u5907": {"\u4e8c\u671f1\u53f7\u98ce\u673a\u542f\u505c": 1}}
2026-06-10 10:50:52,159 - MQTTClient - 177 - DEBUG - Message published (mid=25)
2026-06-10 10:50:52,161 - MQTTClient - 177 - DEBUG - Message published (mid=26)
2026-06-10 10:50:52,161 - MQTTClient - 99 - DEBUG - Published: Rpc/ - {"\u865a\u62df\u8bbe\u5907": {"\u4e8c\u671f3\u53f7\u98ce\u673a\u542f\u505c": 1}}
2026-06-10 10:50:52,163 - MQTTClient - 99 - DEBUG - Published: Rpc/ - {"\u865a\u62df\u8bbe\u5907": {"\u4e8c\u671f6\u53f7\u98ce\u673a\u542f\u505c": 1}}
2026-06-10 10:50:52,164 - MQTTClient - 177 - DEBUG - Message published (mid=27)
2026-06-10 10:50:52,165 - MQTTClient - 99 - DEBUG - Published: /idms/api/v1/createControlX - {"type": "\u66dd\u6c14\u667a\u80fd\u4f53", "time": "2026-06-10 10:50:52", "algorithmVersion": "v1.0.0", "controller": "\u9ec4\u5188AI\u7b97\u6cd5\u63a7\u5236", "outputCommand": "\u4e00\u671f\u751f\u7269\u6c60#\u5b9e\u65f6\uff1a\u4e00\u671f\u6eb6\u89e3\u6c27\uff1a2.98mg/L\uff0c\u76ee\u6807\u503c\uff1a2mg/L#\u4e00\u671f1\u53f7\u98ce\u673a\u8fd0\u884c\uff0c\u53cd\u9988\uff1a99%\uff0c\u4e0a\u9650\uff1a100%\uff0c\u4e0b\u9650\uff1a55%\uff0c\u63a7\u5236\u8f93\u51fa\uff1a96.8%\u4e00\u671f3\u53f7\u98ce\u673a\u8fd0\u884c\uff0c\u53cd\u9988\uff1a99%\uff0c\u4e0a\u9650\uff1a100%\uff0c\u4e0b\u9650\uff1a55%\uff0c\u63a7\u5236\u8f93\u51fa\uff1a96.8%\u4e8c\u671f\u751f\u7269\u6c60#\u5b9e\u65f6\uff1a\u4e8c\u671f\u6eb6\u89e3\u6c27\uff1a1.95mg/L\uff0c\u76ee\u6807\u503c\uff1a2mg/L#\u4e8c\u671f1\u53f7\u98ce\u673a\u8fd0\u884c\uff0c\u53cd\u9988\uff1a74%\uff0c\u4e0a\u9650\uff1a98%\uff0c\u4e0b\u9650\uff1a55%\uff0c\u63a7\u5236\u8f93\u51fa\uff1a74.0%\u4e8c\u671f3\u53f7\u98ce\u673a\u8fd0\u884c\uff0c\u53cd\u9988\uff1a75%\uff0c\u4e0a\u9650\uff1a98%\uff0c\u4e0b\u9650\uff1a55%\uff0c\u63a7\u5236\u8f93\u51fa\uff1a75.0%\u4e8c\u671f6\u53f7\u98ce\u673a\u8fd0\u884c\uff0c\u53cd\u9988\uff1a75%\uff0c\u4e0a\u9650\uff1a98%\uff0c\u4e0b\u9650\uff1a55%\uff0c\u63a7\u5236\u8f93\u51fa\uff1a75.0%"}
2026-06-10 10:50:52,165 - MQTTClient - 177 - DEBUG - Message published (mid=28)
2026-06-10 10:52:52,276 - MQTTClient - 99 - DEBUG - Published: Rpc/ - {"\u865a\u62df\u8bbe\u5907": {"\u4e00\u671f1\u53f7\u98ce\u673a\u542f\u505c": 1}}
2026-06-10 10:52:52,276 - MQTTClient - 177 - DEBUG - Message published (mid=29)
2026-06-10 10:52:52,278 - MQTTClient - 177 - DEBUG - Message published (mid=30)
2026-06-10 10:52:52,279 - MQTTClient - 99 - DEBUG - Published: Rpc/ - {"\u865a\u62df\u8bbe\u5907": {"\u4e00\u671f3\u53f7\u98ce\u673a\u542f\u505c": 1}}
2026-06-10 10:52:52,281 - MQTTClient - 99 - DEBUG - Published: Rpc/ - {"\u865a\u62df\u8bbe\u5907": {"\u4e8c\u671f1\u53f7\u98ce\u673a\u542f\u505c": 1}}
2026-06-10 10:52:52,282 - MQTTClient - 177 - DEBUG - Message published (mid=31)
2026-06-10 10:52:52,282 - MQTTClient - 99 - DEBUG - Published: Rpc/ - {"\u865a\u62df\u8bbe\u5907": {"\u4e8c\u671f1\u53f7\u98ce\u673aSV\u503c": 77.1}}
2026-06-10 10:52:52,283 - MQTTClient - 99 - DEBUG - Published: Rpc/ - {"\u865a\u62df\u8bbe\u5907": {"\u4e8c\u671f3\u53f7\u98ce\u673a\u542f\u505c": 1}}
2026-06-10 10:52:52,283 - MQTTClient - 177 - DEBUG - Message published (mid=32)
2026-06-10 10:52:52,285 - MQTTClient - 177 - DEBUG - Message published (mid=33)
2026-06-10 10:52:52,285 - MQTTClient - 99 - DEBUG - Published: Rpc/ - {"\u865a\u62df\u8bbe\u5907": {"\u4e8c\u671f3\u53f7\u98ce\u673aSV\u503c": 78.1}}
2026-06-10 10:52:52,286 - MQTTClient - 99 - DEBUG - Published: Rpc/ - {"\u865a\u62df\u8bbe\u5907": {"\u4e8c\u671f6\u53f7\u98ce\u673a\u542f\u505c": 1}}
2026-06-10 10:52:52,286 - MQTTClient - 177 - DEBUG - Message published (mid=34)
2026-06-10 10:52:52,287 - MQTTClient - 177 - DEBUG - Message published (mid=35)
2026-06-10 10:52:52,287 - MQTTClient - 99 - DEBUG - Published: Rpc/ - {"\u865a\u62df\u8bbe\u5907": {"\u4e8c\u671f6\u53f7\u98ce\u673aSV\u503c": 78.1}}
2026-06-10 10:52:52,287 - MQTTClient - 177 - DEBUG - Message published (mid=36)
2026-06-10 10:52:52,288 - MQTTClient - 99 - DEBUG - Published: /idms/api/v1/createControlX - {"type": "\u66dd\u6c14\u667a\u80fd\u4f53", "time": "2026-06-10 10:52:52", "algorithmVersion": "v1.0.0", "controller": "\u9ec4\u5188AI\u7b97\u6cd5\u63a7\u5236", "outputCommand": "\u4e00\u671f\u751f\u7269\u6c60#\u5b9e\u65f6\uff1a\u4e00\u671f\u6eb6\u89e3\u6c27\uff1a2.68mg/L\uff0c\u76ee\u6807\u503c\uff1a2mg/L#\u4e00\u671f1\u53f7\u98ce\u673a\u8fd0\u884c\uff0c\u53cd\u9988\uff1a98%\uff0c\u4e0a\u9650\uff1a100%\uff0c\u4e0b\u9650\uff1a55%\uff0c\u63a7\u5236\u8f93\u51fa\uff1a98.0%\u4e00\u671f3\u53f7\u98ce\u673a\u8fd0\u884c\uff0c\u53cd\u9988\uff1a98%\uff0c\u4e0a\u9650\uff1a100%\uff0c\u4e0b\u9650\uff1a55%\uff0c\u63a7\u5236\u8f93\u51fa\uff1a98.0%\u4e8c\u671f\u751f\u7269\u6c60#\u5b9e\u65f6\uff1a\u4e8c\u671f\u6eb6\u89e3\u6c27\uff1a1.65mg/L\uff0c\u76ee\u6807\u503c\uff1a2mg/L#\u4e8c\u671f1\u53f7\u98ce\u673a\u8fd0\u884c\uff0c\u53cd\u9988\uff1a74%\uff0c\u4e0a\u9650\uff1a98%\uff0c\u4e0b\u9650\uff1a55%\uff0c\u63a7\u5236\u8f93\u51fa\uff1a77.1%\u4e8c\u671f3\u53f7\u98ce\u673a\u8fd0\u884c\uff0c\u53cd\u9988\uff1a75%\uff0c\u4e0a\u9650\uff1a98%\uff0c\u4e0b\u9650\uff1a55%\uff0c\u63a7\u5236\u8f93\u51fa\uff1a78.1%\u4e8c\u671f6\u53f7\u98ce\u673a\u8fd0\u884c\uff0c\u53cd\u9988\uff1a75%\uff0c\u4e0a\u9650\uff1a98%\uff0c\u4e0b\u9650\uff1a55%\uff0c\u63a7\u5236\u8f93\u51fa\uff1a78.1%"}
2026-06-10 10:52:52,288 - MQTTClient - 177 - DEBUG - Message published (mid=37)
2026-06-10 10:54:52,367 - MQTTClient - 99 - DEBUG - Published: Rpc/ - {"\u865a\u62df\u8bbe\u5907": {"\u4e00\u671f1\u53f7\u98ce\u673a\u542f\u505c": 1}}
2026-06-10 10:54:52,367 - MQTTClient - 177 - DEBUG - Message published (mid=38)
2026-06-10 10:54:52,369 - MQTTClient - 99 - DEBUG - Published: Rpc/ - {"\u865a\u62df\u8bbe\u5907": {"\u4e00\u671f3\u53f7\u98ce\u673a\u542f\u505c": 1}}
2026-06-10 10:54:52,369 - MQTTClient - 177 - DEBUG - Message published (mid=39)
2026-06-10 10:54:52,371 - MQTTClient - 99 - DEBUG - Published: Rpc/ - {"\u865a\u62df\u8bbe\u5907": {"\u4e8c\u671f1\u53f7\u98ce\u673a\u542f\u505c": 1}}
2026-06-10 10:54:52,371 - MQTTClient - 177 - DEBUG - Message published (mid=40)
2026-06-10 10:54:52,373 - MQTTClient - 99 - DEBUG - Published: Rpc/ - {"\u865a\u62df\u8bbe\u5907": {"\u4e8c\u671f1\u53f7\u98ce\u673aSV\u503c": 79.0}}
2026-06-10 10:54:52,373 - MQTTClient - 177 - DEBUG - Message published (mid=41)
2026-06-10 10:54:52,373 - MQTTClient - 99 - DEBUG - Published: Rpc/ - {"\u865a\u62df\u8bbe\u5907": {"\u4e8c\u671f3\u53f7\u98ce\u673a\u542f\u505c": 1}}
2026-06-10 10:54:52,374 - MQTTClient - 177 - DEBUG - Message published (mid=42)
2026-06-10 10:54:52,376 - MQTTClient - 177 - DEBUG - Message published (mid=43)
2026-06-10 10:54:52,376 - MQTTClient - 99 - DEBUG - Published: Rpc/ - {"\u865a\u62df\u8bbe\u5907": {"\u4e8c\u671f3\u53f7\u98ce\u673aSV\u503c": 80.0}}
2026-06-10 10:54:52,376 - MQTTClient - 99 - DEBUG - Published: Rpc/ - {"\u865a\u62df\u8bbe\u5907": {"\u4e8c\u671f6\u53f7\u98ce\u673a\u542f\u505c": 1}}
2026-06-10 10:54:52,377 - MQTTClient - 177 - DEBUG - Message published (mid=44)
2026-06-10 10:54:52,379 - MQTTClient - 99 - DEBUG - Published: Rpc/ - {"\u865a\u62df\u8bbe\u5907": {"\u4e8c\u671f6\u53f7\u98ce\u673aSV\u503c": 80.0}}
2026-06-10 10:54:52,379 - MQTTClient - 177 - DEBUG - Message published (mid=45)
2026-06-10 10:54:52,380 - MQTTClient - 177 - DEBUG - Message published (mid=46)
2026-06-10 10:54:52,380 - MQTTClient - 99 - DEBUG - Published: /idms/api/v1/createControlX - {"type": "\u66dd\u6c14\u667a\u80fd\u4f53", "time": "2026-06-10 10:54:52", "algorithmVersion": "v1.0.0", "controller": "\u9ec4\u5188AI\u7b97\u6cd5\u63a7\u5236", "outputCommand": "\u4e00\u671f\u751f\u7269\u6c60#\u5b9e\u65f6\uff1a\u4e00\u671f\u6eb6\u89e3\u6c27\uff1a2.52mg/L\uff0c\u76ee\u6807\u503c\uff1a2mg/L#\u4e00\u671f1\u53f7\u98ce\u673a\u8fd0\u884c\uff0c\u53cd\u9988\uff1a98%\uff0c\u4e0a\u9650\uff1a100%\uff0c\u4e0b\u9650\uff1a55%\uff0c\u63a7\u5236\u8f93\u51fa\uff1a98.0%\u4e00\u671f3\u53f7\u98ce\u673a\u8fd0\u884c\uff0c\u53cd\u9988\uff1a98%\uff0c\u4e0a\u9650\uff1a100%\uff0c\u4e0b\u9650\uff1a55%\uff0c\u63a7\u5236\u8f93\u51fa\uff1a98.0%\u4e8c\u671f\u751f\u7269\u6c60#\u5b9e\u65f6\uff1a\u4e8c\u671f\u6eb6\u89e3\u6c27\uff1a1.13mg/L\uff0c\u76ee\u6807\u503c\uff1a2mg/L#\u4e8c\u671f1\u53f7\u98ce\u673a\u8fd0\u884c\uff0c\u53cd\u9988\uff1a74%\uff0c\u4e0a\u9650\uff1a98%\uff0c\u4e0b\u9650\uff1a55%\uff0c\u63a7\u5236\u8f93\u51fa\uff1a82.0%\u4e8c\u671f3\u53f7\u98ce\u673a\u8fd0\u884c\uff0c\u53cd\u9988\uff1a75%\uff0c\u4e0a\u9650\uff1a98%\uff0c\u4e0b\u9650\uff1a55%\uff0c\u63a7\u5236\u8f93\u51fa\uff1a83.0%\u4e8c\u671f6\u53f7\u98ce\u673a\u8fd0\u884c\uff0c\u53cd\u9988\uff1a75%\uff0c\u4e0a\u9650\uff1a98%\uff0c\u4e0b\u9650\uff1a55%\uff0c\u63a7\u5236\u8f93\u51fa\uff1a83.0%"}
2026-06-10 10:55:07,375 - MQTTClient - 99 - DEBUG - Published: Rpc/ - {"\u865a\u62df\u8bbe\u5907": {"\u4e8c\u671f1\u53f7\u98ce\u673aSV\u503c": 82.0}}
2026-06-10 10:55:07,375 - MQTTClient - 177 - DEBUG - Message published (mid=47)
2026-06-10 10:55:07,378 - MQTTClient - 99 - DEBUG - Published: Rpc/ - {"\u865a\u62df\u8bbe\u5907": {"\u4e8c\u671f3\u53f7\u98ce\u673aSV\u503c": 83.0}}
2026-06-10 10:55:07,378 - MQTTClient - 177 - DEBUG - Message published (mid=48)
2026-06-10 10:55:07,381 - MQTTClient - 99 - DEBUG - Published: Rpc/ - {"\u865a\u62df\u8bbe\u5907": {"\u4e8c\u671f6\u53f7\u98ce\u673aSV\u503c": 83.0}}
2026-06-10 10:55:07,381 - MQTTClient - 177 - DEBUG - Message published (mid=49)
2026-06-10 10:56:52,473 - MQTTClient - 99 - DEBUG - Published: Rpc/ - {"\u865a\u62df\u8bbe\u5907": {"\u4e00\u671f1\u53f7\u98ce\u673a\u542f\u505c": 1}}
2026-06-10 10:56:52,473 - MQTTClient - 177 - DEBUG - Message published (mid=50)
2026-06-10 10:56:52,474 - MQTTClient - 177 - DEBUG - Message published (mid=51)
2026-06-10 10:56:52,474 - MQTTClient - 99 - DEBUG - Published: Rpc/ - {"\u865a\u62df\u8bbe\u5907": {"\u4e00\u671f3\u53f7\u98ce\u673a\u542f\u505c": 1}}
2026-06-10 10:56:52,476 - MQTTClient - 99 - DEBUG - Published: Rpc/ - {"\u865a\u62df\u8bbe\u5907": {"\u4e8c\u671f1\u53f7\u98ce\u673a\u542f\u505c": 1}}
2026-06-10 10:56:52,476 - MQTTClient - 177 - DEBUG - Message published (mid=52)
2026-06-10 10:56:52,477 - MQTTClient - 99 - DEBUG - Published: Rpc/ - {"\u865a\u62df\u8bbe\u5907": {"\u4e8c\u671f1\u53f7\u98ce\u673aSV\u503c": 81.0}}
2026-06-10 10:56:52,477 - MQTTClient - 177 - DEBUG - Message published (mid=53)
2026-06-10 10:56:52,478 - MQTTClient - 99 - DEBUG - Published: Rpc/ - {"\u865a\u62df\u8bbe\u5907": {"\u4e8c\u671f3\u53f7\u98ce\u673a\u542f\u505c": 1}}
2026-06-10 10:56:52,478 - MQTTClient - 177 - DEBUG - Message published (mid=54)
2026-06-10 10:56:52,479 - MQTTClient - 99 - DEBUG - Published: Rpc/ - {"\u865a\u62df\u8bbe\u5907": {"\u4e8c\u671f3\u53f7\u98ce\u673aSV\u503c": 84.0}}
2026-06-10 10:56:52,479 - MQTTClient - 177 - DEBUG - Message published (mid=55)
2026-06-10 10:56:52,480 - MQTTClient - 99 - DEBUG - Published: Rpc/ - {"\u865a\u62df\u8bbe\u5907": {"\u4e8c\u671f6\u53f7\u98ce\u673a\u542f\u505c": 1}}
2026-06-10 10:56:52,482 - MQTTClient - 177 - DEBUG - Message published (mid=56)
2026-06-10 10:56:52,483 - MQTTClient - 177 - DEBUG - Message published (mid=57)
2026-06-10 10:56:52,483 - MQTTClient - 99 - DEBUG - Published: Rpc/ - {"\u865a\u62df\u8bbe\u5907": {"\u4e8c\u671f6\u53f7\u98ce\u673aSV\u503c": 84.0}}
2026-06-10 10:56:52,484 - MQTTClient - 99 - DEBUG - Published: /idms/api/v1/createControlX - {"type": "\u66dd\u6c14\u667a\u80fd\u4f53", "time": "2026-06-10 10:56:52", "algorithmVersion": "v1.0.0", "controller": "\u9ec4\u5188AI\u7b97\u6cd5\u63a7\u5236", "outputCommand": "\u4e00\u671f\u751f\u7269\u6c60#\u5b9e\u65f6\uff1a\u4e00\u671f\u6eb6\u89e3\u6c27\uff1a2.46mg/L\uff0c\u76ee\u6807\u503c\uff1a2mg/L#\u4e00\u671f1\u53f7\u98ce\u673a\u8fd0\u884c\uff0c\u53cd\u9988\uff1a99%\uff0c\u4e0a\u9650\uff1a100%\uff0c\u4e0b\u9650\uff1a55%\uff0c\u63a7\u5236\u8f93\u51fa\uff1a99.0%\u4e00\u671f3\u53f7\u98ce\u673a\u8fd0\u884c\uff0c\u53cd\u9988\uff1a99%\uff0c\u4e0a\u9650\uff1a100%\uff0c\u4e0b\u9650\uff1a55%\uff0c\u63a7\u5236\u8f93\u51fa\uff1a99.0%\u4e8c\u671f\u751f\u7269\u6c60#\u5b9e\u65f6\uff1a\u4e8c\u671f\u6eb6\u89e3\u6c27\uff1a1.56mg/L\uff0c\u76ee\u6807\u503c\uff1a2mg/L#\u4e8c\u671f1\u53f7\u98ce\u673a\u8fd0\u884c\uff0c\u53cd\u9988\uff1a77%\uff0c\u4e0a\u9650\uff1a98%\uff0c\u4e0b\u9650\uff1a55%\uff0c\u63a7\u5236\u8f93\u51fa\uff1a81.0%\u4e8c\u671f3\u53f7\u98ce\u673a\u8fd0\u884c\uff0c\u53cd\u9988\uff1a80%\uff0c\u4e0a\u9650\uff1a98%\uff0c\u4e0b\u9650\uff1a55%\uff0c\u63a7\u5236\u8f93\u51fa\uff1a84.0%\u4e8c\u671f6\u53f7\u98ce\u673a\u8fd0\u884c\uff0c\u53cd\u9988\uff1a80%\uff0c\u4e0a\u9650\uff1a98%\uff0c\u4e0b\u9650\uff1a55%\uff0c\u63a7\u5236\u8f93\u51fa\uff1a84.0%"}
2026-06-10 10:56:52,484 - MQTTClient - 177 - DEBUG - Message published (mid=58)
2026-06-10 10:58:52,626 - MQTTClient - 99 - DEBUG - Published: Rpc/ - {"\u865a\u62df\u8bbe\u5907": {"\u4e00\u671f1\u53f7\u98ce\u673a\u542f\u505c": 1}}
2026-06-10 10:58:52,626 - MQTTClient - 177 - DEBUG - Message published (mid=59)
2026-06-10 10:58:52,629 - MQTTClient - 99 - DEBUG - Published: Rpc/ - {"\u865a\u62df\u8bbe\u5907": {"\u4e00\u671f3\u53f7\u98ce\u673a\u542f\u505c": 1}}
2026-06-10 10:58:52,630 - MQTTClient - 177 - DEBUG - Message published (mid=60)
2026-06-10 10:58:52,632 - MQTTClient - 99 - DEBUG - Published: Rpc/ - {"\u865a\u62df\u8bbe\u5907": {"\u4e8c\u671f1\u53f7\u98ce\u673a\u542f\u505c": 1}}
2026-06-10 10:58:52,632 - MQTTClient - 177 - DEBUG - Message published (mid=61)
2026-06-10 10:58:52,634 - MQTTClient - 99 - DEBUG - Published: Rpc/ - {"\u865a\u62df\u8bbe\u5907": {"\u4e8c\u671f1\u53f7\u98ce\u673aSV\u503c": 81.0}}
2026-06-10 10:58:52,634 - MQTTClient - 177 - DEBUG - Message published (mid=62)
2026-06-10 10:58:52,634 - MQTTClient - 99 - DEBUG - Published: Rpc/ - {"\u865a\u62df\u8bbe\u5907": {"\u4e8c\u671f3\u53f7\u98ce\u673a\u542f\u505c": 1}}
2026-06-10 10:58:52,635 - MQTTClient - 177 - DEBUG - Message published (mid=63)
2026-06-10 10:58:52,636 - MQTTClient - 99 - DEBUG - Published: Rpc/ - {"\u865a\u62df\u8bbe\u5907": {"\u4e8c\u671f3\u53f7\u98ce\u673aSV\u503c": 84.0}}
2026-06-10 10:58:52,636 - MQTTClient - 177 - DEBUG - Message published (mid=64)
2026-06-10 10:58:52,637 - MQTTClient - 99 - DEBUG - Published: Rpc/ - {"\u865a\u62df\u8bbe\u5907": {"\u4e8c\u671f6\u53f7\u98ce\u673a\u542f\u505c": 1}}
2026-06-10 10:58:52,638 - MQTTClient - 177 - DEBUG - Message published (mid=65)
2026-06-10 10:58:52,639 - MQTTClient - 99 - DEBUG - Published: Rpc/ - {"\u865a\u62df\u8bbe\u5907": {"\u4e8c\u671f6\u53f7\u98ce\u673aSV\u503c": 84.0}}
2026-06-10 10:58:52,639 - MQTTClient - 177 - DEBUG - Message published (mid=66)
2026-06-10 10:58:52,640 - MQTTClient - 99 - DEBUG - Published: /idms/api/v1/createControlX - {"type": "\u66dd\u6c14\u667a\u80fd\u4f53", "time": "2026-06-10 10:58:52", "algorithmVersion": "v1.0.0", "controller": "\u9ec4\u5188AI\u7b97\u6cd5\u63a7\u5236", "outputCommand": "\u4e00\u671f\u751f\u7269\u6c60#\u5b9e\u65f6\uff1a\u4e00\u671f\u6eb6\u89e3\u6c27\uff1a2.61mg/L\uff0c\u76ee\u6807\u503c\uff1a2mg/L#\u4e00\u671f1\u53f7\u98ce\u673a\u8fd0\u884c\uff0c\u53cd\u9988\uff1a99%\uff0c\u4e0a\u9650\uff1a100%\uff0c\u4e0b\u9650\uff1a55%\uff0c\u63a7\u5236\u8f93\u51fa\uff1a99.0%\u4e00\u671f3\u53f7\u98ce\u673a\u8fd0\u884c\uff0c\u53cd\u9988\uff1a99%\uff0c\u4e0a\u9650\uff1a100%\uff0c\u4e0b\u9650\uff1a55%\uff0c\u63a7\u5236\u8f93\u51fa\uff1a99.0%\u4e8c\u671f\u751f\u7269\u6c60#\u5b9e\u65f6\uff1a\u4e8c\u671f\u6eb6\u89e3\u6c27\uff1a1.62mg/L\uff0c\u76ee\u6807\u503c\uff1a2mg/L#\u4e8c\u671f1\u53f7\u98ce\u673a\u8fd0\u884c\uff0c\u53cd\u9988\uff1a77%\uff0c\u4e0a\u9650\uff1a98%\uff0c\u4e0b\u9650\uff1a55%\uff0c\u63a7\u5236\u8f93\u51fa\uff1a81.0%\u4e8c\u671f3\u53f7\u98ce\u673a\u8fd0\u884c\uff0c\u53cd\u9988\uff1a80%\uff0c\u4e0a\u9650\uff1a98%\uff0c\u4e0b\u9650\uff1a55%\uff0c\u63a7\u5236\u8f93\u51fa\uff1a84.0%\u4e8c\u671f6\u53f7\u98ce\u673a\u8fd0\u884c\uff0c\u53cd\u9988\uff1a80%\uff0c\u4e0a\u9650\uff1a98%\uff0c\u4e0b\u9650\uff1a55%\uff0c\u63a7\u5236\u8f93\u51fa\uff1a84.0%"}
2026-06-10 10:58:52,641 - MQTTClient - 177 - DEBUG - Message published (mid=67)
2026-06-10 11:00:52,795 - MQTTClient - 177 - DEBUG - Message published (mid=68)
2026-06-10 11:00:52,795 - MQTTClient - 99 - DEBUG - Published: Rpc/ - {"\u865a\u62df\u8bbe\u5907": {"\u4e00\u671f1\u53f7\u98ce\u673a\u542f\u505c": 1}}
2026-06-10 11:00:52,799 - MQTTClient - 99 - DEBUG - Published: Rpc/ - {"\u865a\u62df\u8bbe\u5907": {"\u4e00\u671f3\u53f7\u98ce\u673a\u542f\u505c": 1}}
2026-06-10 11:00:52,800 - MQTTClient - 177 - DEBUG - Message published (mid=69)
2026-06-10 11:00:52,802 - MQTTClient - 177 - DEBUG - Message published (mid=70)
2026-06-10 11:00:52,802 - MQTTClient - 99 - DEBUG - Published: Rpc/ - {"\u865a\u62df\u8bbe\u5907": {"\u4e8c\u671f1\u53f7\u98ce\u673a\u542f\u505c": 1}}
2026-06-10 11:00:52,805 - MQTTClient - 177 - DEBUG - Message published (mid=71)
2026-06-10 11:00:52,805 - MQTTClient - 99 - DEBUG - Published: Rpc/ - {"\u865a\u62df\u8bbe\u5907": {"\u4e8c\u671f3\u53f7\u98ce\u673a\u542f\u505c": 1}}
2026-06-10 11:00:52,808 - MQTTClient - 99 - DEBUG - Published: Rpc/ - {"\u865a\u62df\u8bbe\u5907": {"\u4e8c\u671f6\u53f7\u98ce\u673a\u542f\u505c": 1}}
2026-06-10 11:00:52,808 - MQTTClient - 177 - DEBUG - Message published (mid=72)
2026-06-10 11:00:52,809 - MQTTClient - 99 - DEBUG - Published: /idms/api/v1/createControlX - {"type": "\u66dd\u6c14\u667a\u80fd\u4f53", "time": "2026-06-10 11:00:52", "algorithmVersion": "v1.0.0", "controller": "\u9ec4\u5188AI\u7b97\u6cd5\u63a7\u5236", "outputCommand": "\u4e00\u671f\u751f\u7269\u6c60#\u5b9e\u65f6\uff1a\u4e00\u671f\u6eb6\u89e3\u6c27\uff1a2.64mg/L\uff0c\u76ee\u6807\u503c\uff1a2mg/L#\u4e00\u671f1\u53f7\u98ce\u673a\u8fd0\u884c\uff0c\u53cd\u9988\uff1a99%\uff0c\u4e0a\u9650\uff1a100%\uff0c\u4e0b\u9650\uff1a55%\uff0c\u63a7\u5236\u8f93\u51fa\uff1a99.0%\u4e00\u671f3\u53f7\u98ce\u673a\u8fd0\u884c\uff0c\u53cd\u9988\uff1a99%\uff0c\u4e0a\u9650\uff1a100%\uff0c\u4e0b\u9650\uff1a55%\uff0c\u63a7\u5236\u8f93\u51fa\uff1a99.0%\u4e8c\u671f\u751f\u7269\u6c60#\u5b9e\u65f6\uff1a\u4e8c\u671f\u6eb6\u89e3\u6c27\uff1a1.94mg/L\uff0c\u76ee\u6807\u503c\uff1a2mg/L#\u4e8c\u671f1\u53f7\u98ce\u673a\u8fd0\u884c\uff0c\u53cd\u9988\uff1a77%\uff0c\u4e0a\u9650\uff1a98%\uff0c\u4e0b\u9650\uff1a55%\uff0c\u63a7\u5236\u8f93\u51fa\uff1a77.0%\u4e8c\u671f3\u53f7\u98ce\u673a\u8fd0\u884c\uff0c\u53cd\u9988\uff1a80%\uff0c\u4e0a\u9650\uff1a98%\uff0c\u4e0b\u9650\uff1a55%\uff0c\u63a7\u5236\u8f93\u51fa\uff1a80.0%\u4e8c\u671f6\u53f7\u98ce\u673a\u8fd0\u884c\uff0c\u53cd\u9988\uff1a80%\uff0c\u4e0a\u9650\uff1a98%\uff0c\u4e0b\u9650\uff1a55%\uff0c\u63a7\u5236\u8f93\u51fa\uff1a80.0%"}
2026-06-10 11:00:52,810 - MQTTClient - 177 - DEBUG - Message published (mid=73)
2026-06-10 11:02:52,902 - MQTTClient - 99 - DEBUG - Published: Rpc/ - {"\u865a\u62df\u8bbe\u5907": {"\u4e00\u671f1\u53f7\u98ce\u673a\u542f\u505c": 1}}
2026-06-10 11:02:52,902 - MQTTClient - 177 - DEBUG - Message published (mid=74)
2026-06-10 11:02:52,905 - MQTTClient - 99 - DEBUG - Published: Rpc/ - {"\u865a\u62df\u8bbe\u5907": {"\u4e00\u671f1\u53f7\u98ce\u673aSV\u503c": 94.0}}
2026-06-10 11:02:52,905 - MQTTClient - 177 - DEBUG - Message published (mid=75)
2026-06-10 11:02:52,906 - MQTTClient - 99 - DEBUG - Published: Rpc/ - {"\u865a\u62df\u8bbe\u5907": {"\u4e00\u671f3\u53f7\u98ce\u673a\u542f\u505c": 1}}
2026-06-10 11:02:52,907 - MQTTClient - 177 - DEBUG - Message published (mid=76)
2026-06-10 11:02:52,908 - MQTTClient - 99 - DEBUG - Published: Rpc/ - {"\u865a\u62df\u8bbe\u5907": {"\u4e00\u671f3\u53f7\u98ce\u673aSV\u503c": 94.0}}
2026-06-10 11:02:52,908 - MQTTClient - 177 - DEBUG - Message published (mid=77)
2026-06-10 11:02:52,909 - MQTTClient - 99 - DEBUG - Published: Rpc/ - {"\u865a\u62df\u8bbe\u5907": {"\u4e8c\u671f1\u53f7\u98ce\u673a\u542f\u505c": 1}}
2026-06-10 11:02:52,909 - MQTTClient - 177 - DEBUG - Message published (mid=78)
2026-06-10 11:02:52,911 - MQTTClient - 99 - DEBUG - Published: Rpc/ - {"\u865a\u62df\u8bbe\u5907": {"\u4e8c\u671f3\u53f7\u98ce\u673a\u542f\u505c": 1}}
2026-06-10 11:02:52,911 - MQTTClient - 177 - DEBUG - Message published (mid=79)
2026-06-10 11:02:52,913 - MQTTClient - 99 - DEBUG - Published: Rpc/ - {"\u865a\u62df\u8bbe\u5907": {"\u4e8c\u671f6\u53f7\u98ce\u673a\u542f\u505c": 1}}
2026-06-10 11:02:52,913 - MQTTClient - 177 - DEBUG - Message published (mid=80)
2026-06-10 11:02:52,915 - MQTTClient - 177 - DEBUG - Message published (mid=81)
2026-06-10 11:02:52,915 - MQTTClient - 99 - DEBUG - Published: /idms/api/v1/createControlX - {"type": "\u66dd\u6c14\u667a\u80fd\u4f53", "time": "2026-06-10 11:02:52", "algorithmVersion": "v1.0.0", "controller": "\u9ec4\u5188AI\u7b97\u6cd5\u63a7\u5236", "outputCommand": "\u4e00\u671f\u751f\u7269\u6c60#\u5b9e\u65f6\uff1a\u4e00\u671f\u6eb6\u89e3\u6c27\uff1a2.61mg/L\uff0c\u76ee\u6807\u503c\uff1a2mg/L#\u4e00\u671f1\u53f7\u98ce\u673a\u8fd0\u884c\uff0c\u53cd\u9988\uff1a99%\uff0c\u4e0a\u9650\uff1a100%\uff0c\u4e0b\u9650\uff1a55%\uff0c\u63a7\u5236\u8f93\u51fa\uff1a93.0%\u4e00\u671f3\u53f7\u98ce\u673a\u8fd0\u884c\uff0c\u53cd\u9988\uff1a99%\uff0c\u4e0a\u9650\uff1a100%\uff0c\u4e0b\u9650\uff1a55%\uff0c\u63a7\u5236\u8f93\u51fa\uff1a93.0%\u4e8c\u671f\u751f\u7269\u6c60#\u5b9e\u65f6\uff1a\u4e8c\u671f\u6eb6\u89e3\u6c27\uff1a1.88mg/L\uff0c\u76ee\u6807\u503c\uff1a2mg/L#\u4e8c\u671f1\u53f7\u98ce\u673a\u8fd0\u884c\uff0c\u53cd\u9988\uff1a77%\uff0c\u4e0a\u9650\uff1a98%\uff0c\u4e0b\u9650\uff1a55%\uff0c\u63a7\u5236\u8f93\u51fa\uff1a77.0%\u4e8c\u671f3\u53f7\u98ce\u673a\u8fd0\u884c\uff0c\u53cd\u9988\uff1a80%\uff0c\u4e0a\u9650\uff1a98%\uff0c\u4e0b\u9650\uff1a55%\uff0c\u63a7\u5236\u8f93\u51fa\uff1a80.0%\u4e8c\u671f6\u53f7\u98ce\u673a\u8fd0\u884c\uff0c\u53cd\u9988\uff1a80%\uff0c\u4e0a\u9650\uff1a98%\uff0c\u4e0b\u9650\uff1a55%\uff0c\u63a7\u5236\u8f93\u51fa\uff1a80.0%"}
2026-06-10 11:03:07,907 - MQTTClient - 99 - DEBUG - Published: Rpc/ - {"\u865a\u62df\u8bbe\u5907": {"\u4e00\u671f1\u53f7\u98ce\u673aSV\u503c": 93.0}}
2026-06-10 11:03:07,909 - MQTTClient - 177 - DEBUG - Message published (mid=82)
2026-06-10 11:03:07,911 - MQTTClient - 99 - DEBUG - Published: Rpc/ - {"\u865a\u62df\u8bbe\u5907": {"\u4e00\u671f3\u53f7\u98ce\u673aSV\u503c": 93.0}}
2026-06-10 11:03:07,913 - MQTTClient - 177 - DEBUG - Message published (mid=83)
2026-06-10 11:04:53,092 - MQTTClient - 177 - DEBUG - Message published (mid=84)
2026-06-10 11:04:53,092 - MQTTClient - 99 - DEBUG - Published: Rpc/ - {"\u865a\u62df\u8bbe\u5907": {"\u4e00\u671f1\u53f7\u98ce\u673a\u542f\u505c": 1}}
2026-06-10 11:04:53,099 - MQTTClient - 177 - DEBUG - Message published (mid=85)
2026-06-10 11:04:53,099 - MQTTClient - 99 - DEBUG - Published: Rpc/ - {"\u865a\u62df\u8bbe\u5907": {"\u4e00\u671f1\u53f7\u98ce\u673aSV\u503c": 94.0}}
2026-06-10 11:04:53,100 - MQTTClient - 177 - DEBUG - Message published (mid=86)
2026-06-10 11:04:53,102 - MQTTClient - 99 - DEBUG - Published: Rpc/ - {"\u865a\u62df\u8bbe\u5907": {"\u4e00\u671f3\u53f7\u98ce\u673a\u542f\u505c": 1}}
2026-06-10 11:04:53,110 - MQTTClient - 177 - DEBUG - Message published (mid=87)
2026-06-10 11:04:53,110 - MQTTClient - 99 - DEBUG - Published: Rpc/ - {"\u865a\u62df\u8bbe\u5907": {"\u4e00\u671f3\u53f7\u98ce\u673aSV\u503c": 94.0}}
2026-06-10 11:04:53,113 - MQTTClient - 99 - DEBUG - Published: Rpc/ - {"\u865a\u62df\u8bbe\u5907": {"\u4e8c\u671f1\u53f7\u98ce\u673a\u542f\u505c": 1}}
2026-06-10 11:04:53,114 - MQTTClient - 177 - DEBUG - Message published (mid=88)
2026-06-10 11:04:53,120 - MQTTClient - 177 - DEBUG - Message published (mid=89)
2026-06-10 11:04:53,121 - MQTTClient - 99 - DEBUG - Published: Rpc/ - {"\u865a\u62df\u8bbe\u5907": {"\u4e8c\u671f1\u53f7\u98ce\u673aSV\u503c": 79.0}}
2026-06-10 11:04:53,124 - MQTTClient - 177 - DEBUG - Message published (mid=90)
2026-06-10 11:04:53,124 - MQTTClient - 99 - DEBUG - Published: Rpc/ - {"\u865a\u62df\u8bbe\u5907": {"\u4e8c\u671f3\u53f7\u98ce\u673a\u542f\u505c": 1}}
2026-06-10 11:04:53,135 - MQTTClient - 177 - DEBUG - Message published (mid=91)
2026-06-10 11:04:53,135 - MQTTClient - 99 - DEBUG - Published: Rpc/ - {"\u865a\u62df\u8bbe\u5907": {"\u4e8c\u671f3\u53f7\u98ce\u673aSV\u503c": 82.0}}
2026-06-10 11:04:53,135 - MQTTClient - 99 - DEBUG - Published: Rpc/ - {"\u865a\u62df\u8bbe\u5907": {"\u4e8c\u671f6\u53f7\u98ce\u673a\u542f\u505c": 1}}
2026-06-10 11:04:53,136 - MQTTClient - 177 - DEBUG - Message published (mid=92)
2026-06-10 11:04:53,148 - MQTTClient - 177 - DEBUG - Message published (mid=93)
2026-06-10 11:04:53,148 - MQTTClient - 99 - DEBUG - Published: Rpc/ - {"\u865a\u62df\u8bbe\u5907": {"\u4e8c\u671f6\u53f7\u98ce\u673aSV\u503c": 82.0}}
2026-06-10 11:04:53,149 - MQTTClient - 99 - DEBUG - Published: /idms/api/v1/createControlX - {"type": "\u66dd\u6c14\u667a\u80fd\u4f53", "time": "2026-06-10 11:04:53", "algorithmVersion": "v1.0.0", "controller": "\u9ec4\u5188AI\u7b97\u6cd5\u63a7\u5236", "outputCommand": "\u4e00\u671f\u751f\u7269\u6c60#\u5b9e\u65f6\uff1a\u4e00\u671f\u6eb6\u89e3\u6c27\uff1a2.52mg/L\uff0c\u76ee\u6807\u503c\uff1a2mg/L#\u4e00\u671f1\u53f7\u98ce\u673a\u8fd0\u884c\uff0c\u53cd\u9988\uff1a99%\uff0c\u4e0a\u9650\uff1a100%\uff0c\u4e0b\u9650\uff1a55%\uff0c\u63a7\u5236\u8f93\u51fa\uff1a93.0%\u4e00\u671f3\u53f7\u98ce\u673a\u8fd0\u884c\uff0c\u53cd\u9988\uff1a99%\uff0c\u4e0a\u9650\uff1a100%\uff0c\u4e0b\u9650\uff1a55%\uff0c\u63a7\u5236\u8f93\u51fa\uff1a93.0%\u4e8c\u671f\u751f\u7269\u6c60#\u5b9e\u65f6\uff1a\u4e8c\u671f\u6eb6\u89e3\u6c27\uff1a1.78mg/L\uff0c\u76ee\u6807\u503c\uff1a2mg/L#\u4e8c\u671f1\u53f7\u98ce\u673a\u8fd0\u884c\uff0c\u53cd\u9988\uff1a77%\uff0c\u4e0a\u9650\uff1a98%\uff0c\u4e0b\u9650\uff1a55%\uff0c\u63a7\u5236\u8f93\u51fa\uff1a79.0%\u4e8c\u671f3\u53f7\u98ce\u673a\u8fd0\u884c\uff0c\u53cd\u9988\uff1a80%\uff0c\u4e0a\u9650\uff1a98%\uff0c\u4e0b\u9650\uff1a55%\uff0c\u63a7\u5236\u8f93\u51fa\uff1a82.0%\u4e8c\u671f6\u53f7\u98ce\u673a\u8fd0\u884c\uff0c\u53cd\u9988\uff1a80%\uff0c\u4e0a\u9650\uff1a98%\uff0c\u4e0b\u9650\uff1a55%\uff0c\u63a7\u5236\u8f93\u51fa\uff1a82.0%"}
2026-06-10 11:04:53,149 - MQTTClient - 177 - DEBUG - Message published (mid=94)
2026-06-10 11:05:08,107 - MQTTClient - 99 - DEBUG - Published: Rpc/ - {"\u865a\u62df\u8bbe\u5907": {"\u4e00\u671f1\u53f7\u98ce\u673aSV\u503c": 93.0}}
2026-06-10 11:05:08,108 - MQTTClient - 177 - DEBUG - Message published (mid=95)
2026-06-10 11:05:08,130 - MQTTClient - 177 - DEBUG - Message published (mid=96)
2026-06-10 11:05:08,130 - MQTTClient - 99 - DEBUG - Published: Rpc/ - {"\u865a\u62df\u8bbe\u5907": {"\u4e00\u671f3\u53f7\u98ce\u673aSV\u503c": 93.0}}
2026-06-10 11:06:53,244 - MQTTClient - 99 - DEBUG - Published: Rpc/ - {"\u865a\u62df\u8bbe\u5907": {"\u4e00\u671f1\u53f7\u98ce\u673a\u542f\u505c": 1}}
2026-06-10 11:06:53,244 - MQTTClient - 177 - DEBUG - Message published (mid=97)
2026-06-10 11:06:53,246 - MQTTClient - 99 - DEBUG - Published: Rpc/ - {"\u865a\u62df\u8bbe\u5907": {"\u4e00\u671f3\u53f7\u98ce\u673a\u542f\u505c": 1}}
2026-06-10 11:06:53,246 - MQTTClient - 177 - DEBUG - Message published (mid=98)
2026-06-10 11:06:53,248 - MQTTClient - 99 - DEBUG - Published: Rpc/ - {"\u865a\u62df\u8bbe\u5907": {"\u4e8c\u671f1\u53f7\u98ce\u673a\u542f\u505c": 1}}
2026-06-10 11:06:53,249 - MQTTClient - 177 - DEBUG - Message published (mid=99)
2026-06-10 11:06:53,250 - MQTTClient - 99 - DEBUG - Published: Rpc/ - {"\u865a\u62df\u8bbe\u5907": {"\u4e8c\u671f1\u53f7\u98ce\u673aSV\u503c": 80.3}}
2026-06-10 11:06:53,251 - MQTTClient - 99 - DEBUG - Published: Rpc/ - {"\u865a\u62df\u8bbe\u5907": {"\u4e8c\u671f3\u53f7\u98ce\u673a\u542f\u505c": 1}}
2026-06-10 11:06:53,251 - MQTTClient - 177 - DEBUG - Message published (mid=100)
2026-06-10 11:06:53,252 - MQTTClient - 177 - DEBUG - Message published (mid=101)
2026-06-10 11:06:53,254 - MQTTClient - 177 - DEBUG - Message published (mid=102)
2026-06-10 11:06:53,254 - MQTTClient - 99 - DEBUG - Published: Rpc/ - {"\u865a\u62df\u8bbe\u5907": {"\u4e8c\u671f3\u53f7\u98ce\u673aSV\u503c": 83.3}}
2026-06-10 11:06:53,254 - MQTTClient - 99 - DEBUG - Published: Rpc/ - {"\u865a\u62df\u8bbe\u5907": {"\u4e8c\u671f6\u53f7\u98ce\u673a\u542f\u505c": 1}}
2026-06-10 11:06:53,255 - MQTTClient - 177 - DEBUG - Message published (mid=103)
2026-06-10 11:06:53,257 - MQTTClient - 177 - DEBUG - Message published (mid=104)
2026-06-10 11:06:53,257 - MQTTClient - 99 - DEBUG - Published: Rpc/ - {"\u865a\u62df\u8bbe\u5907": {"\u4e8c\u671f6\u53f7\u98ce\u673aSV\u503c": 83.3}}
2026-06-10 11:06:53,258 - MQTTClient - 99 - DEBUG - Published: /idms/api/v1/createControlX - {"type": "\u66dd\u6c14\u667a\u80fd\u4f53", "time": "2026-06-10 11:06:53", "algorithmVersion": "v1.0.0", "controller": "\u9ec4\u5188AI\u7b97\u6cd5\u63a7\u5236", "outputCommand": "\u4e00\u671f\u751f\u7269\u6c60#\u5b9e\u65f6\uff1a\u4e00\u671f\u6eb6\u89e3\u6c27\uff1a2.31mg/L\uff0c\u76ee\u6807\u503c\uff1a2mg/L#\u4e00\u671f1\u53f7\u98ce\u673a\u8fd0\u884c\uff0c\u53cd\u9988\uff1a99%\uff0c\u4e0a\u9650\uff1a100%\uff0c\u4e0b\u9650\uff1a55%\uff0c\u63a7\u5236\u8f93\u51fa\uff1a99.0%\u4e00\u671f3\u53f7\u98ce\u673a\u8fd0\u884c\uff0c\u53cd\u9988\uff1a99%\uff0c\u4e0a\u9650\uff1a100%\uff0c\u4e0b\u9650\uff1a55%\uff0c\u63a7\u5236\u8f93\u51fa\uff1a99.0%\u4e8c\u671f\u751f\u7269\u6c60#\u5b9e\u65f6\uff1a\u4e8c\u671f\u6eb6\u89e3\u6c27\uff1a1.66mg/L\uff0c\u76ee\u6807\u503c\uff1a2mg/L#\u4e8c\u671f1\u53f7\u98ce\u673a\u8fd0\u884c\uff0c\u53cd\u9988\uff1a77%\uff0c\u4e0a\u9650\uff1a98%\uff0c\u4e0b\u9650\uff1a55%\uff0c\u63a7\u5236\u8f93\u51fa\uff1a80.3%\u4e8c\u671f3\u53f7\u98ce\u673a\u8fd0\u884c\uff0c\u53cd\u9988\uff1a80%\uff0c\u4e0a\u9650\uff1a98%\uff0c\u4e0b\u9650\uff1a55%\uff0c\u63a7\u5236\u8f93\u51fa\uff1a83.3%\u4e8c\u671f6\u53f7\u98ce\u673a\u8fd0\u884c\uff0c\u53cd\u9988\uff1a80%\uff0c\u4e0a\u9650\uff1a98%\uff0c\u4e0b\u9650\uff1a55%\uff0c\u63a7\u5236\u8f93\u51fa\uff1a83.3%"}
2026-06-10 11:06:53,258 - MQTTClient - 177 - DEBUG - Message published (mid=105)
2026-06-10 11:08:43,360 - MQTTClient - 141 - DEBUG - Connected to 10.7.7.62 successfully
2026-06-10 11:08:43,376 - MQTTClient - 174 - DEBUG - Subscribed with QOS: (0,)
2026-06-10 11:08:43,479 - MQTTClient - 174 - DEBUG - Subscribed with QOS: (0,)
2026-06-10 11:09:58,518 - MQTTClient - 99 - DEBUG - Published: Rpc/ - {"\u865a\u62df\u8bbe\u5907": {"\u4e00\u671f2\u53f7\u98ce\u673a\u542f\u505c": 1}}
2026-06-10 11:09:58,518 - MQTTClient - 177 - DEBUG - Message published (mid=3)
2026-06-10 11:10:21,935 - MQTTClient - 141 - DEBUG - Connected to 10.7.7.62 successfully
2026-06-10 11:10:21,936 - MQTTClient - 174 - DEBUG - Subscribed with QOS: (0,)
2026-06-10 11:10:21,968 - MQTTClient - 174 - DEBUG - Subscribed with QOS: (0,)
2026-06-10 11:11:37,018 - MQTTClient - 99 - DEBUG - Published: Rpc/ - {"\u865a\u62df\u8bbe\u5907": {"\u4e00\u671f2\u53f7\u98ce\u673a\u542f\u505c": 1}}
2026-06-10 11:11:37,018 - MQTTClient - 177 - DEBUG - Message published (mid=3)
2026-06-10 11:11:37,020 - MQTTClient - 101 - ERROR - Publish error: Object of type int64 is not JSON serializable
2026-06-10 11:11:37,020 - MQTTClient - 99 - DEBUG - Published: /idms/api/v1/createControlX - {"type": "\u66dd\u6c14\u667a\u80fd\u4f53", "time": "2026-06-10 11:11:37", "algorithmVersion": "v1.0.0", "controller": "\u9ec4\u5188AI\u7b97\u6cd5\u63a7\u5236", "outputCommand": "\u4e00\u671f2\u53f7\u751f\u7269\u6c60DO\u503c\u6301\u7eed\u4f4e\u4e8e0.6\uff0c30\u5206\u949f\uff0c\u9700\u589e\u52a0\u4e00\u53f0\u98ce\u673a#"}
2026-06-10 11:11:37,020 - MQTTClient - 177 - DEBUG - Message published (mid=4)
2026-06-10 11:13:24,736 - MQTTClient - 141 - DEBUG - Connected to 10.7.7.62 successfully
2026-06-10 11:13:24,752 - MQTTClient - 174 - DEBUG - Subscribed with QOS: (0,)
2026-06-10 11:13:24,849 - MQTTClient - 174 - DEBUG - Subscribed with QOS: (0,)
2026-06-10 11:14:39,807 - MQTTClient - 177 - DEBUG - Message published (mid=3)
2026-06-10 11:14:39,807 - MQTTClient - 99 - DEBUG - Published: Rpc/ - {"\u865a\u62df\u8bbe\u5907": {"\u4e00\u671f2\u53f7\u98ce\u673a\u542f\u505c": 1}}
2026-06-10 11:14:39,808 - MQTTClient - 101 - ERROR - Publish error: Object of type int64 is not JSON serializable
2026-06-10 11:14:39,809 - MQTTClient - 99 - DEBUG - Published: /idms/api/v1/createControlX - {"type": "\u66dd\u6c14\u667a\u80fd\u4f53", "time": "2026-06-10 11:14:39", "algorithmVersion": "v1.0.0", "controller": "\u9ec4\u5188AI\u7b97\u6cd5\u63a7\u5236", "outputCommand": "\u4e00\u671f2\u53f7\u751f\u7269\u6c60DO\u503c\u6301\u7eed\u4f4e\u4e8e0.6\uff0c30\u5206\u949f\uff0c\u9700\u589e\u52a0\u4e00\u53f0\u98ce\u673a#"}
2026-06-10 11:14:39,809 - MQTTClient - 177 - DEBUG - Message published (mid=4)
2026-06-10 11:16:39,890 - MQTTClient - 99 - DEBUG - Published: Rpc/ - {"\u865a\u62df\u8bbe\u5907": {"\u4e00\u671f2\u53f7\u98ce\u673a\u542f\u505c": 1}}
2026-06-10 11:16:39,890 - MQTTClient - 177 - DEBUG - Message published (mid=5)
2026-06-10 11:16:39,891 - MQTTClient - 101 - ERROR - Publish error: Object of type int64 is not JSON serializable
2026-06-10 11:16:39,891 - MQTTClient - 99 - DEBUG - Published: /idms/api/v1/createControlX - {"type": "\u66dd\u6c14\u667a\u80fd\u4f53", "time": "2026-06-10 11:16:39", "algorithmVersion": "v1.0.0", "controller": "\u9ec4\u5188AI\u7b97\u6cd5\u63a7\u5236", "outputCommand": "\u4e00\u671f2\u53f7\u751f\u7269\u6c60DO\u503c\u6301\u7eed\u4f4e\u4e8e0.6\uff0c30\u5206\u949f\uff0c\u9700\u589e\u52a0\u4e00\u53f0\u98ce\u673a#"}
2026-06-10 11:16:39,891 - MQTTClient - 177 - DEBUG - Message published (mid=6)
2026-06-10 11:16:39,892 - MQTTClient - 99 - DEBUG - Published: Rpc/ - {"\u865a\u62df\u8bbe\u5907": {"\u4e00\u671f1\u53f7\u98ce\u673a\u542f\u505c": 1}}
2026-06-10 11:16:39,892 - MQTTClient - 177 - DEBUG - Message published (mid=7)
2026-06-10 11:16:39,894 - MQTTClient - 177 - DEBUG - Message published (mid=8)
2026-06-10 11:16:39,894 - MQTTClient - 99 - DEBUG - Published: Rpc/ - {"\u865a\u62df\u8bbe\u5907": {"\u4e00\u671f1\u53f7\u98ce\u673aSV\u503c": 95.0}}
2026-06-10 11:16:39,895 - MQTTClient - 99 - DEBUG - Published: Rpc/ - {"\u865a\u62df\u8bbe\u5907": {"\u4e00\u671f3\u53f7\u98ce\u673a\u542f\u505c": 1}}
2026-06-10 11:16:39,895 - MQTTClient - 177 - DEBUG - Message published (mid=9)
2026-06-10 11:16:39,896 - MQTTClient - 177 - DEBUG - Message published (mid=10)
2026-06-10 11:16:39,896 - MQTTClient - 99 - DEBUG - Published: Rpc/ - {"\u865a\u62df\u8bbe\u5907": {"\u4e00\u671f3\u53f7\u98ce\u673aSV\u503c": 95.0}}
2026-06-10 11:16:39,897 - MQTTClient - 99 - DEBUG - Published: Rpc/ - {"\u865a\u62df\u8bbe\u5907": {"\u4e8c\u671f1\u53f7\u98ce\u673a\u542f\u505c": 1}}
2026-06-10 11:16:39,897 - MQTTClient - 177 - DEBUG - Message published (mid=11)
2026-06-10 11:16:39,899 - MQTTClient - 177 - DEBUG - Message published (mid=12)
2026-06-10 11:16:39,899 - MQTTClient - 99 - DEBUG - Published: Rpc/ - {"\u865a\u62df\u8bbe\u5907": {"\u4e8c\u671f1\u53f7\u98ce\u673aSV\u503c": 82.0}}
2026-06-10 11:16:39,899 - MQTTClient - 99 - DEBUG - Published: Rpc/ - {"\u865a\u62df\u8bbe\u5907": {"\u4e8c\u671f3\u53f7\u98ce\u673a\u542f\u505c": 1}}
2026-06-10 11:16:39,899 - MQTTClient - 177 - DEBUG - Message published (mid=13)
2026-06-10 11:16:39,901 - MQTTClient - 177 - DEBUG - Message published (mid=14)
2026-06-10 11:16:39,901 - MQTTClient - 99 - DEBUG - Published: Rpc/ - {"\u865a\u62df\u8bbe\u5907": {"\u4e8c\u671f3\u53f7\u98ce\u673aSV\u503c": 85.0}}
2026-06-10 11:16:39,902 - MQTTClient - 99 - DEBUG - Published: Rpc/ - {"\u865a\u62df\u8bbe\u5907": {"\u4e8c\u671f6\u53f7\u98ce\u673a\u542f\u505c": 1}}
2026-06-10 11:16:39,902 - MQTTClient - 177 - DEBUG - Message published (mid=15)
2026-06-10 11:16:39,903 - MQTTClient - 99 - DEBUG - Published: Rpc/ - {"\u865a\u62df\u8bbe\u5907": {"\u4e8c\u671f6\u53f7\u98ce\u673aSV\u503c": 85.0}}
2026-06-10 11:16:39,903 - MQTTClient - 177 - DEBUG - Message published (mid=16)
2026-06-10 11:16:39,903 - MQTTClient - 99 - DEBUG - Published: /idms/api/v1/createControlX - {"type": "\u66dd\u6c14\u667a\u80fd\u4f53", "time": "2026-06-10 11:16:39", "algorithmVersion": "v1.0.0", "controller": "\u9ec4\u5188AI\u7b97\u6cd5\u63a7\u5236", "outputCommand": "\u4e00\u671f\u751f\u7269\u6c60#\u5b9e\u65f6\uff1a\u4e00\u671f\u6eb6\u89e3\u6c27\uff1a2.81mg/L\uff0c\u76ee\u6807\u503c\uff1a2mg/L#\u4e00\u671f1\u53f7\u98ce\u673a\u8fd0\u884c\uff0c\u53cd\u9988\uff1a99%\uff0c\u4e0a\u9650\uff1a100%\uff0c\u4e0b\u9650\uff1a55%\uff0c\u63a7\u5236\u8f93\u51fa\uff1a95.0%\u4e00\u671f3\u53f7\u98ce\u673a\u8fd0\u884c\uff0c\u53cd\u9988\uff1a99%\uff0c\u4e0a\u9650\uff1a100%\uff0c\u4e0b\u9650\uff1a55%\uff0c\u63a7\u5236\u8f93\u51fa\uff1a95.0%\u4e8c\u671f\u751f\u7269\u6c60#\u5b9e\u65f6\uff1a\u4e8c\u671f\u6eb6\u89e3\u6c27\uff1a1.35mg/L\uff0c\u76ee\u6807\u503c\uff1a2mg/L#\u4e8c\u671f1\u53f7\u98ce\u673a\u8fd0\u884c\uff0c\u53cd\u9988\uff1a77%\uff0c\u4e0a\u9650\uff1a98%\uff0c\u4e0b\u9650\uff1a55%\uff0c\u63a7\u5236\u8f93\u51fa\uff1a85.0%\u4e8c\u671f3\u53f7\u98ce\u673a\u8fd0\u884c\uff0c\u53cd\u9988\uff1a80%\uff0c\u4e0a\u9650\uff1a98%\uff0c\u4e0b\u9650\uff1a55%\uff0c\u63a7\u5236\u8f93\u51fa\uff1a88.0%\u4e8c\u671f6\u53f7\u98ce\u673a\u8fd0\u884c\uff0c\u53cd\u9988\uff1a80%\uff0c\u4e0a\u9650\uff1a98%\uff0c\u4e0b\u9650\uff1a55%\uff0c\u63a7\u5236\u8f93\u51fa\uff1a88.0%"}
2026-06-10 11:16:39,904 - MQTTClient - 177 - DEBUG - Message published (mid=17)
2026-06-10 11:16:54,901 - MQTTClient - 99 - DEBUG - Published: Rpc/ - {"\u865a\u62df\u8bbe\u5907": {"\u4e8c\u671f1\u53f7\u98ce\u673aSV\u503c": 85.0}}
2026-06-10 11:16:54,901 - MQTTClient - 177 - DEBUG - Message published (mid=18)
2026-06-10 11:16:54,903 - MQTTClient - 177 - DEBUG - Message published (mid=19)
2026-06-10 11:16:54,903 - MQTTClient - 99 - DEBUG - Published: Rpc/ - {"\u865a\u62df\u8bbe\u5907": {"\u4e8c\u671f3\u53f7\u98ce\u673aSV\u503c": 88.0}}
2026-06-10 11:16:54,905 - MQTTClient - 177 - DEBUG - Message published (mid=20)
2026-06-10 11:16:54,905 - MQTTClient - 99 - DEBUG - Published: Rpc/ - {"\u865a\u62df\u8bbe\u5907": {"\u4e8c\u671f6\u53f7\u98ce\u673aSV\u503c": 88.0}}
2026-06-10 11:17:01,251 - MQTTClient - 141 - DEBUG - Connected to 10.7.7.62 successfully
2026-06-10 11:17:01,252 - MQTTClient - 174 - DEBUG - Subscribed with QOS: (0,)
2026-06-10 11:17:01,276 - MQTTClient - 174 - DEBUG - Subscribed with QOS: (0,)
2026-06-10 11:18:16,413 - MQTTClient - 99 - DEBUG - Published: Rpc/ - {"\u865a\u62df\u8bbe\u5907": {"\u4e00\u671f2\u53f7\u98ce\u673a\u542f\u505c": 1}}
2026-06-10 11:18:16,413 - MQTTClient - 177 - DEBUG - Message published (mid=3)
2026-06-10 11:18:16,413 - MQTTClient - 101 - ERROR - Publish error: Object of type int64 is not JSON serializable
2026-06-10 11:18:16,414 - MQTTClient - 99 - DEBUG - Published: /idms/api/v1/createControlX - {"type": "\u66dd\u6c14\u667a\u80fd\u4f53", "time": "2026-06-10 11:18:16", "algorithmVersion": "v1.0.0", "controller": "\u9ec4\u5188AI\u7b97\u6cd5\u63a7\u5236", "outputCommand": "\u4e00\u671f2\u53f7\u751f\u7269\u6c60DO\u503c\u6301\u7eed\u4f4e\u4e8e0.6\uff0c30\u5206\u949f\uff0c\u9700\u589e\u52a0\u4e00\u53f0\u98ce\u673a#"}
2026-06-10 11:18:16,414 - MQTTClient - 177 - DEBUG - Message published (mid=4)
2026-06-10 11:21:26,085 - MQTTClient - 141 - DEBUG - Connected to 10.7.7.62 successfully
2026-06-10 11:21:26,192 - MQTTClient - 174 - DEBUG - Subscribed with QOS: (0,)
2026-06-10 11:21:26,208 - MQTTClient - 174 - DEBUG - Subscribed with QOS: (0,)
2026-06-10 11:22:41,272 - MQTTClient - 177 - DEBUG - Message published (mid=3)
2026-06-10 11:22:41,272 - MQTTClient - 99 - DEBUG - Published: Rpc/ - {"\u865a\u62df\u8bbe\u5907": {"\u4e00\u671f2\u53f7\u98ce\u673a\u542f\u505c": 1}}
2026-06-10 11:22:41,273 - MQTTClient - 101 - ERROR - Publish error: Object of type int64 is not JSON serializable
2026-06-10 11:22:41,273 - MQTTClient - 177 - DEBUG - Message published (mid=4)
2026-06-10 11:22:41,274 - MQTTClient - 99 - DEBUG - Published: /idms/api/v1/createControlX - {"type": "\u66dd\u6c14\u667a\u80fd\u4f53", "time": "2026-06-10 11:22:41", "algorithmVersion": "v1.0.0", "controller": "\u9ec4\u5188AI\u7b97\u6cd5\u63a7\u5236", "outputCommand": "\u4e00\u671f2\u53f7\u751f\u7269\u6c60DO\u503c\u6301\u7eed\u4f4e\u4e8e0.6\uff0c30\u5206\u949f\uff0c\u9700\u589e\u52a0\u4e00\u53f0\u98ce\u673a2#"}
2026-06-10 11:23:45,450 - MQTTClient - 141 - DEBUG - Connected to 10.7.7.62 successfully
2026-06-10 11:23:45,468 - MQTTClient - 174 - DEBUG - Subscribed with QOS: (0,)
2026-06-10 11:23:45,567 - MQTTClient - 174 - DEBUG - Subscribed with QOS: (0,)
2026-06-10 11:25:00,536 - MQTTClient - 99 - DEBUG - Published: Rpc/ - {"\u865a\u62df\u8bbe\u5907": {"\u4e00\u671f2\u53f7\u98ce\u673a\u542f\u505c": 1}}
2026-06-10 11:25:00,537 - MQTTClient - 177 - DEBUG - Message published (mid=3)
2026-06-10 11:25:00,537 - MQTTClient - 99 - DEBUG - Published: Rpc/ - {"\u865a\u62df\u8bbe\u5907": {"\u4e00\u671f2\u53f7\u98ce\u673a\u542f\u505c": 2}}
2026-06-10 11:25:00,537 - MQTTClient - 177 - DEBUG - Message published (mid=4)
2026-06-10 11:25:00,538 - MQTTClient - 99 - DEBUG - Published: /idms/api/v1/createControlX - {"type": "\u66dd\u6c14\u667a\u80fd\u4f53", "time": "2026-06-10 11:25:00", "algorithmVersion": "v1.0.0", "controller": "\u9ec4\u5188AI\u7b97\u6cd5\u63a7\u5236", "outputCommand": "\u4e00\u671f2\u53f7\u751f\u7269\u6c60DO\u503c\u6301\u7eed\u4f4e\u4e8e0.6\uff0c30\u5206\u949f\uff0c\u9700\u589e\u52a0\u4e00\u53f0\u98ce\u673a2#"}
2026-06-10 11:25:00,538 - MQTTClient - 177 - DEBUG - Message published (mid=5)
2026-06-10 11:29:46,780 - MQTTClient - 141 - DEBUG - Connected to 10.7.7.62 successfully
2026-06-10 11:29:46,880 - MQTTClient - 174 - DEBUG - Subscribed with QOS: (0,)
2026-06-10 11:29:46,898 - MQTTClient - 174 - DEBUG - Subscribed with QOS: (0,)
2026-06-10 11:31:01,935 - MQTTClient - 99 - DEBUG - Published: Rpc/ - {"\u865a\u62df\u8bbe\u5907": {"\u4e00\u671f2\u53f7\u98ce\u673a\u542f\u505c": 1}}
2026-06-10 11:31:01,935 - MQTTClient - 177 - DEBUG - Message published (mid=3)
2026-06-10 11:31:01,936 - MQTTClient - 99 - DEBUG - Published: Rpc/ - {"\u865a\u62df\u8bbe\u5907": {"\u4e00\u671f2\u53f7\u98ce\u673a\u542f\u505c": 2, "\u4e00\u671f2\u53f7\u98ce\u673aSV\u503c": 55.0}}
2026-06-10 11:31:01,936 - MQTTClient - 177 - DEBUG - Message published (mid=4)
2026-06-10 11:31:01,937 - MQTTClient - 177 - DEBUG - Message published (mid=5)
2026-06-10 11:31:01,937 - MQTTClient - 99 - DEBUG - Published: /idms/api/v1/createControlX - {"type": "\u66dd\u6c14\u667a\u80fd\u4f53", "time": "2026-06-10 11:31:01", "algorithmVersion": "v1.0.0", "controller": "\u9ec4\u5188AI\u7b97\u6cd5\u63a7\u5236", "outputCommand": "\u4e00\u671f2\u53f7\u751f\u7269\u6c60DO\u503c\u6301\u7eed\u4f4e\u4e8e0.6\uff0c30\u5206\u949f\uff0c\u9700\u589e\u52a0\u4e00\u53f0\u98ce\u673a2#"}
2026-06-10 11:33:02,023 - MQTTClient - 99 - DEBUG - Published: Rpc/ - {"\u865a\u62df\u8bbe\u5907": {"\u4e00\u671f2\u53f7\u98ce\u673a\u542f\u505c": 1}}
2026-06-10 11:33:02,023 - MQTTClient - 177 - DEBUG - Message published (mid=6)
2026-06-10 11:33:02,024 - MQTTClient - 99 - DEBUG - Published: Rpc/ - {"\u865a\u62df\u8bbe\u5907": {"\u4e00\u671f2\u53f7\u98ce\u673a\u542f\u505c": 2, "\u4e00\u671f2\u53f7\u98ce\u673aSV\u503c": 55.0}}
2026-06-10 11:33:02,024 - MQTTClient - 177 - DEBUG - Message published (mid=7)
2026-06-10 11:33:02,025 - MQTTClient - 99 - DEBUG - Published: /idms/api/v1/createControlX - {"type": "\u66dd\u6c14\u667a\u80fd\u4f53", "time": "2026-06-10 11:33:02", "algorithmVersion": "v1.0.0", "controller": "\u9ec4\u5188AI\u7b97\u6cd5\u63a7\u5236", "outputCommand": "\u4e00\u671f2\u53f7\u751f\u7269\u6c60DO\u503c\u6301\u7eed\u4f4e\u4e8e0.6\uff0c30\u5206\u949f\uff0c\u9700\u589e\u52a0\u4e00\u53f0\u98ce\u673a2#"}
2026-06-10 11:33:02,025 - MQTTClient - 177 - DEBUG - Message published (mid=8)
2026-06-10 11:33:02,025 - MQTTClient - 99 - DEBUG - Published: Rpc/ - {"\u865a\u62df\u8bbe\u5907": {"\u4e00\u671f1\u53f7\u98ce\u673a\u542f\u505c": 1}}
2026-06-10 11:33:02,025 - MQTTClient - 177 - DEBUG - Message published (mid=9)
2026-06-10 11:33:02,027 - MQTTClient - 99 - DEBUG - Published: Rpc/ - {"\u865a\u62df\u8bbe\u5907": {"\u4e00\u671f1\u53f7\u98ce\u673aSV\u503c": 94.0}}
2026-06-10 11:33:02,027 - MQTTClient - 177 - DEBUG - Message published (mid=10)
2026-06-10 11:33:02,027 - MQTTClient - 99 - DEBUG - Published: Rpc/ - {"\u865a\u62df\u8bbe\u5907": {"\u4e00\u671f3\u53f7\u98ce\u673a\u542f\u505c": 1}}
2026-06-10 11:33:02,028 - MQTTClient - 177 - DEBUG - Message published (mid=11)
2026-06-10 11:33:02,029 - MQTTClient - 99 - DEBUG - Published: Rpc/ - {"\u865a\u62df\u8bbe\u5907": {"\u4e00\u671f3\u53f7\u98ce\u673aSV\u503c": 94.0}}
2026-06-10 11:33:02,029 - MQTTClient - 177 - DEBUG - Message published (mid=12)
2026-06-10 11:33:02,029 - MQTTClient - 99 - DEBUG - Published: Rpc/ - {"\u865a\u62df\u8bbe\u5907": {"\u4e8c\u671f1\u53f7\u98ce\u673a\u542f\u505c": 1}}
2026-06-10 11:33:02,030 - MQTTClient - 177 - DEBUG - Message published (mid=13)
2026-06-10 11:33:02,032 - MQTTClient - 99 - DEBUG - Published: Rpc/ - {"\u865a\u62df\u8bbe\u5907": {"\u4e8c\u671f3\u53f7\u98ce\u673a\u542f\u505c": 1}}
2026-06-10 11:33:02,032 - MQTTClient - 177 - DEBUG - Message published (mid=14)
2026-06-10 11:33:02,033 - MQTTClient - 99 - DEBUG - Published: Rpc/ - {"\u865a\u62df\u8bbe\u5907": {"\u4e8c\u671f6\u53f7\u98ce\u673a\u542f\u505c": 1}}
2026-06-10 11:33:02,033 - MQTTClient - 177 - DEBUG - Message published (mid=15)
2026-06-10 11:33:02,034 - MQTTClient - 99 - DEBUG - Published: /idms/api/v1/createControlX - {"type": "\u66dd\u6c14\u667a\u80fd\u4f53", "time": "2026-06-10 11:33:02", "algorithmVersion": "v1.0.0", "controller": "\u9ec4\u5188AI\u7b97\u6cd5\u63a7\u5236", "outputCommand": "\u4e00\u671f\u751f\u7269\u6c60#\u5b9e\u65f6\uff1a\u4e00\u671f\u6eb6\u89e3\u6c27\uff1a3.54mg/L\uff0c\u76ee\u6807\u503c\uff1a2mg/L#\u4e00\u671f1\u53f7\u98ce\u673a\u8fd0\u884c\uff0c\u53cd\u9988\uff1a99%\uff0c\u4e0a\u9650\uff1a100%\uff0c\u4e0b\u9650\uff1a55%\uff0c\u63a7\u5236\u8f93\u51fa\uff1a92.0%\u4e00\u671f3\u53f7\u98ce\u673a\u8fd0\u884c\uff0c\u53cd\u9988\uff1a99%\uff0c\u4e0a\u9650\uff1a100%\uff0c\u4e0b\u9650\uff1a55%\uff0c\u63a7\u5236\u8f93\u51fa\uff1a92.0%\u4e8c\u671f\u751f\u7269\u6c60#\u5b9e\u65f6\uff1a\u4e8c\u671f\u6eb6\u89e3\u6c27\uff1a2.02mg/L\uff0c\u76ee\u6807\u503c\uff1a2mg/L#\u4e8c\u671f1\u53f7\u98ce\u673a\u8fd0\u884c\uff0c\u53cd\u9988\uff1a77%\uff0c\u4e0a\u9650\uff1a98%\uff0c\u4e0b\u9650\uff1a55%\uff0c\u63a7\u5236\u8f93\u51fa\uff1a77.0%\u4e8c\u671f3\u53f7\u98ce\u673a\u8fd0\u884c\uff0c\u53cd\u9988\uff1a80%\uff0c\u4e0a\u9650\uff1a98%\uff0c\u4e0b\u9650\uff1a55%\uff0c\u63a7\u5236\u8f93\u51fa\uff1a80.0%\u4e8c\u671f6\u53f7\u98ce\u673a\u8fd0\u884c\uff0c\u53cd\u9988\uff1a80%\uff0c\u4e0a\u9650\uff1a98%\uff0c\u4e0b\u9650\uff1a55%\uff0c\u63a7\u5236\u8f93\u51fa\uff1a80.0%"}
2026-06-10 11:33:02,035 - MQTTClient - 177 - DEBUG - Message published (mid=16)
2026-06-10 11:33:17,029 - MQTTClient - 99 - DEBUG - Published: Rpc/ - {"\u865a\u62df\u8bbe\u5907": {"\u4e00\u671f1\u53f7\u98ce\u673aSV\u503c": 92.0}}
2026-06-10 11:33:17,029 - MQTTClient - 177 - DEBUG - Message published (mid=17)
2026-06-10 11:33:17,031 - MQTTClient - 99 - DEBUG - Published: Rpc/ - {"\u865a\u62df\u8bbe\u5907": {"\u4e00\u671f3\u53f7\u98ce\u673aSV\u503c": 92.0}}
2026-06-10 11:33:17,031 - MQTTClient - 177 - DEBUG - Message published (mid=18)
2026-06-10 11:35:02,083 - MQTTClient - 99 - DEBUG - Published: Rpc/ - {"\u865a\u62df\u8bbe\u5907": {"\u4e00\u671f2\u53f7\u98ce\u673a\u542f\u505c": 1}}
2026-06-10 11:35:02,083 - MQTTClient - 177 - DEBUG - Message published (mid=19)
2026-06-10 11:35:02,084 - MQTTClient - 99 - DEBUG - Published: Rpc/ - {"\u865a\u62df\u8bbe\u5907": {"\u4e00\u671f2\u53f7\u98ce\u673a\u542f\u505c": 2, "\u4e00\u671f2\u53f7\u98ce\u673aSV\u503c": 55.0}}
2026-06-10 11:35:02,084 - MQTTClient - 177 - DEBUG - Message published (mid=20)
2026-06-10 11:35:02,084 - MQTTClient - 99 - DEBUG - Published: /idms/api/v1/createControlX - {"type": "\u66dd\u6c14\u667a\u80fd\u4f53", "time": "2026-06-10 11:35:02", "algorithmVersion": "v1.0.0", "controller": "\u9ec4\u5188AI\u7b97\u6cd5\u63a7\u5236", "outputCommand": "\u4e00\u671f2\u53f7\u751f\u7269\u6c60DO\u503c\u6301\u7eed\u4f4e\u4e8e0.6\uff0c30\u5206\u949f\uff0c\u9700\u589e\u52a0\u4e00\u53f0\u98ce\u673a2#"}
2026-06-10 11:35:02,085 - MQTTClient - 177 - DEBUG - Message published (mid=21)
2026-06-10 11:35:02,085 - MQTTClient - 99 - DEBUG - Published: Rpc/ - {"\u865a\u62df\u8bbe\u5907": {"\u4e00\u671f1\u53f7\u98ce\u673a\u542f\u505c": 1}}
2026-06-10 11:35:02,085 - MQTTClient - 177 - DEBUG - Message published (mid=22)
2026-06-10 11:35:02,086 - MQTTClient - 99 - DEBUG - Published: Rpc/ - {"\u865a\u62df\u8bbe\u5907": {"\u4e00\u671f1\u53f7\u98ce\u673aSV\u503c": 94.0}}
2026-06-10 11:35:02,087 - MQTTClient - 177 - DEBUG - Message published (mid=23)
2026-06-10 11:35:02,087 - MQTTClient - 99 - DEBUG - Published: Rpc/ - {"\u865a\u62df\u8bbe\u5907": {"\u4e00\u671f3\u53f7\u98ce\u673a\u542f\u505c": 1}}
2026-06-10 11:35:02,088 - MQTTClient - 177 - DEBUG - Message published (mid=24)
2026-06-10 11:35:02,088 - MQTTClient - 99 - DEBUG - Published: Rpc/ - {"\u865a\u62df\u8bbe\u5907": {"\u4e00\u671f3\u53f7\u98ce\u673aSV\u503c": 94.0}}
2026-06-10 11:35:02,088 - MQTTClient - 177 - DEBUG - Message published (mid=25)
2026-06-10 11:35:02,089 - MQTTClient - 99 - DEBUG - Published: Rpc/ - {"\u865a\u62df\u8bbe\u5907": {"\u4e8c\u671f1\u53f7\u98ce\u673a\u542f\u505c": 1}}
2026-06-10 11:35:02,089 - MQTTClient - 177 - DEBUG - Message published (mid=26)
2026-06-10 11:35:02,092 - MQTTClient - 99 - DEBUG - Published: Rpc/ - {"\u865a\u62df\u8bbe\u5907": {"\u4e8c\u671f3\u53f7\u98ce\u673a\u542f\u505c": 1}}
2026-06-10 11:35:02,092 - MQTTClient - 177 - DEBUG - Message published (mid=27)
2026-06-10 11:35:02,094 - MQTTClient - 99 - DEBUG - Published: Rpc/ - {"\u865a\u62df\u8bbe\u5907": {"\u4e8c\u671f6\u53f7\u98ce\u673a\u542f\u505c": 1}}
2026-06-10 11:35:02,094 - MQTTClient - 177 - DEBUG - Message published (mid=28)
2026-06-10 11:35:02,096 - MQTTClient - 99 - DEBUG - Published: /idms/api/v1/createControlX - {"type": "\u66dd\u6c14\u667a\u80fd\u4f53", "time": "2026-06-10 11:35:02", "algorithmVersion": "v1.0.0", "controller": "\u9ec4\u5188AI\u7b97\u6cd5\u63a7\u5236", "outputCommand": "\u4e00\u671f\u751f\u7269\u6c60#\u5b9e\u65f6\uff1a\u4e00\u671f\u6eb6\u89e3\u6c27\uff1a3.48mg/L\uff0c\u76ee\u6807\u503c\uff1a2mg/L#\u4e00\u671f1\u53f7\u98ce\u673a\u8fd0\u884c\uff0c\u53cd\u9988\uff1a99%\uff0c\u4e0a\u9650\uff1a100%\uff0c\u4e0b\u9650\uff1a55%\uff0c\u63a7\u5236\u8f93\u51fa\uff1a92.0%\u4e00\u671f3\u53f7\u98ce\u673a\u8fd0\u884c\uff0c\u53cd\u9988\uff1a99%\uff0c\u4e0a\u9650\uff1a100%\uff0c\u4e0b\u9650\uff1a55%\uff0c\u63a7\u5236\u8f93\u51fa\uff1a92.0%\u4e8c\u671f\u751f\u7269\u6c60#\u5b9e\u65f6\uff1a\u4e8c\u671f\u6eb6\u89e3\u6c27\uff1a2.11mg/L\uff0c\u76ee\u6807\u503c\uff1a2mg/L#\u4e8c\u671f1\u53f7\u98ce\u673a\u8fd0\u884c\uff0c\u53cd\u9988\uff1a77%\uff0c\u4e0a\u9650\uff1a98%\uff0c\u4e0b\u9650\uff1a55%\uff0c\u63a7\u5236\u8f93\u51fa\uff1a77.0%\u4e8c\u671f3\u53f7\u98ce\u673a\u8fd0\u884c\uff0c\u53cd\u9988\uff1a80%\uff0c\u4e0a\u9650\uff1a98%\uff0c\u4e0b\u9650\uff1a55%\uff0c\u63a7\u5236\u8f93\u51fa\uff1a80.0%\u4e8c\u671f6\u53f7\u98ce\u673a\u8fd0\u884c\uff0c\u53cd\u9988\uff1a80%\uff0c\u4e0a\u9650\uff1a98%\uff0c\u4e0b\u9650\uff1a55%\uff0c\u63a7\u5236\u8f93\u51fa\uff1a80.0%"}
2026-06-10 11:35:02,096 - MQTTClient - 177 - DEBUG - Message published (mid=29)
2026-06-10 11:35:17,088 - MQTTClient - 99 - DEBUG - Published: Rpc/ - {"\u865a\u62df\u8bbe\u5907": {"\u4e00\u671f1\u53f7\u98ce\u673aSV\u503c": 92.0}}
2026-06-10 11:35:17,088 - MQTTClient - 177 - DEBUG - Message published (mid=30)
2026-06-10 11:35:17,091 - MQTTClient - 99 - DEBUG - Published: Rpc/ - {"\u865a\u62df\u8bbe\u5907": {"\u4e00\u671f3\u53f7\u98ce\u673aSV\u503c": 92.0}}
2026-06-10 11:35:17,091 - MQTTClient - 177 - DEBUG - Message published (mid=31)
2026-06-10 11:37:02,186 - MQTTClient - 99 - DEBUG - Published: Rpc/ - {"\u865a\u62df\u8bbe\u5907": {"\u4e00\u671f2\u53f7\u98ce\u673a\u542f\u505c": 1}}
2026-06-10 11:37:02,186 - MQTTClient - 177 - DEBUG - Message published (mid=32)
2026-06-10 11:37:02,187 - MQTTClient - 99 - DEBUG - Published: Rpc/ - {"\u865a\u62df\u8bbe\u5907": {"\u4e00\u671f2\u53f7\u98ce\u673a\u542f\u505c": 2, "\u4e00\u671f2\u53f7\u98ce\u673aSV\u503c": 55.0}}
2026-06-10 11:37:02,187 - MQTTClient - 177 - DEBUG - Message published (mid=33)
2026-06-10 11:37:02,188 - MQTTClient - 99 - DEBUG - Published: /idms/api/v1/createControlX - {"type": "\u66dd\u6c14\u667a\u80fd\u4f53", "time": "2026-06-10 11:37:02", "algorithmVersion": "v1.0.0", "controller": "\u9ec4\u5188AI\u7b97\u6cd5\u63a7\u5236", "outputCommand": "\u4e00\u671f2\u53f7\u751f\u7269\u6c60DO\u503c\u6301\u7eed\u4f4e\u4e8e0.6\uff0c30\u5206\u949f\uff0c\u9700\u589e\u52a0\u4e00\u53f0\u98ce\u673a2#"}
2026-06-10 11:37:02,188 - MQTTClient - 177 - DEBUG - Message published (mid=34)
2026-06-10 11:37:02,189 - MQTTClient - 99 - DEBUG - Published: Rpc/ - {"\u865a\u62df\u8bbe\u5907": {"\u4e00\u671f1\u53f7\u98ce\u673a\u542f\u505c": 1}}
2026-06-10 11:37:02,189 - MQTTClient - 177 - DEBUG - Message published (mid=35)
2026-06-10 11:37:02,191 - MQTTClient - 177 - DEBUG - Message published (mid=36)
2026-06-10 11:37:02,191 - MQTTClient - 99 - DEBUG - Published: Rpc/ - {"\u865a\u62df\u8bbe\u5907": {"\u4e00\u671f1\u53f7\u98ce\u673aSV\u503c": 94.0}}
2026-06-10 11:37:02,191 - MQTTClient - 99 - DEBUG - Published: Rpc/ - {"\u865a\u62df\u8bbe\u5907": {"\u4e00\u671f3\u53f7\u98ce\u673a\u542f\u505c": 1}}
2026-06-10 11:37:02,191 - MQTTClient - 177 - DEBUG - Message published (mid=37)
2026-06-10 11:37:02,193 - MQTTClient - 99 - DEBUG - Published: Rpc/ - {"\u865a\u62df\u8bbe\u5907": {"\u4e00\u671f3\u53f7\u98ce\u673aSV\u503c": 94.0}}
2026-06-10 11:37:02,194 - MQTTClient - 177 - DEBUG - Message published (mid=38)
2026-06-10 11:37:02,194 - MQTTClient - 99 - DEBUG - Published: Rpc/ - {"\u865a\u62df\u8bbe\u5907": {"\u4e8c\u671f1\u53f7\u98ce\u673a\u542f\u505c": 1}}
2026-06-10 11:37:02,195 - MQTTClient - 177 - DEBUG - Message published (mid=39)
2026-06-10 11:37:02,197 - MQTTClient - 99 - DEBUG - Published: Rpc/ - {"\u865a\u62df\u8bbe\u5907": {"\u4e8c\u671f3\u53f7\u98ce\u673a\u542f\u505c": 1}}
2026-06-10 11:37:02,197 - MQTTClient - 177 - DEBUG - Message published (mid=40)
2026-06-10 11:37:02,199 - MQTTClient - 99 - DEBUG - Published: Rpc/ - {"\u865a\u62df\u8bbe\u5907": {"\u4e8c\u671f6\u53f7\u98ce\u673a\u542f\u505c": 1}}
2026-06-10 11:37:02,199 - MQTTClient - 177 - DEBUG - Message published (mid=41)
2026-06-10 11:37:02,201 - MQTTClient - 99 - DEBUG - Published: /idms/api/v1/createControlX - {"type": "\u66dd\u6c14\u667a\u80fd\u4f53", "time": "2026-06-10 11:37:02", "algorithmVersion": "v1.0.0", "controller": "\u9ec4\u5188AI\u7b97\u6cd5\u63a7\u5236", "outputCommand": "\u4e00\u671f\u751f\u7269\u6c60#\u5b9e\u65f6\uff1a\u4e00\u671f\u6eb6\u89e3\u6c27\uff1a3.18mg/L\uff0c\u76ee\u6807\u503c\uff1a2mg/L#\u4e00\u671f1\u53f7\u98ce\u673a\u8fd0\u884c\uff0c\u53cd\u9988\uff1a99%\uff0c\u4e0a\u9650\uff1a100%\uff0c\u4e0b\u9650\uff1a55%\uff0c\u63a7\u5236\u8f93\u51fa\uff1a92.5%\u4e00\u671f3\u53f7\u98ce\u673a\u8fd0\u884c\uff0c\u53cd\u9988\uff1a99%\uff0c\u4e0a\u9650\uff1a100%\uff0c\u4e0b\u9650\uff1a55%\uff0c\u63a7\u5236\u8f93\u51fa\uff1a92.5%\u4e8c\u671f\u751f\u7269\u6c60#\u5b9e\u65f6\uff1a\u4e8c\u671f\u6eb6\u89e3\u6c27\uff1a2.0mg/L\uff0c\u76ee\u6807\u503c\uff1a2mg/L#\u4e8c\u671f1\u53f7\u98ce\u673a\u8fd0\u884c\uff0c\u53cd\u9988\uff1a77%\uff0c\u4e0a\u9650\uff1a98%\uff0c\u4e0b\u9650\uff1a55%\uff0c\u63a7\u5236\u8f93\u51fa\uff1a77.0%\u4e8c\u671f3\u53f7\u98ce\u673a\u8fd0\u884c\uff0c\u53cd\u9988\uff1a80%\uff0c\u4e0a\u9650\uff1a98%\uff0c\u4e0b\u9650\uff1a55%\uff0c\u63a7\u5236\u8f93\u51fa\uff1a80.0%\u4e8c\u671f6\u53f7\u98ce\u673a\u8fd0\u884c\uff0c\u53cd\u9988\uff1a80%\uff0c\u4e0a\u9650\uff1a98%\uff0c\u4e0b\u9650\uff1a55%\uff0c\u63a7\u5236\u8f93\u51fa\uff1a80.0%"}
2026-06-10 11:37:02,201 - MQTTClient - 177 - DEBUG - Message published (mid=42)
2026-06-10 11:37:17,193 - MQTTClient - 99 - DEBUG - Published: Rpc/ - {"\u865a\u62df\u8bbe\u5907": {"\u4e00\u671f1\u53f7\u98ce\u673aSV\u503c": 92.5}}
2026-06-10 11:37:17,193 - MQTTClient - 177 - DEBUG - Message published (mid=43)
2026-06-10 11:37:17,196 - MQTTClient - 99 - DEBUG - Published: Rpc/ - {"\u865a\u62df\u8bbe\u5907": {"\u4e00\u671f3\u53f7\u98ce\u673aSV\u503c": 92.5}}
2026-06-10 11:37:17,196 - MQTTClient - 177 - DEBUG - Message published (mid=44)
2026-06-10 11:39:02,255 - MQTTClient - 99 - DEBUG - Published: Rpc/ - {"\u865a\u62df\u8bbe\u5907": {"\u4e00\u671f2\u53f7\u98ce\u673a\u542f\u505c": 1}}
2026-06-10 11:39:02,255 - MQTTClient - 177 - DEBUG - Message published (mid=45)
2026-06-10 11:39:02,256 - MQTTClient - 99 - DEBUG - Published: Rpc/ - {"\u865a\u62df\u8bbe\u5907": {"\u4e00\u671f2\u53f7\u98ce\u673a\u542f\u505c": 2, "\u4e00\u671f2\u53f7\u98ce\u673aSV\u503c": 55.0}}
2026-06-10 11:39:02,256 - MQTTClient - 177 - DEBUG - Message published (mid=46)
2026-06-10 11:39:02,256 - MQTTClient - 99 - DEBUG - Published: /idms/api/v1/createControlX - {"type": "\u66dd\u6c14\u667a\u80fd\u4f53", "time": "2026-06-10 11:39:02", "algorithmVersion": "v1.0.0", "controller": "\u9ec4\u5188AI\u7b97\u6cd5\u63a7\u5236", "outputCommand": "\u4e00\u671f2\u53f7\u751f\u7269\u6c60DO\u503c\u6301\u7eed\u4f4e\u4e8e0.6\uff0c30\u5206\u949f\uff0c\u9700\u589e\u52a0\u4e00\u53f0\u98ce\u673a2#"}
2026-06-10 11:39:02,257 - MQTTClient - 177 - DEBUG - Message published (mid=47)
2026-06-10 11:39:02,257 - MQTTClient - 99 - DEBUG - Published: Rpc/ - {"\u865a\u62df\u8bbe\u5907": {"\u4e00\u671f1\u53f7\u98ce\u673a\u542f\u505c": 1}}
2026-06-10 11:39:02,257 - MQTTClient - 177 - DEBUG - Message published (mid=48)
2026-06-10 11:39:02,259 - MQTTClient - 99 - DEBUG - Published: Rpc/ - {"\u865a\u62df\u8bbe\u5907": {"\u4e00\u671f1\u53f7\u98ce\u673aSV\u503c": 97.0}}
2026-06-10 11:39:02,259 - MQTTClient - 177 - DEBUG - Message published (mid=49)
2026-06-10 11:39:02,259 - MQTTClient - 99 - DEBUG - Published: Rpc/ - {"\u865a\u62df\u8bbe\u5907": {"\u4e00\u671f3\u53f7\u98ce\u673a\u542f\u505c": 1}}
2026-06-10 11:39:02,260 - MQTTClient - 177 - DEBUG - Message published (mid=50)
2026-06-10 11:39:02,261 - MQTTClient - 99 - DEBUG - Published: Rpc/ - {"\u865a\u62df\u8bbe\u5907": {"\u4e00\u671f3\u53f7\u98ce\u673aSV\u503c": 97.0}}
2026-06-10 11:39:02,262 - MQTTClient - 177 - DEBUG - Message published (mid=51)
2026-06-10 11:39:02,262 - MQTTClient - 99 - DEBUG - Published: Rpc/ - {"\u865a\u62df\u8bbe\u5907": {"\u4e8c\u671f1\u53f7\u98ce\u673a\u542f\u505c": 1}}
2026-06-10 11:39:02,262 - MQTTClient - 177 - DEBUG - Message published (mid=52)
2026-06-10 11:39:02,264 - MQTTClient - 99 - DEBUG - Published: Rpc/ - {"\u865a\u62df\u8bbe\u5907": {"\u4e8c\u671f3\u53f7\u98ce\u673a\u542f\u505c": 1}}
2026-06-10 11:39:02,264 - MQTTClient - 177 - DEBUG - Message published (mid=53)
2026-06-10 11:39:02,266 - MQTTClient - 99 - DEBUG - Published: Rpc/ - {"\u865a\u62df\u8bbe\u5907": {"\u4e8c\u671f6\u53f7\u98ce\u673a\u542f\u505c": 1}}
2026-06-10 11:39:02,266 - MQTTClient - 177 - DEBUG - Message published (mid=54)
2026-06-10 11:39:02,268 - MQTTClient - 99 - DEBUG - Published: /idms/api/v1/createControlX - {"type": "\u66dd\u6c14\u667a\u80fd\u4f53", "time": "2026-06-10 11:39:02", "algorithmVersion": "v1.0.0", "controller": "\u9ec4\u5188AI\u7b97\u6cd5\u63a7\u5236", "outputCommand": "\u4e00\u671f\u751f\u7269\u6c60#\u5b9e\u65f6\uff1a\u4e00\u671f\u6eb6\u89e3\u6c27\uff1a2.94mg/L\uff0c\u76ee\u6807\u503c\uff1a2mg/L#\u4e00\u671f1\u53f7\u98ce\u673a\u8fd0\u884c\uff0c\u53cd\u9988\uff1a99%\uff0c\u4e0a\u9650\uff1a100%\uff0c\u4e0b\u9650\uff1a55%\uff0c\u63a7\u5236\u8f93\u51fa\uff1a97.0%\u4e00\u671f3\u53f7\u98ce\u673a\u8fd0\u884c\uff0c\u53cd\u9988\uff1a99%\uff0c\u4e0a\u9650\uff1a100%\uff0c\u4e0b\u9650\uff1a55%\uff0c\u63a7\u5236\u8f93\u51fa\uff1a97.0%\u4e8c\u671f\u751f\u7269\u6c60#\u5b9e\u65f6\uff1a\u4e8c\u671f\u6eb6\u89e3\u6c27\uff1a1.91mg/L\uff0c\u76ee\u6807\u503c\uff1a2mg/L#\u4e8c\u671f1\u53f7\u98ce\u673a\u8fd0\u884c\uff0c\u53cd\u9988\uff1a77%\uff0c\u4e0a\u9650\uff1a98%\uff0c\u4e0b\u9650\uff1a55%\uff0c\u63a7\u5236\u8f93\u51fa\uff1a77.0%\u4e8c\u671f3\u53f7\u98ce\u673a\u8fd0\u884c\uff0c\u53cd\u9988\uff1a80%\uff0c\u4e0a\u9650\uff1a98%\uff0c\u4e0b\u9650\uff1a55%\uff0c\u63a7\u5236\u8f93\u51fa\uff1a80.0%\u4e8c\u671f6\u53f7\u98ce\u673a\u8fd0\u884c\uff0c\u53cd\u9988\uff1a80%\uff0c\u4e0a\u9650\uff1a98%\uff0c\u4e0b\u9650\uff1a55%\uff0c\u63a7\u5236\u8f93\u51fa\uff1a80.0%"}
2026-06-10 11:39:02,268 - MQTTClient - 177 - DEBUG - Message published (mid=55)
2026-06-10 14:15:54,121 - MQTTClient - 141 - DEBUG - Connected to 10.7.7.62 successfully
2026-06-10 14:15:54,142 - MQTTClient - 174 - DEBUG - Subscribed with QOS: (0,)
2026-06-10 14:15:54,283 - MQTTClient - 174 - DEBUG - Subscribed with QOS: (0,)
2026-06-10 14:18:05,090 - MQTTClient - 141 - DEBUG - Connected to 10.7.7.62 successfully
2026-06-10 14:18:05,091 - MQTTClient - 174 - DEBUG - Subscribed with QOS: (0,)
2026-06-10 14:18:05,117 - MQTTClient - 174 - DEBUG - Subscribed with QOS: (0,)
2026-06-10 14:20:20,210 - MQTTClient - 99 - DEBUG - Published: Rpc/ - {"\u865a\u62df\u8bbe\u5907": {"\u4e00\u671f2\u53f7\u98ce\u673a\u542f\u505c": 1}}
2026-06-10 14:20:20,210 - MQTTClient - 177 - DEBUG - Message published (mid=3)
2026-06-10 14:20:20,211 - MQTTClient - 99 - DEBUG - Published: Rpc/ - {"\u865a\u62df\u8bbe\u5907": {"\u4e00\u671f2\u53f7\u98ce\u673a\u542f\u505c": 2, "\u4e00\u671f2\u53f7\u98ce\u673aSV\u503c": 78}}
2026-06-10 14:20:20,211 - MQTTClient - 177 - DEBUG - Message published (mid=4)
2026-06-10 14:20:20,212 - MQTTClient - 99 - DEBUG - Published: /idms/api/v1/createControlX - {"type": "\u66dd\u6c14\u667a\u80fd\u4f53", "time": "", "algorithmVersion": "v1.0.0", "controller": "\u9ec4\u5188AI\u7b97\u6cd5\u63a7\u5236", "outputCommand": ""}
2026-06-10 14:20:20,212 - MQTTClient - 177 - DEBUG - Message published (mid=5)
2026-06-10 14:20:20,213 - MQTTClient - 99 - DEBUG - Published: Rpc/ - {"\u865a\u62df\u8bbe\u5907": {"\u4e00\u671f1\u53f7\u98ce\u673a\u542f\u505c": 3, "\u4e00\u671f1\u53f7\u98ce\u673aSV\u503c": 0}}
2026-06-10 14:20:20,213 - MQTTClient - 177 - DEBUG - Message published (mid=6)
2026-06-10 14:20:20,215 - MQTTClient - 99 - DEBUG - Published: Rpc/ - {"\u865a\u62df\u8bbe\u5907": {"\u4e8c\u671f2\u53f7\u98ce\u673a\u542f\u505c": 1}}
2026-06-10 14:20:20,215 - MQTTClient - 177 - DEBUG - Message published (mid=7)
2026-06-10 14:20:20,215 - MQTTClient - 99 - DEBUG - Published: Rpc/ - {"\u865a\u62df\u8bbe\u5907": {"\u4e8c\u671f2\u53f7\u98ce\u673a\u542f\u505c": 2, "\u4e8c\u671f2\u53f7\u98ce\u673aSV\u503c": 72}}
2026-06-10 14:20:20,215 - MQTTClient - 177 - DEBUG - Message published (mid=8)
2026-06-10 14:20:20,216 - MQTTClient - 99 - DEBUG - Published: /idms/api/v1/createControlX - {"type": "\u66dd\u6c14\u667a\u80fd\u4f53", "time": "", "algorithmVersion": "v1.0.0", "controller": "\u9ec4\u5188AI\u7b97\u6cd5\u63a7\u5236", "outputCommand": ""}
2026-06-10 14:20:20,216 - MQTTClient - 177 - DEBUG - Message published (mid=9)
2026-06-10 14:20:20,217 - MQTTClient - 99 - DEBUG - Published: Rpc/ - {"\u865a\u62df\u8bbe\u5907": {"\u4e8c\u671f1\u53f7\u98ce\u673a\u542f\u505c": 3, "\u4e8c\u671f1\u53f7\u98ce\u673aSV\u503c": 0}}
2026-06-10 14:20:20,217 - MQTTClient - 177 - DEBUG - Message published (mid=10)
2026-06-10 14:20:20,218 - MQTTClient - 99 - DEBUG - Published: Rpc/ - {"\u865a\u62df\u8bbe\u5907": {"\u4e8c\u671f5\u53f7\u98ce\u673a\u542f\u505c": 1}}
2026-06-10 14:20:20,218 - MQTTClient - 177 - DEBUG - Message published (mid=11)
2026-06-10 14:20:20,219 - MQTTClient - 99 - DEBUG - Published: Rpc/ - {"\u865a\u62df\u8bbe\u5907": {"\u4e8c\u671f5\u53f7\u98ce\u673a\u542f\u505c": 2, "\u4e8c\u671f5\u53f7\u98ce\u673aSV\u503c": 72}}
2026-06-10 14:20:20,219 - MQTTClient - 177 - DEBUG - Message published (mid=12)
2026-06-10 14:20:20,219 - MQTTClient - 99 - DEBUG - Published: /idms/api/v1/createControlX - {"type": "\u66dd\u6c14\u667a\u80fd\u4f53", "time": "", "algorithmVersion": "v1.0.0", "controller": "\u9ec4\u5188AI\u7b97\u6cd5\u63a7\u5236", "outputCommand": ""}
2026-06-10 14:20:20,220 - MQTTClient - 177 - DEBUG - Message published (mid=13)
2026-06-10 14:20:20,220 - MQTTClient - 99 - DEBUG - Published: Rpc/ - {"\u865a\u62df\u8bbe\u5907": {"\u4e8c\u671f6\u53f7\u98ce\u673a\u542f\u505c": 3, "\u4e8c\u671f6\u53f7\u98ce\u673aSV\u503c": 0}}
2026-06-10 14:20:20,221 - MQTTClient - 177 - DEBUG - Message published (mid=14)
2026-06-10 14:20:20,221 - MQTTClient - 99 - DEBUG - Published: Rpc/ - {"\u865a\u62df\u8bbe\u5907": {"\u4e00\u671f1\u53f7\u98ce\u673a\u542f\u505c": 1}}
2026-06-10 14:20:20,221 - MQTTClient - 177 - DEBUG - Message published (mid=15)
2026-06-10 14:20:20,223 - MQTTClient - 99 - DEBUG - Published: Rpc/ - {"\u865a\u62df\u8bbe\u5907": {"\u4e00\u671f1\u53f7\u98ce\u673aSV\u503c": 73.0}}
2026-06-10 14:20:20,223 - MQTTClient - 177 - DEBUG - Message published (mid=16)
2026-06-10 14:20:20,223 - MQTTClient - 99 - DEBUG - Published: Rpc/ - {"\u865a\u62df\u8bbe\u5907": {"\u4e00\u671f3\u53f7\u98ce\u673a\u542f\u505c": 1}}
2026-06-10 14:20:20,223 - MQTTClient - 177 - DEBUG - Message published (mid=17)
2026-06-10 14:20:20,224 - MQTTClient - 99 - DEBUG - Published: Rpc/ - {"\u865a\u62df\u8bbe\u5907": {"\u4e00\u671f3\u53f7\u98ce\u673aSV\u503c": 73.0}}
2026-06-10 14:20:20,225 - MQTTClient - 99 - DEBUG - Published: Rpc/ - {"\u865a\u62df\u8bbe\u5907": {"\u4e8c\u671f1\u53f7\u98ce\u673a\u542f\u505c": 1}}
2026-06-10 14:20:20,225 - MQTTClient - 177 - DEBUG - Message published (mid=18)
2026-06-10 14:20:20,226 - MQTTClient - 177 - DEBUG - Message published (mid=19)
2026-06-10 14:20:20,226 - MQTTClient - 99 - DEBUG - Published: Rpc/ - {"\u865a\u62df\u8bbe\u5907": {"\u4e8c\u671f1\u53f7\u98ce\u673aSV\u503c": 67.0}}
2026-06-10 14:20:20,227 - MQTTClient - 177 - DEBUG - Message published (mid=20)
2026-06-10 14:20:20,227 - MQTTClient - 99 - DEBUG - Published: Rpc/ - {"\u865a\u62df\u8bbe\u5907": {"\u4e8c\u671f3\u53f7\u98ce\u673a\u542f\u505c": 1}}
2026-06-10 14:20:20,227 - MQTTClient - 177 - DEBUG - Message published (mid=21)
2026-06-10 14:20:20,228 - MQTTClient - 99 - DEBUG - Published: Rpc/ - {"\u865a\u62df\u8bbe\u5907": {"\u4e8c\u671f3\u53f7\u98ce\u673aSV\u503c": 77.0}}
2026-06-10 14:20:20,229 - MQTTClient - 177 - DEBUG - Message published (mid=22)
2026-06-10 14:20:20,229 - MQTTClient - 99 - DEBUG - Published: Rpc/ - {"\u865a\u62df\u8bbe\u5907": {"\u4e8c\u671f6\u53f7\u98ce\u673a\u542f\u505c": 1}}
2026-06-10 14:20:20,229 - MQTTClient - 177 - DEBUG - Message published (mid=23)
2026-06-10 14:20:20,231 - MQTTClient - 99 - DEBUG - Published: Rpc/ - {"\u865a\u62df\u8bbe\u5907": {"\u4e8c\u671f6\u53f7\u98ce\u673aSV\u503c": 67.0}}
2026-06-10 14:20:20,231 - MQTTClient - 177 - DEBUG - Message published (mid=24)
2026-06-10 14:20:20,231 - MQTTClient - 99 - DEBUG - Published: /idms/api/v1/createControlX - {"type": "\u66dd\u6c14\u667a\u80fd\u4f53", "time": "2026-06-10 14:20:20", "algorithmVersion": "v1.0.0", "controller": "\u9ec4\u5188AI\u7b97\u6cd5\u63a7\u5236", "outputCommand": "\u4e00\u671f\u751f\u7269\u6c60#\u5b9e\u65f6\uff1a\u4e00\u671f\u6eb6\u89e3\u6c27\uff1a3.32mg/L\uff0c\u76ee\u6807\u503c\uff1a2mg/L#\u4e00\u671f1\u53f7\u98ce\u673a\u8fd0\u884c\uff0c\u53cd\u9988\uff1a78%\uff0c\u4e0a\u9650\uff1a100%\uff0c\u4e0b\u9650\uff1a55%\uff0c\u63a7\u5236\u8f93\u51fa\uff1a0%\u4e00\u671f3\u53f7\u98ce\u673a\u8fd0\u884c\uff0c\u53cd\u9988\uff1a78%\uff0c\u4e0a\u9650\uff1a100%\uff0c\u4e0b\u9650\uff1a55%\uff0c\u63a7\u5236\u8f93\u51fa\uff1a71.3%\u4e8c\u671f\u751f\u7269\u6c60#\u5b9e\u65f6\uff1a\u4e8c\u671f\u6eb6\u89e3\u6c27\uff1a1.27mg/L\uff0c\u76ee\u6807\u503c\uff1a2mg/L#\u4e8c\u671f1\u53f7\u98ce\u673a\u8fd0\u884c\uff0c\u53cd\u9988\uff1a72%\uff0c\u4e0a\u9650\uff1a98%\uff0c\u4e0b\u9650\uff1a55%\uff0c\u63a7\u5236\u8f93\u51fa\uff1a0%\u4e8c\u671f3\u53f7\u98ce\u673a\u8fd0\u884c\uff0c\u53cd\u9988\uff1a72%\uff0c\u4e0a\u9650\uff1a98%\uff0c\u4e0b\u9650\uff1a55%\uff0c\u63a7\u5236\u8f93\u51fa\uff1a80.0%\u4e8c\u671f6\u53f7\u98ce\u673a\u8fd0\u884c\uff0c\u53cd\u9988\uff1a72%\uff0c\u4e0a\u9650\uff1a98%\uff0c\u4e0b\u9650\uff1a55%\uff0c\u63a7\u5236\u8f93\u51fa\uff1a0%"}
2026-06-10 14:20:20,232 - MQTTClient - 177 - DEBUG - Message published (mid=25)
2026-06-10 14:20:35,224 - MQTTClient - 99 - DEBUG - Published: Rpc/ - {"\u865a\u62df\u8bbe\u5907": {"\u4e00\u671f1\u53f7\u98ce\u673aSV\u503c": 68.0}}
2026-06-10 14:20:35,224 - MQTTClient - 177 - DEBUG - Message published (mid=26)
2026-06-10 14:20:35,226 - MQTTClient - 99 - DEBUG - Published: Rpc/ - {"\u865a\u62df\u8bbe\u5907": {"\u4e00\u671f3\u53f7\u98ce\u673aSV\u503c": 71.3}}
2026-06-10 14:20:35,228 - MQTTClient - 177 - DEBUG - Message published (mid=27)
2026-06-10 14:20:35,228 - MQTTClient - 99 - DEBUG - Published: Rpc/ - {"\u865a\u62df\u8bbe\u5907": {"\u4e8c\u671f1\u53f7\u98ce\u673aSV\u503c": 62.0}}
2026-06-10 14:20:35,230 - MQTTClient - 177 - DEBUG - Message published (mid=28)
2026-06-10 14:20:35,230 - MQTTClient - 99 - DEBUG - Published: Rpc/ - {"\u865a\u62df\u8bbe\u5907": {"\u4e8c\u671f3\u53f7\u98ce\u673aSV\u503c": 80.0}}
2026-06-10 14:20:35,233 - MQTTClient - 99 - DEBUG - Published: Rpc/ - {"\u865a\u62df\u8bbe\u5907": {"\u4e8c\u671f6\u53f7\u98ce\u673aSV\u503c": 62.0}}
2026-06-10 14:20:35,233 - MQTTClient - 177 - DEBUG - Message published (mid=29)
2026-06-10 14:20:35,236 - MQTTClient - 177 - DEBUG - Message published (mid=30)
2026-06-10 14:20:50,228 - MQTTClient - 99 - DEBUG - Published: Rpc/ - {"\u865a\u62df\u8bbe\u5907": {"\u4e00\u671f1\u53f7\u98ce\u673aSV\u503c": 63.0}}
2026-06-10 14:20:50,228 - MQTTClient - 177 - DEBUG - Message published (mid=31)
2026-06-10 14:20:50,232 - MQTTClient - 177 - DEBUG - Message published (mid=32)
2026-06-10 14:20:50,232 - MQTTClient - 99 - DEBUG - Published: Rpc/ - {"\u865a\u62df\u8bbe\u5907": {"\u4e8c\u671f1\u53f7\u98ce\u673aSV\u503c": 57.0}}
2026-06-10 14:20:50,237 - MQTTClient - 177 - DEBUG - Message published (mid=33)
2026-06-10 14:20:50,237 - MQTTClient - 99 - DEBUG - Published: Rpc/ - {"\u865a\u62df\u8bbe\u5907": {"\u4e8c\u671f6\u53f7\u98ce\u673aSV\u503c": 57.0}}
2026-06-10 14:21:05,231 - MQTTClient - 99 - DEBUG - Published: Rpc/ - {"\u865a\u62df\u8bbe\u5907": {"\u4e00\u671f1\u53f7\u98ce\u673aSV\u503c": 58.0}}
2026-06-10 14:21:05,232 - MQTTClient - 177 - DEBUG - Message published (mid=34)
2026-06-10 14:21:05,235 - MQTTClient - 99 - DEBUG - Published: Rpc/ - {"\u865a\u62df\u8bbe\u5907": {"\u4e8c\u671f1\u53f7\u98ce\u673aSV\u503c": 52.0}}
2026-06-10 14:21:05,235 - MQTTClient - 177 - DEBUG - Message published (mid=35)
2026-06-10 14:21:05,239 - MQTTClient - 177 - DEBUG - Message published (mid=36)
2026-06-10 14:21:05,239 - MQTTClient - 99 - DEBUG - Published: Rpc/ - {"\u865a\u62df\u8bbe\u5907": {"\u4e8c\u671f6\u53f7\u98ce\u673aSV\u503c": 52.0}}
2026-06-10 14:21:20,235 - MQTTClient - 99 - DEBUG - Published: Rpc/ - {"\u865a\u62df\u8bbe\u5907": {"\u4e00\u671f1\u53f7\u98ce\u673aSV\u503c": 53.0}}
2026-06-10 14:21:20,235 - MQTTClient - 177 - DEBUG - Message published (mid=37)
2026-06-10 14:21:20,239 - MQTTClient - 99 - DEBUG - Published: Rpc/ - {"\u865a\u62df\u8bbe\u5907": {"\u4e8c\u671f1\u53f7\u98ce\u673aSV\u503c": 47.0}}
2026-06-10 14:21:20,239 - MQTTClient - 177 - DEBUG - Message published (mid=38)
2026-06-10 14:21:20,244 - MQTTClient - 99 - DEBUG - Published: Rpc/ - {"\u865a\u62df\u8bbe\u5907": {"\u4e8c\u671f6\u53f7\u98ce\u673aSV\u503c": 47.0}}
2026-06-10 14:21:20,244 - MQTTClient - 177 - DEBUG - Message published (mid=39)
2026-06-10 14:21:20,272 - MQTTClient - 99 - DEBUG - Published: Rpc/ - {"\u865a\u62df\u8bbe\u5907": {"\u4e00\u671f2\u53f7\u98ce\u673a\u542f\u505c": 1}}
2026-06-10 14:21:20,272 - MQTTClient - 177 - DEBUG - Message published (mid=40)
2026-06-10 14:21:20,273 - MQTTClient - 99 - DEBUG - Published: Rpc/ - {"\u865a\u62df\u8bbe\u5907": {"\u4e00\u671f2\u53f7\u98ce\u673a\u542f\u505c": 2, "\u4e00\u671f2\u53f7\u98ce\u673aSV\u503c": 78}}
2026-06-10 14:21:20,273 - MQTTClient - 177 - DEBUG - Message published (mid=41)
2026-06-10 14:21:20,273 - MQTTClient - 99 - DEBUG - Published: /idms/api/v1/createControlX - {"type": "\u66dd\u6c14\u667a\u80fd\u4f53", "time": "2026-06-10 14:20:20", "algorithmVersion": "v1.0.0", "controller": "\u9ec4\u5188AI\u7b97\u6cd5\u63a7\u5236", "outputCommand": "\u4e00\u671f\u751f\u7269\u6c60#\u5b9e\u65f6\uff1a\u4e00\u671f\u6eb6\u89e3\u6c27\uff1a3.32mg/L\uff0c\u76ee\u6807\u503c\uff1a2mg/L#\u4e00\u671f1\u53f7\u98ce\u673a\u8fd0\u884c\uff0c\u53cd\u9988\uff1a78%\uff0c\u4e0a\u9650\uff1a100%\uff0c\u4e0b\u9650\uff1a55%\uff0c\u63a7\u5236\u8f93\u51fa\uff1a0%\u4e00\u671f3\u53f7\u98ce\u673a\u8fd0\u884c\uff0c\u53cd\u9988\uff1a78%\uff0c\u4e0a\u9650\uff1a100%\uff0c\u4e0b\u9650\uff1a55%\uff0c\u63a7\u5236\u8f93\u51fa\uff1a71.3%\u4e8c\u671f\u751f\u7269\u6c60#\u5b9e\u65f6\uff1a\u4e8c\u671f\u6eb6\u89e3\u6c27\uff1a1.27mg/L\uff0c\u76ee\u6807\u503c\uff1a2mg/L#\u4e8c\u671f1\u53f7\u98ce\u673a\u8fd0\u884c\uff0c\u53cd\u9988\uff1a72%\uff0c\u4e0a\u9650\uff1a98%\uff0c\u4e0b\u9650\uff1a55%\uff0c\u63a7\u5236\u8f93\u51fa\uff1a0%\u4e8c\u671f3\u53f7\u98ce\u673a\u8fd0\u884c\uff0c\u53cd\u9988\uff1a72%\uff0c\u4e0a\u9650\uff1a98%\uff0c\u4e0b\u9650\uff1a55%\uff0c\u63a7\u5236\u8f93\u51fa\uff1a80.0%\u4e8c\u671f6\u53f7\u98ce\u673a\u8fd0\u884c\uff0c\u53cd\u9988\uff1a72%\uff0c\u4e0a\u9650\uff1a98%\uff0c\u4e0b\u9650\uff1a55%\uff0c\u63a7\u5236\u8f93\u51fa\uff1a0%"}
2026-06-10 14:21:20,273 - MQTTClient - 177 - DEBUG - Message published (mid=42)
2026-06-10 14:21:20,274 - MQTTClient - 99 - DEBUG - Published: Rpc/ - {"\u865a\u62df\u8bbe\u5907": {"\u4e00\u671f1\u53f7\u98ce\u673a\u542f\u505c": 3, "\u4e00\u671f1\u53f7\u98ce\u673aSV\u503c": 0}}
2026-06-10 14:21:20,274 - MQTTClient - 177 - DEBUG - Message published (mid=43)
2026-06-10 14:21:20,275 - MQTTClient - 99 - DEBUG - Published: Rpc/ - {"\u865a\u62df\u8bbe\u5907": {"\u4e8c\u671f2\u53f7\u98ce\u673a\u542f\u505c": 1}}
2026-06-10 14:21:20,275 - MQTTClient - 177 - DEBUG - Message published (mid=44)
2026-06-10 14:21:20,275 - MQTTClient - 99 - DEBUG - Published: Rpc/ - {"\u865a\u62df\u8bbe\u5907": {"\u4e8c\u671f2\u53f7\u98ce\u673a\u542f\u505c": 2, "\u4e8c\u671f2\u53f7\u98ce\u673aSV\u503c": 72}}
2026-06-10 14:21:20,276 - MQTTClient - 177 - DEBUG - Message published (mid=45)
2026-06-10 14:21:20,276 - MQTTClient - 99 - DEBUG - Published: /idms/api/v1/createControlX - {"type": "\u66dd\u6c14\u667a\u80fd\u4f53", "time": "2026-06-10 14:20:20", "algorithmVersion": "v1.0.0", "controller": "\u9ec4\u5188AI\u7b97\u6cd5\u63a7\u5236", "outputCommand": "\u4e00\u671f\u751f\u7269\u6c60#\u5b9e\u65f6\uff1a\u4e00\u671f\u6eb6\u89e3\u6c27\uff1a3.32mg/L\uff0c\u76ee\u6807\u503c\uff1a2mg/L#\u4e00\u671f1\u53f7\u98ce\u673a\u8fd0\u884c\uff0c\u53cd\u9988\uff1a78%\uff0c\u4e0a\u9650\uff1a100%\uff0c\u4e0b\u9650\uff1a55%\uff0c\u63a7\u5236\u8f93\u51fa\uff1a0%\u4e00\u671f3\u53f7\u98ce\u673a\u8fd0\u884c\uff0c\u53cd\u9988\uff1a78%\uff0c\u4e0a\u9650\uff1a100%\uff0c\u4e0b\u9650\uff1a55%\uff0c\u63a7\u5236\u8f93\u51fa\uff1a71.3%\u4e8c\u671f\u751f\u7269\u6c60#\u5b9e\u65f6\uff1a\u4e8c\u671f\u6eb6\u89e3\u6c27\uff1a1.27mg/L\uff0c\u76ee\u6807\u503c\uff1a2mg/L#\u4e8c\u671f1\u53f7\u98ce\u673a\u8fd0\u884c\uff0c\u53cd\u9988\uff1a72%\uff0c\u4e0a\u9650\uff1a98%\uff0c\u4e0b\u9650\uff1a55%\uff0c\u63a7\u5236\u8f93\u51fa\uff1a0%\u4e8c\u671f3\u53f7\u98ce\u673a\u8fd0\u884c\uff0c\u53cd\u9988\uff1a72%\uff0c\u4e0a\u9650\uff1a98%\uff0c\u4e0b\u9650\uff1a55%\uff0c\u63a7\u5236\u8f93\u51fa\uff1a80.0%\u4e8c\u671f6\u53f7\u98ce\u673a\u8fd0\u884c\uff0c\u53cd\u9988\uff1a72%\uff0c\u4e0a\u9650\uff1a98%\uff0c\u4e0b\u9650\uff1a55%\uff0c\u63a7\u5236\u8f93\u51fa\uff1a0%"}
2026-06-10 14:21:20,276 - MQTTClient - 177 - DEBUG - Message published (mid=46)
2026-06-10 14:21:20,276 - MQTTClient - 99 - DEBUG - Published: Rpc/ - {"\u865a\u62df\u8bbe\u5907": {"\u4e8c\u671f1\u53f7\u98ce\u673a\u542f\u505c": 3, "\u4e8c\u671f1\u53f7\u98ce\u673aSV\u503c": 0}}
2026-06-10 14:21:20,277 - MQTTClient - 177 - DEBUG - Message published (mid=47)
2026-06-10 14:21:20,278 - MQTTClient - 99 - DEBUG - Published: Rpc/ - {"\u865a\u62df\u8bbe\u5907": {"\u4e8c\u671f5\u53f7\u98ce\u673a\u542f\u505c": 1}}
2026-06-10 14:21:20,278 - MQTTClient - 177 - DEBUG - Message published (mid=48)
2026-06-10 14:21:20,278 - MQTTClient - 99 - DEBUG - Published: Rpc/ - {"\u865a\u62df\u8bbe\u5907": {"\u4e8c\u671f5\u53f7\u98ce\u673a\u542f\u505c": 2, "\u4e8c\u671f5\u53f7\u98ce\u673aSV\u503c": 72}}
2026-06-10 14:21:20,278 - MQTTClient - 177 - DEBUG - Message published (mid=49)
2026-06-10 14:21:20,278 - MQTTClient - 99 - DEBUG - Published: /idms/api/v1/createControlX - {"type": "\u66dd\u6c14\u667a\u80fd\u4f53", "time": "2026-06-10 14:20:20", "algorithmVersion": "v1.0.0", "controller": "\u9ec4\u5188AI\u7b97\u6cd5\u63a7\u5236", "outputCommand": "\u4e00\u671f\u751f\u7269\u6c60#\u5b9e\u65f6\uff1a\u4e00\u671f\u6eb6\u89e3\u6c27\uff1a3.32mg/L\uff0c\u76ee\u6807\u503c\uff1a2mg/L#\u4e00\u671f1\u53f7\u98ce\u673a\u8fd0\u884c\uff0c\u53cd\u9988\uff1a78%\uff0c\u4e0a\u9650\uff1a100%\uff0c\u4e0b\u9650\uff1a55%\uff0c\u63a7\u5236\u8f93\u51fa\uff1a0%\u4e00\u671f3\u53f7\u98ce\u673a\u8fd0\u884c\uff0c\u53cd\u9988\uff1a78%\uff0c\u4e0a\u9650\uff1a100%\uff0c\u4e0b\u9650\uff1a55%\uff0c\u63a7\u5236\u8f93\u51fa\uff1a71.3%\u4e8c\u671f\u751f\u7269\u6c60#\u5b9e\u65f6\uff1a\u4e8c\u671f\u6eb6\u89e3\u6c27\uff1a1.27mg/L\uff0c\u76ee\u6807\u503c\uff1a2mg/L#\u4e8c\u671f1\u53f7\u98ce\u673a\u8fd0\u884c\uff0c\u53cd\u9988\uff1a72%\uff0c\u4e0a\u9650\uff1a98%\uff0c\u4e0b\u9650\uff1a55%\uff0c\u63a7\u5236\u8f93\u51fa\uff1a0%\u4e8c\u671f3\u53f7\u98ce\u673a\u8fd0\u884c\uff0c\u53cd\u9988\uff1a72%\uff0c\u4e0a\u9650\uff1a98%\uff0c\u4e0b\u9650\uff1a55%\uff0c\u63a7\u5236\u8f93\u51fa\uff1a80.0%\u4e8c\u671f6\u53f7\u98ce\u673a\u8fd0\u884c\uff0c\u53cd\u9988\uff1a72%\uff0c\u4e0a\u9650\uff1a98%\uff0c\u4e0b\u9650\uff1a55%\uff0c\u63a7\u5236\u8f93\u51fa\uff1a0%"}
2026-06-10 14:21:20,279 - MQTTClient - 177 - DEBUG - Message published (mid=50)
2026-06-10 14:21:20,279 - MQTTClient - 99 - DEBUG - Published: Rpc/ - {"\u865a\u62df\u8bbe\u5907": {"\u4e8c\u671f6\u53f7\u98ce\u673a\u542f\u505c": 3, "\u4e8c\u671f6\u53f7\u98ce\u673aSV\u503c": 0}}
2026-06-10 14:21:20,279 - MQTTClient - 177 - DEBUG - Message published (mid=51)
2026-06-10 14:21:35,239 - MQTTClient - 99 - DEBUG - Published: Rpc/ - {"\u865a\u62df\u8bbe\u5907": {"\u4e00\u671f1\u53f7\u98ce\u673aSV\u503c": 48.0}}
2026-06-10 14:21:35,239 - MQTTClient - 177 - DEBUG - Message published (mid=52)
2026-06-10 14:21:35,241 - MQTTClient - 99 - DEBUG - Published: Rpc/ - {"\u865a\u62df\u8bbe\u5907": {"\u4e8c\u671f1\u53f7\u98ce\u673aSV\u503c": 42.0}}
2026-06-10 14:21:35,241 - MQTTClient - 177 - DEBUG - Message published (mid=53)
2026-06-10 14:21:35,249 - MQTTClient - 99 - DEBUG - Published: Rpc/ - {"\u865a\u62df\u8bbe\u5907": {"\u4e8c\u671f6\u53f7\u98ce\u673aSV\u503c": 42.0}}
2026-06-10 14:21:35,249 - MQTTClient - 177 - DEBUG - Message published (mid=54)
2026-06-10 14:21:50,241 - MQTTClient - 99 - DEBUG - Published: Rpc/ - {"\u865a\u62df\u8bbe\u5907": {"\u4e00\u671f1\u53f7\u98ce\u673aSV\u503c": 43.0}}
2026-06-10 14:21:50,242 - MQTTClient - 177 - DEBUG - Message published (mid=55)
2026-06-10 14:21:50,244 - MQTTClient - 99 - DEBUG - Published: Rpc/ - {"\u865a\u62df\u8bbe\u5907": {"\u4e8c\u671f1\u53f7\u98ce\u673aSV\u503c": 37.0}}
2026-06-10 14:21:50,244 - MQTTClient - 177 - DEBUG - Message published (mid=56)
2026-06-10 14:21:50,251 - MQTTClient - 99 - DEBUG - Published: Rpc/ - {"\u865a\u62df\u8bbe\u5907": {"\u4e8c\u671f6\u53f7\u98ce\u673aSV\u503c": 37.0}}
2026-06-10 14:21:50,251 - MQTTClient - 177 - DEBUG - Message published (mid=57)
2026-06-10 14:22:05,245 - MQTTClient - 99 - DEBUG - Published: Rpc/ - {"\u865a\u62df\u8bbe\u5907": {"\u4e00\u671f1\u53f7\u98ce\u673aSV\u503c": 38.0}}
2026-06-10 14:22:05,245 - MQTTClient - 177 - DEBUG - Message published (mid=58)
2026-06-10 14:22:05,246 - MQTTClient - 99 - DEBUG - Published: Rpc/ - {"\u865a\u62df\u8bbe\u5907": {"\u4e8c\u671f1\u53f7\u98ce\u673aSV\u503c": 32.0}}
2026-06-10 14:22:05,247 - MQTTClient - 177 - DEBUG - Message published (mid=59)
2026-06-10 14:22:05,253 - MQTTClient - 99 - DEBUG - Published: Rpc/ - {"\u865a\u62df\u8bbe\u5907": {"\u4e8c\u671f6\u53f7\u98ce\u673aSV\u503c": 32.0}}
2026-06-10 14:22:05,253 - MQTTClient - 177 - DEBUG - Message published (mid=60)
2026-06-10 14:22:20,248 - MQTTClient - 99 - DEBUG - Published: Rpc/ - {"\u865a\u62df\u8bbe\u5907": {"\u4e00\u671f1\u53f7\u98ce\u673aSV\u503c": 33.0}}
2026-06-10 14:22:20,248 - MQTTClient - 177 - DEBUG - Message published (mid=61)
2026-06-10 14:22:20,250 - MQTTClient - 99 - DEBUG - Published: Rpc/ - {"\u865a\u62df\u8bbe\u5907": {"\u4e8c\u671f1\u53f7\u98ce\u673aSV\u503c": 27.0}}
2026-06-10 14:22:20,250 - MQTTClient - 177 - DEBUG - Message published (mid=62)
2026-06-10 14:22:20,256 - MQTTClient - 177 - DEBUG - Message published (mid=63)
2026-06-10 14:22:20,256 - MQTTClient - 99 - DEBUG - Published: Rpc/ - {"\u865a\u62df\u8bbe\u5907": {"\u4e8c\u671f6\u53f7\u98ce\u673aSV\u503c": 27.0}}
2026-06-10 14:22:20,310 - MQTTClient - 99 - DEBUG - Published: Rpc/ - {"\u865a\u62df\u8bbe\u5907": {"\u4e00\u671f2\u53f7\u98ce\u673a\u542f\u505c": 1}}
2026-06-10 14:22:20,310 - MQTTClient - 177 - DEBUG - Message published (mid=64)
2026-06-10 14:22:20,310 - MQTTClient - 99 - DEBUG - Published: Rpc/ - {"\u865a\u62df\u8bbe\u5907": {"\u4e00\u671f2\u53f7\u98ce\u673a\u542f\u505c": 2, "\u4e00\u671f2\u53f7\u98ce\u673aSV\u503c": 78}}
2026-06-10 14:22:20,311 - MQTTClient - 177 - DEBUG - Message published (mid=65)
2026-06-10 14:22:20,311 - MQTTClient - 99 - DEBUG - Published: /idms/api/v1/createControlX - {"type": "\u66dd\u6c14\u667a\u80fd\u4f53", "time": "2026-06-10 14:20:20", "algorithmVersion": "v1.0.0", "controller": "\u9ec4\u5188AI\u7b97\u6cd5\u63a7\u5236", "outputCommand": "\u4e00\u671f\u751f\u7269\u6c60#\u5b9e\u65f6\uff1a\u4e00\u671f\u6eb6\u89e3\u6c27\uff1a3.32mg/L\uff0c\u76ee\u6807\u503c\uff1a2mg/L#\u4e00\u671f1\u53f7\u98ce\u673a\u8fd0\u884c\uff0c\u53cd\u9988\uff1a78%\uff0c\u4e0a\u9650\uff1a100%\uff0c\u4e0b\u9650\uff1a55%\uff0c\u63a7\u5236\u8f93\u51fa\uff1a0%\u4e00\u671f3\u53f7\u98ce\u673a\u8fd0\u884c\uff0c\u53cd\u9988\uff1a78%\uff0c\u4e0a\u9650\uff1a100%\uff0c\u4e0b\u9650\uff1a55%\uff0c\u63a7\u5236\u8f93\u51fa\uff1a71.3%\u4e8c\u671f\u751f\u7269\u6c60#\u5b9e\u65f6\uff1a\u4e8c\u671f\u6eb6\u89e3\u6c27\uff1a1.27mg/L\uff0c\u76ee\u6807\u503c\uff1a2mg/L#\u4e8c\u671f1\u53f7\u98ce\u673a\u8fd0\u884c\uff0c\u53cd\u9988\uff1a72%\uff0c\u4e0a\u9650\uff1a98%\uff0c\u4e0b\u9650\uff1a55%\uff0c\u63a7\u5236\u8f93\u51fa\uff1a0%\u4e8c\u671f3\u53f7\u98ce\u673a\u8fd0\u884c\uff0c\u53cd\u9988\uff1a72%\uff0c\u4e0a\u9650\uff1a98%\uff0c\u4e0b\u9650\uff1a55%\uff0c\u63a7\u5236\u8f93\u51fa\uff1a80.0%\u4e8c\u671f6\u53f7\u98ce\u673a\u8fd0\u884c\uff0c\u53cd\u9988\uff1a72%\uff0c\u4e0a\u9650\uff1a98%\uff0c\u4e0b\u9650\uff1a55%\uff0c\u63a7\u5236\u8f93\u51fa\uff1a0%"}
2026-06-10 14:22:20,312 - MQTTClient - 177 - DEBUG - Message published (mid=66)
2026-06-10 14:22:20,312 - MQTTClient - 99 - DEBUG - Published: Rpc/ - {"\u865a\u62df\u8bbe\u5907": {"\u4e00\u671f1\u53f7\u98ce\u673a\u542f\u505c": 3, "\u4e00\u671f1\u53f7\u98ce\u673aSV\u503c": 0}}
2026-06-10 14:22:20,312 - MQTTClient - 177 - DEBUG - Message published (mid=67)
2026-06-10 14:22:20,313 - MQTTClient - 99 - DEBUG - Published: Rpc/ - {"\u865a\u62df\u8bbe\u5907": {"\u4e8c\u671f2\u53f7\u98ce\u673a\u542f\u505c": 1}}
2026-06-10 14:22:20,313 - MQTTClient - 177 - DEBUG - Message published (mid=68)
2026-06-10 14:22:20,314 - MQTTClient - 99 - DEBUG - Published: Rpc/ - {"\u865a\u62df\u8bbe\u5907": {"\u4e8c\u671f2\u53f7\u98ce\u673a\u542f\u505c": 2, "\u4e8c\u671f2\u53f7\u98ce\u673aSV\u503c": 72}}
2026-06-10 14:22:20,314 - MQTTClient - 177 - DEBUG - Message published (mid=69)
2026-06-10 14:22:20,314 - MQTTClient - 99 - DEBUG - Published: /idms/api/v1/createControlX - {"type": "\u66dd\u6c14\u667a\u80fd\u4f53", "time": "2026-06-10 14:20:20", "algorithmVersion": "v1.0.0", "controller": "\u9ec4\u5188AI\u7b97\u6cd5\u63a7\u5236", "outputCommand": "\u4e00\u671f\u751f\u7269\u6c60#\u5b9e\u65f6\uff1a\u4e00\u671f\u6eb6\u89e3\u6c27\uff1a3.32mg/L\uff0c\u76ee\u6807\u503c\uff1a2mg/L#\u4e00\u671f1\u53f7\u98ce\u673a\u8fd0\u884c\uff0c\u53cd\u9988\uff1a78%\uff0c\u4e0a\u9650\uff1a100%\uff0c\u4e0b\u9650\uff1a55%\uff0c\u63a7\u5236\u8f93\u51fa\uff1a0%\u4e00\u671f3\u53f7\u98ce\u673a\u8fd0\u884c\uff0c\u53cd\u9988\uff1a78%\uff0c\u4e0a\u9650\uff1a100%\uff0c\u4e0b\u9650\uff1a55%\uff0c\u63a7\u5236\u8f93\u51fa\uff1a71.3%\u4e8c\u671f\u751f\u7269\u6c60#\u5b9e\u65f6\uff1a\u4e8c\u671f\u6eb6\u89e3\u6c27\uff1a1.27mg/L\uff0c\u76ee\u6807\u503c\uff1a2mg/L#\u4e8c\u671f1\u53f7\u98ce\u673a\u8fd0\u884c\uff0c\u53cd\u9988\uff1a72%\uff0c\u4e0a\u9650\uff1a98%\uff0c\u4e0b\u9650\uff1a55%\uff0c\u63a7\u5236\u8f93\u51fa\uff1a0%\u4e8c\u671f3\u53f7\u98ce\u673a\u8fd0\u884c\uff0c\u53cd\u9988\uff1a72%\uff0c\u4e0a\u9650\uff1a98%\uff0c\u4e0b\u9650\uff1a55%\uff0c\u63a7\u5236\u8f93\u51fa\uff1a80.0%\u4e8c\u671f6\u53f7\u98ce\u673a\u8fd0\u884c\uff0c\u53cd\u9988\uff1a72%\uff0c\u4e0a\u9650\uff1a98%\uff0c\u4e0b\u9650\uff1a55%\uff0c\u63a7\u5236\u8f93\u51fa\uff1a0%"}
2026-06-10 14:22:20,315 - MQTTClient - 177 - DEBUG - Message published (mid=70)
2026-06-10 14:22:20,315 - MQTTClient - 99 - DEBUG - Published: Rpc/ - {"\u865a\u62df\u8bbe\u5907": {"\u4e8c\u671f1\u53f7\u98ce\u673a\u542f\u505c": 3, "\u4e8c\u671f1\u53f7\u98ce\u673aSV\u503c": 0}}
2026-06-10 14:22:20,316 - MQTTClient - 177 - DEBUG - Message published (mid=71)
2026-06-10 14:22:20,316 - MQTTClient - 99 - DEBUG - Published: Rpc/ - {"\u865a\u62df\u8bbe\u5907": {"\u4e8c\u671f5\u53f7\u98ce\u673a\u542f\u505c": 1}}
2026-06-10 14:22:20,316 - MQTTClient - 177 - DEBUG - Message published (mid=72)
2026-06-10 14:22:20,317 - MQTTClient - 99 - DEBUG - Published: Rpc/ - {"\u865a\u62df\u8bbe\u5907": {"\u4e8c\u671f5\u53f7\u98ce\u673a\u542f\u505c": 2, "\u4e8c\u671f5\u53f7\u98ce\u673aSV\u503c": 72}}
2026-06-10 14:22:20,318 - MQTTClient - 177 - DEBUG - Message published (mid=73)
2026-06-10 14:22:20,318 - MQTTClient - 99 - DEBUG - Published: /idms/api/v1/createControlX - {"type": "\u66dd\u6c14\u667a\u80fd\u4f53", "time": "2026-06-10 14:20:20", "algorithmVersion": "v1.0.0", "controller": "\u9ec4\u5188AI\u7b97\u6cd5\u63a7\u5236", "outputCommand": "\u4e00\u671f\u751f\u7269\u6c60#\u5b9e\u65f6\uff1a\u4e00\u671f\u6eb6\u89e3\u6c27\uff1a3.32mg/L\uff0c\u76ee\u6807\u503c\uff1a2mg/L#\u4e00\u671f1\u53f7\u98ce\u673a\u8fd0\u884c\uff0c\u53cd\u9988\uff1a78%\uff0c\u4e0a\u9650\uff1a100%\uff0c\u4e0b\u9650\uff1a55%\uff0c\u63a7\u5236\u8f93\u51fa\uff1a0%\u4e00\u671f3\u53f7\u98ce\u673a\u8fd0\u884c\uff0c\u53cd\u9988\uff1a78%\uff0c\u4e0a\u9650\uff1a100%\uff0c\u4e0b\u9650\uff1a55%\uff0c\u63a7\u5236\u8f93\u51fa\uff1a71.3%\u4e8c\u671f\u751f\u7269\u6c60#\u5b9e\u65f6\uff1a\u4e8c\u671f\u6eb6\u89e3\u6c27\uff1a1.27mg/L\uff0c\u76ee\u6807\u503c\uff1a2mg/L#\u4e8c\u671f1\u53f7\u98ce\u673a\u8fd0\u884c\uff0c\u53cd\u9988\uff1a72%\uff0c\u4e0a\u9650\uff1a98%\uff0c\u4e0b\u9650\uff1a55%\uff0c\u63a7\u5236\u8f93\u51fa\uff1a0%\u4e8c\u671f3\u53f7\u98ce\u673a\u8fd0\u884c\uff0c\u53cd\u9988\uff1a72%\uff0c\u4e0a\u9650\uff1a98%\uff0c\u4e0b\u9650\uff1a55%\uff0c\u63a7\u5236\u8f93\u51fa\uff1a80.0%\u4e8c\u671f6\u53f7\u98ce\u673a\u8fd0\u884c\uff0c\u53cd\u9988\uff1a72%\uff0c\u4e0a\u9650\uff1a98%\uff0c\u4e0b\u9650\uff1a55%\uff0c\u63a7\u5236\u8f93\u51fa\uff1a0%"}
2026-06-10 14:22:20,318 - MQTTClient - 177 - DEBUG - Message published (mid=74)
2026-06-10 14:22:20,319 - MQTTClient - 99 - DEBUG - Published: Rpc/ - {"\u865a\u62df\u8bbe\u5907": {"\u4e8c\u671f6\u53f7\u98ce\u673a\u542f\u505c": 3, "\u4e8c\u671f6\u53f7\u98ce\u673aSV\u503c": 0}}
2026-06-10 14:22:20,320 - MQTTClient - 177 - DEBUG - Message published (mid=75)
2026-06-10 14:22:20,321 - MQTTClient - 99 - DEBUG - Published: Rpc/ - {"\u865a\u62df\u8bbe\u5907": {"\u4e00\u671f1\u53f7\u98ce\u673a\u542f\u505c": 1}}
2026-06-10 14:22:20,321 - MQTTClient - 177 - DEBUG - Message published (mid=76)
2026-06-10 14:22:20,322 - MQTTClient - 99 - DEBUG - Published: Rpc/ - {"\u865a\u62df\u8bbe\u5907": {"\u4e00\u671f1\u53f7\u98ce\u673aSV\u503c": 73.0}}
2026-06-10 14:22:20,322 - MQTTClient - 177 - DEBUG - Message published (mid=77)
2026-06-10 14:22:20,323 - MQTTClient - 99 - DEBUG - Published: Rpc/ - {"\u865a\u62df\u8bbe\u5907": {"\u4e00\u671f3\u53f7\u98ce\u673a\u542f\u505c": 1}}
2026-06-10 14:22:20,324 - MQTTClient - 177 - DEBUG - Message published (mid=78)
2026-06-10 14:22:20,325 - MQTTClient - 99 - DEBUG - Published: Rpc/ - {"\u865a\u62df\u8bbe\u5907": {"\u4e00\u671f3\u53f7\u98ce\u673aSV\u503c": 73.0}}
2026-06-10 14:22:20,325 - MQTTClient - 177 - DEBUG - Message published (mid=79)
2026-06-10 14:22:20,326 - MQTTClient - 99 - DEBUG - Published: Rpc/ - {"\u865a\u62df\u8bbe\u5907": {"\u4e8c\u671f1\u53f7\u98ce\u673a\u542f\u505c": 1}}
2026-06-10 14:22:20,326 - MQTTClient - 177 - DEBUG - Message published (mid=80)
2026-06-10 14:22:20,328 - MQTTClient - 177 - DEBUG - Message published (mid=81)
2026-06-10 14:22:20,329 - MQTTClient - 99 - DEBUG - Published: Rpc/ - {"\u865a\u62df\u8bbe\u5907": {"\u4e8c\u671f3\u53f7\u98ce\u673a\u542f\u505c": 1}}
2026-06-10 14:22:20,329 - MQTTClient - 177 - DEBUG - Message published (mid=82)
2026-06-10 14:22:20,328 - MQTTClient - 99 - DEBUG - Published: Rpc/ - {"\u865a\u62df\u8bbe\u5907": {"\u4e8c\u671f1\u53f7\u98ce\u673aSV\u503c": 67.0}}
2026-06-10 14:22:20,332 - MQTTClient - 99 - DEBUG - Published: Rpc/ - {"\u865a\u62df\u8bbe\u5907": {"\u4e8c\u671f3\u53f7\u98ce\u673aSV\u503c": 77.0}}
2026-06-10 14:22:20,332 - MQTTClient - 177 - DEBUG - Message published (mid=83)
2026-06-10 14:22:20,333 - MQTTClient - 99 - DEBUG - Published: Rpc/ - {"\u865a\u62df\u8bbe\u5907": {"\u4e8c\u671f6\u53f7\u98ce\u673a\u542f\u505c": 1}}
2026-06-10 14:22:20,333 - MQTTClient - 177 - DEBUG - Message published (mid=84)
2026-06-10 14:22:20,335 - MQTTClient - 177 - DEBUG - Message published (mid=85)
2026-06-10 14:22:20,335 - MQTTClient - 99 - DEBUG - Published: Rpc/ - {"\u865a\u62df\u8bbe\u5907": {"\u4e8c\u671f6\u53f7\u98ce\u673aSV\u503c": 67.0}}
2026-06-10 14:22:20,336 - MQTTClient - 99 - DEBUG - Published: /idms/api/v1/createControlX - {"type": "\u66dd\u6c14\u667a\u80fd\u4f53", "time": "2026-06-10 14:22:20", "algorithmVersion": "v1.0.0", "controller": "\u9ec4\u5188AI\u7b97\u6cd5\u63a7\u5236", "outputCommand": "\u4e00\u671f\u751f\u7269\u6c60#\u5b9e\u65f6\uff1a\u4e00\u671f\u6eb6\u89e3\u6c27\uff1a3.27mg/L\uff0c\u76ee\u6807\u503c\uff1a2mg/L#\u4e00\u671f1\u53f7\u98ce\u673a\u8fd0\u884c\uff0c\u53cd\u9988\uff1a78%\uff0c\u4e0a\u9650\uff1a100%\uff0c\u4e0b\u9650\uff1a55%\uff0c\u63a7\u5236\u8f93\u51fa\uff1a0%\u4e00\u671f3\u53f7\u98ce\u673a\u8fd0\u884c\uff0c\u53cd\u9988\uff1a78%\uff0c\u4e0a\u9650\uff1a100%\uff0c\u4e0b\u9650\uff1a55%\uff0c\u63a7\u5236\u8f93\u51fa\uff1a71.4%\u4e8c\u671f\u751f\u7269\u6c60#\u5b9e\u65f6\uff1a\u4e8c\u671f\u6eb6\u89e3\u6c27\uff1a1.37mg/L\uff0c\u76ee\u6807\u503c\uff1a2mg/L#\u4e8c\u671f1\u53f7\u98ce\u673a\u8fd0\u884c\uff0c\u53cd\u9988\uff1a72%\uff0c\u4e0a\u9650\uff1a98%\uff0c\u4e0b\u9650\uff1a55%\uff0c\u63a7\u5236\u8f93\u51fa\uff1a0%\u4e8c\u671f3\u53f7\u98ce\u673a\u8fd0\u884c\uff0c\u53cd\u9988\uff1a72%\uff0c\u4e0a\u9650\uff1a98%\uff0c\u4e0b\u9650\uff1a55%\uff0c\u63a7\u5236\u8f93\u51fa\uff1a79.8%\u4e8c\u671f6\u53f7\u98ce\u673a\u8fd0\u884c\uff0c\u53cd\u9988\uff1a72%\uff0c\u4e0a\u9650\uff1a98%\uff0c\u4e0b\u9650\uff1a55%\uff0c\u63a7\u5236\u8f93\u51fa\uff1a0%"}
2026-06-10 14:22:20,336 - MQTTClient - 177 - DEBUG - Message published (mid=86)
2026-06-10 14:22:35,250 - MQTTClient - 99 - DEBUG - Published: Rpc/ - {"\u865a\u62df\u8bbe\u5907": {"\u4e00\u671f1\u53f7\u98ce\u673aSV\u503c": 28.0}}
2026-06-10 14:22:35,250 - MQTTClient - 177 - DEBUG - Message published (mid=87)
2026-06-10 14:22:35,252 - MQTTClient - 99 - DEBUG - Published: Rpc/ - {"\u865a\u62df\u8bbe\u5907": {"\u4e8c\u671f1\u53f7\u98ce\u673aSV\u503c": 22.0}}
2026-06-10 14:22:35,253 - MQTTClient - 177 - DEBUG - Message published (mid=88)
2026-06-10 14:22:35,259 - MQTTClient - 99 - DEBUG - Published: Rpc/ - {"\u865a\u62df\u8bbe\u5907": {"\u4e8c\u671f6\u53f7\u98ce\u673aSV\u503c": 22.0}}
2026-06-10 14:22:35,259 - MQTTClient - 177 - DEBUG - Message published (mid=89)
2026-06-10 14:22:35,324 - MQTTClient - 99 - DEBUG - Published: Rpc/ - {"\u865a\u62df\u8bbe\u5907": {"\u4e00\u671f1\u53f7\u98ce\u673aSV\u503c": 68.0}}
2026-06-10 14:22:35,324 - MQTTClient - 177 - DEBUG - Message published (mid=90)
2026-06-10 14:22:35,328 - MQTTClient - 99 - DEBUG - Published: Rpc/ - {"\u865a\u62df\u8bbe\u5907": {"\u4e00\u671f3\u53f7\u98ce\u673aSV\u503c": 71.4}}
2026-06-10 14:22:35,328 - MQTTClient - 177 - DEBUG - Message published (mid=91)
2026-06-10 14:22:35,334 - MQTTClient - 99 - DEBUG - Published: Rpc/ - {"\u865a\u62df\u8bbe\u5907": {"\u4e8c\u671f1\u53f7\u98ce\u673aSV\u503c": 62.0}}
2026-06-10 14:22:35,334 - MQTTClient - 177 - DEBUG - Message published (mid=92)
2026-06-10 14:22:35,335 - MQTTClient - 99 - DEBUG - Published: Rpc/ - {"\u865a\u62df\u8bbe\u5907": {"\u4e8c\u671f3\u53f7\u98ce\u673aSV\u503c": 79.8}}
2026-06-10 14:22:35,337 - MQTTClient - 99 - DEBUG - Published: Rpc/ - {"\u865a\u62df\u8bbe\u5907": {"\u4e8c\u671f6\u53f7\u98ce\u673aSV\u503c": 62.0}}
2026-06-10 14:22:35,338 - MQTTClient - 177 - DEBUG - Message published (mid=93)
2026-06-10 14:22:35,339 - MQTTClient - 177 - DEBUG - Message published (mid=94)
2026-06-10 14:27:10,610 - MQTTClient - 141 - DEBUG - Connected to 10.7.7.62 successfully
2026-06-10 14:27:10,694 - MQTTClient - 174 - DEBUG - Subscribed with QOS: (0,)
2026-06-10 14:27:10,766 - MQTTClient - 174 - DEBUG - Subscribed with QOS: (0,)
2026-06-10 14:29:04,792 - MQTTClient - 141 - DEBUG - Connected to 10.7.7.62 successfully
2026-06-10 14:29:04,794 - MQTTClient - 174 - DEBUG - Subscribed with QOS: (0,)
2026-06-10 14:29:04,825 - MQTTClient - 174 - DEBUG - Subscribed with QOS: (0,)
2026-06-10 14:31:19,955 - MQTTClient - 99 - DEBUG - Published: /idms/api/v1/createControlX - {"type": "\u66dd\u6c14\u667a\u80fd\u4f53", "time": "2026-06-10 14:31:19", "algorithmVersion": "v1.0.0", "controller": "\u9ec4\u5188AI\u7b97\u6cd5\u63a7\u5236", "outputCommand": "\u98ce\u673a\u8f6e\u6362\uff1a1\u53f7\u8fde\u7eed\u8fd0\u884c0.00\u5929\uff0c\u51c6\u5907\u542f\u52a82\u53f7"}
2026-06-10 14:31:19,955 - MQTTClient - 177 - DEBUG - Message published (mid=3)
2026-06-10 14:31:19,957 - MQTTClient - 99 - DEBUG - Published: Rpc/ - {"\u865a\u62df\u8bbe\u5907": {"\u4e00\u671f2\u53f7\u98ce\u673a\u542f\u505c": 1}}
2026-06-10 14:31:19,958 - MQTTClient - 177 - DEBUG - Message published (mid=4)
2026-06-10 14:31:19,959 - MQTTClient - 99 - DEBUG - Published: Rpc/ - {"\u865a\u62df\u8bbe\u5907": {"\u4e00\u671f2\u53f7\u98ce\u673a\u542f\u505c": 2, "\u4e00\u671f2\u53f7\u98ce\u673aSV\u503c": 78}}
2026-06-10 14:31:19,959 - MQTTClient - 177 - DEBUG - Message published (mid=5)
2026-06-10 14:31:19,960 - MQTTClient - 99 - DEBUG - Published: Rpc/ - {"\u865a\u62df\u8bbe\u5907": {"\u4e00\u671f1\u53f7\u98ce\u673a\u542f\u505c": 3, "\u4e00\u671f1\u53f7\u98ce\u673aSV\u503c": 0}}
2026-06-10 14:31:19,961 - MQTTClient - 177 - DEBUG - Message published (mid=6)
2026-06-10 14:31:19,963 - MQTTClient - 99 - DEBUG - Published: /idms/api/v1/createControlX - {"type": "\u66dd\u6c14\u667a\u80fd\u4f53", "time": "2026-06-10 14:31:19", "algorithmVersion": "v1.0.0", "controller": "\u9ec4\u5188AI\u7b97\u6cd5\u63a7\u5236", "outputCommand": "\u98ce\u673a\u8f6e\u6362\uff1a4\u53f7\u8fde\u7eed\u8fd0\u884c0.00\u5929\uff0c\u51c6\u5907\u542f\u52a85\u53f7"}
2026-06-10 14:31:19,963 - MQTTClient - 177 - DEBUG - Message published (mid=7)
2026-06-10 14:31:19,964 - MQTTClient - 99 - DEBUG - Published: Rpc/ - {"\u865a\u62df\u8bbe\u5907": {"\u4e8c\u671f2\u53f7\u98ce\u673a\u542f\u505c": 1}}
2026-06-10 14:31:19,965 - MQTTClient - 177 - DEBUG - Message published (mid=8)
2026-06-10 14:31:19,966 - MQTTClient - 99 - DEBUG - Published: Rpc/ - {"\u865a\u62df\u8bbe\u5907": {"\u4e8c\u671f2\u53f7\u98ce\u673a\u542f\u505c": 2, "\u4e8c\u671f2\u53f7\u98ce\u673aSV\u503c": 72}}
2026-06-10 14:31:19,966 - MQTTClient - 177 - DEBUG - Message published (mid=9)
2026-06-10 14:31:19,967 - MQTTClient - 99 - DEBUG - Published: Rpc/ - {"\u865a\u62df\u8bbe\u5907": {"\u4e8c\u671f1\u53f7\u98ce\u673a\u542f\u505c": 3, "\u4e8c\u671f1\u53f7\u98ce\u673aSV\u503c": 0}}
2026-06-10 14:31:19,968 - MQTTClient - 177 - DEBUG - Message published (mid=10)
2026-06-10 14:31:19,971 - MQTTClient - 177 - DEBUG - Message published (mid=11)
2026-06-10 14:31:19,972 - MQTTClient - 99 - DEBUG - Published: /idms/api/v1/createControlX - {"type": "\u66dd\u6c14\u667a\u80fd\u4f53", "time": "2026-06-10 14:31:19", "algorithmVersion": "v1.0.0", "controller": "\u9ec4\u5188AI\u7b97\u6cd5\u63a7\u5236", "outputCommand": "\u98ce\u673a\u8f6e\u6362\uff1a9\u53f7\u8fde\u7eed\u8fd0\u884c0.00\u5929\uff0c\u51c6\u5907\u542f\u52a88\u53f7"}
2026-06-10 14:31:19,973 - MQTTClient - 177 - DEBUG - Message published (mid=12)
2026-06-10 14:31:19,973 - MQTTClient - 99 - DEBUG - Published: Rpc/ - {"\u865a\u62df\u8bbe\u5907": {"\u4e8c\u671f5\u53f7\u98ce\u673a\u542f\u505c": 1}}
2026-06-10 14:31:19,975 - MQTTClient - 177 - DEBUG - Message published (mid=13)
2026-06-10 14:31:19,975 - MQTTClient - 99 - DEBUG - Published: Rpc/ - {"\u865a\u62df\u8bbe\u5907": {"\u4e8c\u671f5\u53f7\u98ce\u673a\u542f\u505c": 2, "\u4e8c\u671f5\u53f7\u98ce\u673aSV\u503c": 72}}
2026-06-10 14:31:19,977 - MQTTClient - 99 - DEBUG - Published: Rpc/ - {"\u865a\u62df\u8bbe\u5907": {"\u4e8c\u671f6\u53f7\u98ce\u673a\u542f\u505c": 3, "\u4e8c\u671f6\u53f7\u98ce\u673aSV\u503c": 0}}
2026-06-10 14:31:19,977 - MQTTClient - 177 - DEBUG - Message published (mid=14)
2026-06-10 14:31:19,978 - MQTTClient - 99 - DEBUG - Published: Rpc/ - {"\u865a\u62df\u8bbe\u5907": {"\u4e00\u671f1\u53f7\u98ce\u673a\u542f\u505c": 1}}
2026-06-10 14:31:19,979 - MQTTClient - 177 - DEBUG - Message published (mid=15)
2026-06-10 14:31:19,982 - MQTTClient - 99 - DEBUG - Published: Rpc/ - {"\u865a\u62df\u8bbe\u5907": {"\u4e00\u671f1\u53f7\u98ce\u673aSV\u503c": 73.0}}
2026-06-10 14:31:19,982 - MQTTClient - 177 - DEBUG - Message published (mid=16)
2026-06-10 14:31:19,986 - MQTTClient - 99 - DEBUG - Published: Rpc/ - {"\u865a\u62df\u8bbe\u5907": {"\u4e00\u671f3\u53f7\u98ce\u673a\u542f\u505c": 1}}
2026-06-10 14:31:19,986 - MQTTClient - 177 - DEBUG - Message published (mid=17)
2026-06-10 14:31:19,989 - MQTTClient - 177 - DEBUG - Message published (mid=18)
2026-06-10 14:31:19,989 - MQTTClient - 99 - DEBUG - Published: Rpc/ - {"\u865a\u62df\u8bbe\u5907": {"\u4e00\u671f3\u53f7\u98ce\u673aSV\u503c": 73.0}}
2026-06-10 14:31:19,991 - MQTTClient - 99 - DEBUG - Published: Rpc/ - {"\u865a\u62df\u8bbe\u5907": {"\u4e8c\u671f1\u53f7\u98ce\u673a\u542f\u505c": 1}}
2026-06-10 14:31:19,991 - MQTTClient - 177 - DEBUG - Message published (mid=19)
2026-06-10 14:31:19,994 - MQTTClient - 99 - DEBUG - Published: Rpc/ - {"\u865a\u62df\u8bbe\u5907": {"\u4e8c\u671f1\u53f7\u98ce\u673aSV\u503c": 67.0}}
2026-06-10 14:31:19,994 - MQTTClient - 177 - DEBUG - Message published (mid=20)
2026-06-10 14:31:19,995 - MQTTClient - 99 - DEBUG - Published: Rpc/ - {"\u865a\u62df\u8bbe\u5907": {"\u4e8c\u671f3\u53f7\u98ce\u673a\u542f\u505c": 1}}
2026-06-10 14:31:19,996 - MQTTClient - 177 - DEBUG - Message published (mid=21)
2026-06-10 14:31:20,000 - MQTTClient - 99 - DEBUG - Published: Rpc/ - {"\u865a\u62df\u8bbe\u5907": {"\u4e8c\u671f3\u53f7\u98ce\u673aSV\u503c": 77.0}}
2026-06-10 14:31:20,001 - MQTTClient - 177 - DEBUG - Message published (mid=22)
2026-06-10 14:31:20,002 - MQTTClient - 99 - DEBUG - Published: Rpc/ - {"\u865a\u62df\u8bbe\u5907": {"\u4e8c\u671f6\u53f7\u98ce\u673a\u542f\u505c": 1}}
2026-06-10 14:31:20,004 - MQTTClient - 177 - DEBUG - Message published (mid=23)
2026-06-10 14:31:20,006 - MQTTClient - 99 - DEBUG - Published: Rpc/ - {"\u865a\u62df\u8bbe\u5907": {"\u4e8c\u671f6\u53f7\u98ce\u673aSV\u503c": 67.0}}
2026-06-10 14:31:20,006 - MQTTClient - 177 - DEBUG - Message published (mid=24)
2026-06-10 14:31:20,008 - MQTTClient - 99 - DEBUG - Published: /idms/api/v1/createControlX - {"type": "\u66dd\u6c14\u667a\u80fd\u4f53", "time": "2026-06-10 14:31:19", "algorithmVersion": "v1.0.0", "controller": "\u9ec4\u5188AI\u7b97\u6cd5\u63a7\u5236", "outputCommand": "\u4e00\u671f\u751f\u7269\u6c60#\u5b9e\u65f6\uff1a\u4e00\u671f\u6eb6\u89e3\u6c27\uff1a3.01mg/L\uff0c\u76ee\u6807\u503c\uff1a2mg/L#\u4e00\u671f1\u53f7\u98ce\u673a\u8fd0\u884c\uff0c\u53cd\u9988\uff1a78%\uff0c\u4e0a\u9650\uff1a100%\uff0c\u4e0b\u9650\uff1a55%\uff0c\u63a7\u5236\u8f93\u51fa\uff1a0%\u4e00\u671f3\u53f7\u98ce\u673a\u8fd0\u884c\uff0c\u53cd\u9988\uff1a78%\uff0c\u4e0a\u9650\uff1a100%\uff0c\u4e0b\u9650\uff1a55%\uff0c\u63a7\u5236\u8f93\u51fa\uff1a71.9%\u4e8c\u671f\u751f\u7269\u6c60#\u5b9e\u65f6\uff1a\u4e8c\u671f\u6eb6\u89e3\u6c27\uff1a1.35mg/L\uff0c\u76ee\u6807\u503c\uff1a2mg/L#\u4e8c\u671f1\u53f7\u98ce\u673a\u8fd0\u884c\uff0c\u53cd\u9988\uff1a72%\uff0c\u4e0a\u9650\uff1a98%\uff0c\u4e0b\u9650\uff1a55%\uff0c\u63a7\u5236\u8f93\u51fa\uff1a0%\u4e8c\u671f3\u53f7\u98ce\u673a\u8fd0\u884c\uff0c\u53cd\u9988\uff1a72%\uff0c\u4e0a\u9650\uff1a98%\uff0c\u4e0b\u9650\uff1a55%\uff0c\u63a7\u5236\u8f93\u51fa\uff1a79.8%\u4e8c\u671f6\u53f7\u98ce\u673a\u8fd0\u884c\uff0c\u53cd\u9988\uff1a72%\uff0c\u4e0a\u9650\uff1a98%\uff0c\u4e0b\u9650\uff1a55%\uff0c\u63a7\u5236\u8f93\u51fa\uff1a0%"}
2026-06-10 14:31:20,008 - MQTTClient - 177 - DEBUG - Message published (mid=25)
2026-06-10 14:31:34,988 - MQTTClient - 177 - DEBUG - Message published (mid=26)
2026-06-10 14:31:34,988 - MQTTClient - 99 - DEBUG - Published: Rpc/ - {"\u865a\u62df\u8bbe\u5907": {"\u4e00\u671f1\u53f7\u98ce\u673aSV\u503c": 68.0}}
2026-06-10 14:31:34,996 - MQTTClient - 177 - DEBUG - Message published (mid=27)
2026-06-10 14:31:34,996 - MQTTClient - 99 - DEBUG - Published: Rpc/ - {"\u865a\u62df\u8bbe\u5907": {"\u4e00\u671f3\u53f7\u98ce\u673aSV\u503c": 71.9}}
2026-06-10 14:31:34,998 - MQTTClient - 177 - DEBUG - Message published (mid=28)
2026-06-10 14:31:34,998 - MQTTClient - 99 - DEBUG - Published: Rpc/ - {"\u865a\u62df\u8bbe\u5907": {"\u4e8c\u671f1\u53f7\u98ce\u673aSV\u503c": 62.0}}
2026-06-10 14:31:35,006 - MQTTClient - 177 - DEBUG - Message published (mid=29)
2026-06-10 14:31:35,006 - MQTTClient - 99 - DEBUG - Published: Rpc/ - {"\u865a\u62df\u8bbe\u5907": {"\u4e8c\u671f3\u53f7\u98ce\u673aSV\u503c": 79.8}}
2026-06-10 14:31:35,010 - MQTTClient - 177 - DEBUG - Message published (mid=30)
2026-06-10 14:31:35,010 - MQTTClient - 99 - DEBUG - Published: Rpc/ - {"\u865a\u62df\u8bbe\u5907": {"\u4e8c\u671f6\u53f7\u98ce\u673aSV\u503c": 62.0}}
2026-06-10 14:31:49,996 - MQTTClient - 99 - DEBUG - Published: Rpc/ - {"\u865a\u62df\u8bbe\u5907": {"\u4e00\u671f1\u53f7\u98ce\u673aSV\u503c": 63.0}}
2026-06-10 14:31:49,996 - MQTTClient - 177 - DEBUG - Message published (mid=31)
2026-06-10 14:31:50,008 - MQTTClient - 177 - DEBUG - Message published (mid=32)
2026-06-10 14:31:50,009 - MQTTClient - 99 - DEBUG - Published: Rpc/ - {"\u865a\u62df\u8bbe\u5907": {"\u4e8c\u671f1\u53f7\u98ce\u673aSV\u503c": 57.0}}
2026-06-10 14:31:50,025 - MQTTClient - 177 - DEBUG - Message published (mid=33)
2026-06-10 14:31:50,029 - MQTTClient - 99 - DEBUG - Published: Rpc/ - {"\u865a\u62df\u8bbe\u5907": {"\u4e8c\u671f6\u53f7\u98ce\u673aSV\u503c": 57.0}}
2026-06-10 14:32:05,000 - MQTTClient - 177 - DEBUG - Message published (mid=34)
2026-06-10 14:32:05,001 - MQTTClient - 99 - DEBUG - Published: Rpc/ - {"\u865a\u62df\u8bbe\u5907": {"\u4e00\u671f1\u53f7\u98ce\u673aSV\u503c": 58.0}}
2026-06-10 14:32:05,015 - MQTTClient - 177 - DEBUG - Message published (mid=35)
2026-06-10 14:32:05,016 - MQTTClient - 99 - DEBUG - Published: Rpc/ - {"\u865a\u62df\u8bbe\u5907": {"\u4e8c\u671f1\u53f7\u98ce\u673aSV\u503c": 52.0}}
2026-06-10 14:32:05,035 - MQTTClient - 177 - DEBUG - Message published (mid=36)
2026-06-10 14:32:05,035 - MQTTClient - 99 - DEBUG - Published: Rpc/ - {"\u865a\u62df\u8bbe\u5907": {"\u4e8c\u671f6\u53f7\u98ce\u673aSV\u503c": 52.0}}
2026-06-10 14:32:20,004 - MQTTClient - 99 - DEBUG - Published: Rpc/ - {"\u865a\u62df\u8bbe\u5907": {"\u4e00\u671f1\u53f7\u98ce\u673aSV\u503c": 53.0}}
2026-06-10 14:32:20,004 - MQTTClient - 177 - DEBUG - Message published (mid=37)
2026-06-10 14:32:20,023 - MQTTClient - 177 - DEBUG - Message published (mid=38)
2026-06-10 14:32:20,027 - MQTTClient - 99 - DEBUG - Published: Rpc/ - {"\u865a\u62df\u8bbe\u5907": {"\u4e8c\u671f1\u53f7\u98ce\u673aSV\u503c": 47.0}}
2026-06-10 14:32:20,041 - MQTTClient - 177 - DEBUG - Message published (mid=39)
2026-06-10 14:32:20,042 - MQTTClient - 99 - DEBUG - Published: Rpc/ - {"\u865a\u62df\u8bbe\u5907": {"\u4e8c\u671f6\u53f7\u98ce\u673aSV\u503c": 47.0}}
2026-06-10 14:32:20,106 - MQTTClient - 99 - DEBUG - Published: /idms/api/v1/createControlX - {"type": "\u66dd\u6c14\u667a\u80fd\u4f53", "time": "2026-06-10 14:32:20", "algorithmVersion": "v1.0.0", "controller": "\u9ec4\u5188AI\u7b97\u6cd5\u63a7\u5236", "outputCommand": "\u98ce\u673a\u8f6e\u6362\uff1a1\u53f7\u8fde\u7eed\u8fd0\u884c0.00\u5929\uff0c\u51c6\u5907\u542f\u52a82\u53f7"}
2026-06-10 14:32:20,106 - MQTTClient - 177 - DEBUG - Message published (mid=40)
2026-06-10 14:32:20,107 - MQTTClient - 99 - DEBUG - Published: Rpc/ - {"\u865a\u62df\u8bbe\u5907": {"\u4e00\u671f2\u53f7\u98ce\u673a\u542f\u505c": 1}}
2026-06-10 14:32:20,108 - MQTTClient - 177 - DEBUG - Message published (mid=41)
2026-06-10 14:32:20,108 - MQTTClient - 99 - DEBUG - Published: Rpc/ - {"\u865a\u62df\u8bbe\u5907": {"\u4e00\u671f2\u53f7\u98ce\u673a\u542f\u505c": 2, "\u4e00\u671f2\u53f7\u98ce\u673aSV\u503c": 78}}
2026-06-10 14:32:20,110 - MQTTClient - 177 - DEBUG - Message published (mid=42)
2026-06-10 14:32:20,111 - MQTTClient - 99 - DEBUG - Published: Rpc/ - {"\u865a\u62df\u8bbe\u5907": {"\u4e00\u671f1\u53f7\u98ce\u673a\u542f\u505c": 3, "\u4e00\u671f1\u53f7\u98ce\u673aSV\u503c": 0}}
2026-06-10 14:32:20,112 - MQTTClient - 177 - DEBUG - Message published (mid=43)
2026-06-10 14:32:20,113 - MQTTClient - 99 - DEBUG - Published: /idms/api/v1/createControlX - {"type": "\u66dd\u6c14\u667a\u80fd\u4f53", "time": "2026-06-10 14:32:20", "algorithmVersion": "v1.0.0", "controller": "\u9ec4\u5188AI\u7b97\u6cd5\u63a7\u5236", "outputCommand": "\u98ce\u673a\u8f6e\u6362\uff1a4\u53f7\u8fde\u7eed\u8fd0\u884c0.00\u5929\uff0c\u51c6\u5907\u542f\u52a85\u53f7"}
2026-06-10 14:32:20,113 - MQTTClient - 177 - DEBUG - Message published (mid=44)
2026-06-10 14:32:20,114 - MQTTClient - 99 - DEBUG - Published: Rpc/ - {"\u865a\u62df\u8bbe\u5907": {"\u4e8c\u671f2\u53f7\u98ce\u673a\u542f\u505c": 1}}
2026-06-10 14:32:20,116 - MQTTClient - 177 - DEBUG - Message published (mid=45)
2026-06-10 14:32:20,116 - MQTTClient - 99 - DEBUG - Published: Rpc/ - {"\u865a\u62df\u8bbe\u5907": {"\u4e8c\u671f2\u53f7\u98ce\u673a\u542f\u505c": 2, "\u4e8c\u671f2\u53f7\u98ce\u673aSV\u503c": 72}}
2026-06-10 14:32:20,118 - MQTTClient - 177 - DEBUG - Message published (mid=46)
2026-06-10 14:32:20,118 - MQTTClient - 99 - DEBUG - Published: Rpc/ - {"\u865a\u62df\u8bbe\u5907": {"\u4e8c\u671f1\u53f7\u98ce\u673a\u542f\u505c": 3, "\u4e8c\u671f1\u53f7\u98ce\u673aSV\u503c": 0}}
2026-06-10 14:32:20,118 - MQTTClient - 177 - DEBUG - Message published (mid=47)
2026-06-10 14:32:20,120 - MQTTClient - 99 - DEBUG - Published: /idms/api/v1/createControlX - {"type": "\u66dd\u6c14\u667a\u80fd\u4f53", "time": "2026-06-10 14:32:20", "algorithmVersion": "v1.0.0", "controller": "\u9ec4\u5188AI\u7b97\u6cd5\u63a7\u5236", "outputCommand": "\u98ce\u673a\u8f6e\u6362\uff1a9\u53f7\u8fde\u7eed\u8fd0\u884c0.00\u5929\uff0c\u51c6\u5907\u542f\u52a88\u53f7"}
2026-06-10 14:32:20,121 - MQTTClient - 177 - DEBUG - Message published (mid=48)
2026-06-10 14:32:20,123 - MQTTClient - 99 - DEBUG - Published: Rpc/ - {"\u865a\u62df\u8bbe\u5907": {"\u4e8c\u671f5\u53f7\u98ce\u673a\u542f\u505c": 1}}
2026-06-10 14:32:20,124 - MQTTClient - 177 - DEBUG - Message published (mid=49)
2026-06-10 14:32:20,126 - MQTTClient - 99 - DEBUG - Published: Rpc/ - {"\u865a\u62df\u8bbe\u5907": {"\u4e8c\u671f5\u53f7\u98ce\u673a\u542f\u505c": 2, "\u4e8c\u671f5\u53f7\u98ce\u673aSV\u503c": 72}}
2026-06-10 14:32:20,126 - MQTTClient - 177 - DEBUG - Message published (mid=50)
2026-06-10 14:32:20,126 - MQTTClient - 99 - DEBUG - Published: Rpc/ - {"\u865a\u62df\u8bbe\u5907": {"\u4e8c\u671f6\u53f7\u98ce\u673a\u542f\u505c": 3, "\u4e8c\u671f6\u53f7\u98ce\u673aSV\u503c": 0}}
2026-06-10 14:32:20,128 - MQTTClient - 177 - DEBUG - Message published (mid=51)
2026-06-10 14:32:35,006 - MQTTClient - 99 - DEBUG - Published: Rpc/ - {"\u865a\u62df\u8bbe\u5907": {"\u4e00\u671f1\u53f7\u98ce\u673aSV\u503c": 48.0}}
2026-06-10 14:32:35,007 - MQTTClient - 177 - DEBUG - Message published (mid=52)
2026-06-10 14:32:35,033 - MQTTClient - 99 - DEBUG - Published: Rpc/ - {"\u865a\u62df\u8bbe\u5907": {"\u4e8c\u671f1\u53f7\u98ce\u673aSV\u503c": 42.0}}
2026-06-10 14:32:35,033 - MQTTClient - 177 - DEBUG - Message published (mid=53)
2026-06-10 14:32:35,046 - MQTTClient - 99 - DEBUG - Published: Rpc/ - {"\u865a\u62df\u8bbe\u5907": {"\u4e8c\u671f6\u53f7\u98ce\u673aSV\u503c": 42.0}}
2026-06-10 14:32:35,046 - MQTTClient - 177 - DEBUG - Message published (mid=54)
2026-06-10 14:32:50,011 - MQTTClient - 99 - DEBUG - Published: Rpc/ - {"\u865a\u62df\u8bbe\u5907": {"\u4e00\u671f1\u53f7\u98ce\u673aSV\u503c": 43.0}}
2026-06-10 14:32:50,011 - MQTTClient - 177 - DEBUG - Message published (mid=55)
2026-06-10 14:32:50,037 - MQTTClient - 99 - DEBUG - Published: Rpc/ - {"\u865a\u62df\u8bbe\u5907": {"\u4e8c\u671f1\u53f7\u98ce\u673aSV\u503c": 37.0}}
2026-06-10 14:32:50,037 - MQTTClient - 177 - DEBUG - Message published (mid=56)
2026-06-10 14:32:50,048 - MQTTClient - 99 - DEBUG - Published: Rpc/ - {"\u865a\u62df\u8bbe\u5907": {"\u4e8c\u671f6\u53f7\u98ce\u673aSV\u503c": 37.0}}
2026-06-10 14:32:50,048 - MQTTClient - 177 - DEBUG - Message published (mid=57)
2026-06-10 14:33:05,014 - MQTTClient - 99 - DEBUG - Published: Rpc/ - {"\u865a\u62df\u8bbe\u5907": {"\u4e00\u671f1\u53f7\u98ce\u673aSV\u503c": 38.0}}
2026-06-10 14:33:05,014 - MQTTClient - 177 - DEBUG - Message published (mid=58)
2026-06-10 14:33:05,039 - MQTTClient - 99 - DEBUG - Published: Rpc/ - {"\u865a\u62df\u8bbe\u5907": {"\u4e8c\u671f1\u53f7\u98ce\u673aSV\u503c": 32.0}}
2026-06-10 14:33:05,039 - MQTTClient - 177 - DEBUG - Message published (mid=59)
2026-06-10 14:33:05,051 - MQTTClient - 99 - DEBUG - Published: Rpc/ - {"\u865a\u62df\u8bbe\u5907": {"\u4e8c\u671f6\u53f7\u98ce\u673aSV\u503c": 32.0}}
2026-06-10 14:33:05,052 - MQTTClient - 177 - DEBUG - Message published (mid=60)
2026-06-10 14:33:20,017 - MQTTClient - 99 - DEBUG - Published: Rpc/ - {"\u865a\u62df\u8bbe\u5907": {"\u4e00\u671f1\u53f7\u98ce\u673aSV\u503c": 33.0}}
2026-06-10 14:33:20,017 - MQTTClient - 177 - DEBUG - Message published (mid=61)
2026-06-10 14:33:20,042 - MQTTClient - 99 - DEBUG - Published: Rpc/ - {"\u865a\u62df\u8bbe\u5907": {"\u4e8c\u671f1\u53f7\u98ce\u673aSV\u503c": 27.0}}
2026-06-10 14:33:20,042 - MQTTClient - 177 - DEBUG - Message published (mid=62)
2026-06-10 14:33:20,054 - MQTTClient - 99 - DEBUG - Published: Rpc/ - {"\u865a\u62df\u8bbe\u5907": {"\u4e8c\u671f6\u53f7\u98ce\u673aSV\u503c": 27.0}}
2026-06-10 14:33:20,054 - MQTTClient - 177 - DEBUG - Message published (mid=63)
2026-06-10 14:33:20,161 - MQTTClient - 99 - DEBUG - Published: /idms/api/v1/createControlX - {"type": "\u66dd\u6c14\u667a\u80fd\u4f53", "time": "2026-06-10 14:33:20", "algorithmVersion": "v1.0.0", "controller": "\u9ec4\u5188AI\u7b97\u6cd5\u63a7\u5236", "outputCommand": "\u98ce\u673a\u8f6e\u6362\uff1a1\u53f7\u8fde\u7eed\u8fd0\u884c0.00\u5929\uff0c\u51c6\u5907\u542f\u52a82\u53f7"}
2026-06-10 14:33:20,161 - MQTTClient - 177 - DEBUG - Message published (mid=64)
2026-06-10 14:33:20,162 - MQTTClient - 99 - DEBUG - Published: Rpc/ - {"\u865a\u62df\u8bbe\u5907": {"\u4e00\u671f2\u53f7\u98ce\u673a\u542f\u505c": 1}}
2026-06-10 14:33:20,162 - MQTTClient - 177 - DEBUG - Message published (mid=65)
2026-06-10 14:33:20,162 - MQTTClient - 99 - DEBUG - Published: Rpc/ - {"\u865a\u62df\u8bbe\u5907": {"\u4e00\u671f2\u53f7\u98ce\u673a\u542f\u505c": 2, "\u4e00\u671f2\u53f7\u98ce\u673aSV\u503c": 78}}
2026-06-10 14:33:20,163 - MQTTClient - 177 - DEBUG - Message published (mid=66)
2026-06-10 14:33:20,163 - MQTTClient - 99 - DEBUG - Published: Rpc/ - {"\u865a\u62df\u8bbe\u5907": {"\u4e00\u671f1\u53f7\u98ce\u673a\u542f\u505c": 3, "\u4e00\u671f1\u53f7\u98ce\u673aSV\u503c": 0}}
2026-06-10 14:33:20,163 - MQTTClient - 177 - DEBUG - Message published (mid=67)
2026-06-10 14:33:20,164 - MQTTClient - 99 - DEBUG - Published: /idms/api/v1/createControlX - {"type": "\u66dd\u6c14\u667a\u80fd\u4f53", "time": "2026-06-10 14:33:20", "algorithmVersion": "v1.0.0", "controller": "\u9ec4\u5188AI\u7b97\u6cd5\u63a7\u5236", "outputCommand": "\u98ce\u673a\u8f6e\u6362\uff1a4\u53f7\u8fde\u7eed\u8fd0\u884c0.00\u5929\uff0c\u51c6\u5907\u542f\u52a85\u53f7"}
2026-06-10 14:33:20,164 - MQTTClient - 177 - DEBUG - Message published (mid=68)
2026-06-10 14:33:20,165 - MQTTClient - 99 - DEBUG - Published: Rpc/ - {"\u865a\u62df\u8bbe\u5907": {"\u4e8c\u671f2\u53f7\u98ce\u673a\u542f\u505c": 1}}
2026-06-10 14:33:20,165 - MQTTClient - 177 - DEBUG - Message published (mid=69)
2026-06-10 14:33:20,165 - MQTTClient - 99 - DEBUG - Published: Rpc/ - {"\u865a\u62df\u8bbe\u5907": {"\u4e8c\u671f2\u53f7\u98ce\u673a\u542f\u505c": 2, "\u4e8c\u671f2\u53f7\u98ce\u673aSV\u503c": 72}}
2026-06-10 14:33:20,166 - MQTTClient - 177 - DEBUG - Message published (mid=70)
2026-06-10 14:33:20,166 - MQTTClient - 99 - DEBUG - Published: Rpc/ - {"\u865a\u62df\u8bbe\u5907": {"\u4e8c\u671f1\u53f7\u98ce\u673a\u542f\u505c": 3, "\u4e8c\u671f1\u53f7\u98ce\u673aSV\u503c": 0}}
2026-06-10 14:33:20,166 - MQTTClient - 177 - DEBUG - Message published (mid=71)
2026-06-10 14:33:20,167 - MQTTClient - 99 - DEBUG - Published: /idms/api/v1/createControlX - {"type": "\u66dd\u6c14\u667a\u80fd\u4f53", "time": "2026-06-10 14:33:20", "algorithmVersion": "v1.0.0", "controller": "\u9ec4\u5188AI\u7b97\u6cd5\u63a7\u5236", "outputCommand": "\u98ce\u673a\u8f6e\u6362\uff1a9\u53f7\u8fde\u7eed\u8fd0\u884c0.00\u5929\uff0c\u51c6\u5907\u542f\u52a88\u53f7"}
2026-06-10 14:33:20,168 - MQTTClient - 177 - DEBUG - Message published (mid=72)
2026-06-10 14:33:20,168 - MQTTClient - 99 - DEBUG - Published: Rpc/ - {"\u865a\u62df\u8bbe\u5907": {"\u4e8c\u671f5\u53f7\u98ce\u673a\u542f\u505c": 1}}
2026-06-10 14:33:20,168 - MQTTClient - 177 - DEBUG - Message published (mid=73)
2026-06-10 14:33:20,168 - MQTTClient - 99 - DEBUG - Published: Rpc/ - {"\u865a\u62df\u8bbe\u5907": {"\u4e8c\u671f5\u53f7\u98ce\u673a\u542f\u505c": 2, "\u4e8c\u671f5\u53f7\u98ce\u673aSV\u503c": 72}}
2026-06-10 14:33:20,169 - MQTTClient - 177 - DEBUG - Message published (mid=74)
2026-06-10 14:33:20,169 - MQTTClient - 99 - DEBUG - Published: Rpc/ - {"\u865a\u62df\u8bbe\u5907": {"\u4e8c\u671f6\u53f7\u98ce\u673a\u542f\u505c": 3, "\u4e8c\u671f6\u53f7\u98ce\u673aSV\u503c": 0}}
2026-06-10 14:33:20,169 - MQTTClient - 177 - DEBUG - Message published (mid=75)
2026-06-10 14:33:20,170 - MQTTClient - 99 - DEBUG - Published: Rpc/ - {"\u865a\u62df\u8bbe\u5907": {"\u4e00\u671f1\u53f7\u98ce\u673a\u542f\u505c": 1}}
2026-06-10 14:33:20,170 - MQTTClient - 177 - DEBUG - Message published (mid=76)
2026-06-10 14:33:20,171 - MQTTClient - 99 - DEBUG - Published: Rpc/ - {"\u865a\u62df\u8bbe\u5907": {"\u4e00\u671f1\u53f7\u98ce\u673aSV\u503c": 73.0}}
2026-06-10 14:33:20,172 - MQTTClient - 177 - DEBUG - Message published (mid=77)
2026-06-10 14:33:20,172 - MQTTClient - 99 - DEBUG - Published: Rpc/ - {"\u865a\u62df\u8bbe\u5907": {"\u4e00\u671f3\u53f7\u98ce\u673a\u542f\u505c": 1}}
2026-06-10 14:33:20,172 - MQTTClient - 177 - DEBUG - Message published (mid=78)
2026-06-10 14:33:20,173 - MQTTClient - 99 - DEBUG - Published: Rpc/ - {"\u865a\u62df\u8bbe\u5907": {"\u4e00\u671f3\u53f7\u98ce\u673aSV\u503c": 73.0}}
2026-06-10 14:33:20,174 - MQTTClient - 177 - DEBUG - Message published (mid=79)
2026-06-10 14:33:20,174 - MQTTClient - 99 - DEBUG - Published: Rpc/ - {"\u865a\u62df\u8bbe\u5907": {"\u4e8c\u671f1\u53f7\u98ce\u673a\u542f\u505c": 1}}
2026-06-10 14:33:20,175 - MQTTClient - 177 - DEBUG - Message published (mid=80)
2026-06-10 14:33:20,176 - MQTTClient - 99 - DEBUG - Published: Rpc/ - {"\u865a\u62df\u8bbe\u5907": {"\u4e8c\u671f1\u53f7\u98ce\u673aSV\u503c": 67.0}}
2026-06-10 14:33:20,176 - MQTTClient - 177 - DEBUG - Message published (mid=81)
2026-06-10 14:33:20,177 - MQTTClient - 99 - DEBUG - Published: Rpc/ - {"\u865a\u62df\u8bbe\u5907": {"\u4e8c\u671f3\u53f7\u98ce\u673a\u542f\u505c": 1}}
2026-06-10 14:33:20,178 - MQTTClient - 177 - DEBUG - Message published (mid=82)
2026-06-10 14:33:20,179 - MQTTClient - 99 - DEBUG - Published: Rpc/ - {"\u865a\u62df\u8bbe\u5907": {"\u4e8c\u671f3\u53f7\u98ce\u673aSV\u503c": 77.0}}
2026-06-10 14:33:20,179 - MQTTClient - 177 - DEBUG - Message published (mid=83)
2026-06-10 14:33:20,180 - MQTTClient - 99 - DEBUG - Published: Rpc/ - {"\u865a\u62df\u8bbe\u5907": {"\u4e8c\u671f6\u53f7\u98ce\u673a\u542f\u505c": 1}}
2026-06-10 14:33:20,181 - MQTTClient - 177 - DEBUG - Message published (mid=84)
2026-06-10 14:33:20,182 - MQTTClient - 99 - DEBUG - Published: Rpc/ - {"\u865a\u62df\u8bbe\u5907": {"\u4e8c\u671f6\u53f7\u98ce\u673aSV\u503c": 67.0}}
2026-06-10 14:33:20,182 - MQTTClient - 177 - DEBUG - Message published (mid=85)
2026-06-10 14:33:20,183 - MQTTClient - 99 - DEBUG - Published: /idms/api/v1/createControlX - {"type": "\u66dd\u6c14\u667a\u80fd\u4f53", "time": "2026-06-10 14:33:20", "algorithmVersion": "v1.0.0", "controller": "\u9ec4\u5188AI\u7b97\u6cd5\u63a7\u5236", "outputCommand": "\u4e00\u671f\u751f\u7269\u6c60#\u5b9e\u65f6\uff1a\u4e00\u671f\u6eb6\u89e3\u6c27\uff1a3.05mg/L\uff0c\u76ee\u6807\u503c\uff1a2mg/L#\u4e00\u671f1\u53f7\u98ce\u673a\u8fd0\u884c\uff0c\u53cd\u9988\uff1a78%\uff0c\u4e0a\u9650\uff1a100%\uff0c\u4e0b\u9650\uff1a55%\uff0c\u63a7\u5236\u8f93\u51fa\uff1a0%\u4e00\u671f3\u53f7\u98ce\u673a\u8fd0\u884c\uff0c\u53cd\u9988\uff1a78%\uff0c\u4e0a\u9650\uff1a100%\uff0c\u4e0b\u9650\uff1a55%\uff0c\u63a7\u5236\u8f93\u51fa\uff1a71.9%\u4e8c\u671f\u751f\u7269\u6c60#\u5b9e\u65f6\uff1a\u4e8c\u671f\u6eb6\u89e3\u6c27\uff1a0.88mg/L\uff0c\u76ee\u6807\u503c\uff1a2mg/L#\u4e8c\u671f1\u53f7\u98ce\u673a\u8fd0\u884c\uff0c\u53cd\u9988\uff1a72%\uff0c\u4e0a\u9650\uff1a98%\uff0c\u4e0b\u9650\uff1a55%\uff0c\u63a7\u5236\u8f93\u51fa\uff1a0%\u4e8c\u671f3\u53f7\u98ce\u673a\u8fd0\u884c\uff0c\u53cd\u9988\uff1a72%\uff0c\u4e0a\u9650\uff1a98%\uff0c\u4e0b\u9650\uff1a55%\uff0c\u63a7\u5236\u8f93\u51fa\uff1a80.0%\u4e8c\u671f6\u53f7\u98ce\u673a\u8fd0\u884c\uff0c\u53cd\u9988\uff1a72%\uff0c\u4e0a\u9650\uff1a98%\uff0c\u4e0b\u9650\uff1a55%\uff0c\u63a7\u5236\u8f93\u51fa\uff1a0%"}
2026-06-10 14:33:20,183 - MQTTClient - 177 - DEBUG - Message published (mid=86)
2026-06-10 14:33:35,021 - MQTTClient - 99 - DEBUG - Published: Rpc/ - {"\u865a\u62df\u8bbe\u5907": {"\u4e00\u671f1\u53f7\u98ce\u673aSV\u503c": 28.0}}
2026-06-10 14:33:35,022 - MQTTClient - 177 - DEBUG - Message published (mid=87)
2026-06-10 14:33:35,045 - MQTTClient - 99 - DEBUG - Published: Rpc/ - {"\u865a\u62df\u8bbe\u5907": {"\u4e8c\u671f1\u53f7\u98ce\u673aSV\u503c": 22.0}}
2026-06-10 14:33:35,045 - MQTTClient - 177 - DEBUG - Message published (mid=88)
2026-06-10 14:33:35,057 - MQTTClient - 99 - DEBUG - Published: Rpc/ - {"\u865a\u62df\u8bbe\u5907": {"\u4e8c\u671f6\u53f7\u98ce\u673aSV\u503c": 22.0}}
2026-06-10 14:33:35,057 - MQTTClient - 177 - DEBUG - Message published (mid=89)
2026-06-10 14:33:35,173 - MQTTClient - 99 - DEBUG - Published: Rpc/ - {"\u865a\u62df\u8bbe\u5907": {"\u4e00\u671f1\u53f7\u98ce\u673aSV\u503c": 68.0}}
2026-06-10 14:33:35,174 - MQTTClient - 177 - DEBUG - Message published (mid=90)
2026-06-10 14:33:35,175 - MQTTClient - 99 - DEBUG - Published: Rpc/ - {"\u865a\u62df\u8bbe\u5907": {"\u4e00\u671f3\u53f7\u98ce\u673aSV\u503c": 71.9}}
2026-06-10 14:33:35,175 - MQTTClient - 177 - DEBUG - Message published (mid=91)
2026-06-10 14:33:35,178 - MQTTClient - 177 - DEBUG - Message published (mid=92)
2026-06-10 14:33:35,178 - MQTTClient - 99 - DEBUG - Published: Rpc/ - {"\u865a\u62df\u8bbe\u5907": {"\u4e8c\u671f1\u53f7\u98ce\u673aSV\u503c": 62.0}}
2026-06-10 14:33:35,181 - MQTTClient - 177 - DEBUG - Message published (mid=93)
2026-06-10 14:33:35,181 - MQTTClient - 99 - DEBUG - Published: Rpc/ - {"\u865a\u62df\u8bbe\u5907": {"\u4e8c\u671f3\u53f7\u98ce\u673aSV\u503c": 80.0}}
2026-06-10 14:33:35,184 - MQTTClient - 99 - DEBUG - Published: Rpc/ - {"\u865a\u62df\u8bbe\u5907": {"\u4e8c\u671f6\u53f7\u98ce\u673aSV\u503c": 62.0}}
2026-06-10 14:33:35,184 - MQTTClient - 177 - DEBUG - Message published (mid=94)
2026-06-10 14:33:50,024 - MQTTClient - 99 - DEBUG - Published: Rpc/ - {"\u865a\u62df\u8bbe\u5907": {"\u4e00\u671f1\u53f7\u98ce\u673aSV\u503c": 23.0}}
2026-06-10 14:33:50,025 - MQTTClient - 177 - DEBUG - Message published (mid=95)
2026-06-10 14:33:50,048 - MQTTClient - 99 - DEBUG - Published: Rpc/ - {"\u865a\u62df\u8bbe\u5907": {"\u4e8c\u671f1\u53f7\u98ce\u673aSV\u503c": 17.0}}
2026-06-10 14:33:50,048 - MQTTClient - 177 - DEBUG - Message published (mid=96)
2026-06-10 14:33:50,059 - MQTTClient - 177 - DEBUG - Message published (mid=97)
2026-06-10 14:33:50,060 - MQTTClient - 99 - DEBUG - Published: Rpc/ - {"\u865a\u62df\u8bbe\u5907": {"\u4e8c\u671f6\u53f7\u98ce\u673aSV\u503c": 17.0}}
2026-06-10 14:33:50,177 - MQTTClient - 99 - DEBUG - Published: Rpc/ - {"\u865a\u62df\u8bbe\u5907": {"\u4e00\u671f1\u53f7\u98ce\u673aSV\u503c": 63.0}}
2026-06-10 14:33:50,178 - MQTTClient - 177 - DEBUG - Message published (mid=98)
2026-06-10 14:33:50,181 - MQTTClient - 99 - DEBUG - Published: Rpc/ - {"\u865a\u62df\u8bbe\u5907": {"\u4e8c\u671f1\u53f7\u98ce\u673aSV\u503c": 57.0}}
2026-06-10 14:33:50,181 - MQTTClient - 177 - DEBUG - Message published (mid=99)
2026-06-10 14:33:50,189 - MQTTClient - 177 - DEBUG - Message published (mid=100)
2026-06-10 14:33:50,189 - MQTTClient - 99 - DEBUG - Published: Rpc/ - {"\u865a\u62df\u8bbe\u5907": {"\u4e8c\u671f6\u53f7\u98ce\u673aSV\u503c": 57.0}}
2026-06-10 14:34:05,028 - MQTTClient - 99 - DEBUG - Published: Rpc/ - {"\u865a\u62df\u8bbe\u5907": {"\u4e00\u671f1\u53f7\u98ce\u673aSV\u503c": 18.0}}
2026-06-10 14:34:05,028 - MQTTClient - 177 - DEBUG - Message published (mid=101)
2026-06-10 14:34:05,050 - MQTTClient - 99 - DEBUG - Published: Rpc/ - {"\u865a\u62df\u8bbe\u5907": {"\u4e8c\u671f1\u53f7\u98ce\u673aSV\u503c": 12.0}}
2026-06-10 14:34:05,051 - MQTTClient - 177 - DEBUG - Message published (mid=102)
2026-06-10 14:34:05,062 - MQTTClient - 99 - DEBUG - Published: Rpc/ - {"\u865a\u62df\u8bbe\u5907": {"\u4e8c\u671f6\u53f7\u98ce\u673aSV\u503c": 12.0}}
2026-06-10 14:34:05,062 - MQTTClient - 177 - DEBUG - Message published (mid=103)
2026-06-10 14:34:05,179 - MQTTClient - 99 - DEBUG - Published: Rpc/ - {"\u865a\u62df\u8bbe\u5907": {"\u4e00\u671f1\u53f7\u98ce\u673aSV\u503c": 58.0}}
2026-06-10 14:34:05,180 - MQTTClient - 177 - DEBUG - Message published (mid=104)
2026-06-10 14:34:05,183 - MQTTClient - 99 - DEBUG - Published: Rpc/ - {"\u865a\u62df\u8bbe\u5907": {"\u4e8c\u671f1\u53f7\u98ce\u673aSV\u503c": 52.0}}
2026-06-10 14:34:05,183 - MQTTClient - 177 - DEBUG - Message published (mid=105)
2026-06-10 14:34:05,191 - MQTTClient - 99 - DEBUG - Published: Rpc/ - {"\u865a\u62df\u8bbe\u5907": {"\u4e8c\u671f6\u53f7\u98ce\u673aSV\u503c": 52.0}}
2026-06-10 14:34:05,191 - MQTTClient - 177 - DEBUG - Message published (mid=106)
2026-06-10 14:34:20,032 - MQTTClient - 177 - DEBUG - Message published (mid=107)
2026-06-10 14:34:20,033 - MQTTClient - 99 - DEBUG - Published: Rpc/ - {"\u865a\u62df\u8bbe\u5907": {"\u4e00\u671f1\u53f7\u98ce\u673aSV\u503c": 13.0}}
2026-06-10 14:34:20,052 - MQTTClient - 99 - DEBUG - Published: Rpc/ - {"\u865a\u62df\u8bbe\u5907": {"\u4e8c\u671f1\u53f7\u98ce\u673aSV\u503c": 7.0}}
2026-06-10 14:34:20,052 - MQTTClient - 177 - DEBUG - Message published (mid=108)
2026-06-10 14:34:20,066 - MQTTClient - 99 - DEBUG - Published: Rpc/ - {"\u865a\u62df\u8bbe\u5907": {"\u4e8c\u671f6\u53f7\u98ce\u673aSV\u503c": 7.0}}
2026-06-10 14:34:20,066 - MQTTClient - 177 - DEBUG - Message published (mid=109)
2026-06-10 14:34:20,182 - MQTTClient - 99 - DEBUG - Published: Rpc/ - {"\u865a\u62df\u8bbe\u5907": {"\u4e00\u671f1\u53f7\u98ce\u673aSV\u503c": 53.0}}
2026-06-10 14:34:20,183 - MQTTClient - 177 - DEBUG - Message published (mid=110)
2026-06-10 14:34:20,186 - MQTTClient - 99 - DEBUG - Published: Rpc/ - {"\u865a\u62df\u8bbe\u5907": {"\u4e8c\u671f1\u53f7\u98ce\u673aSV\u503c": 47.0}}
2026-06-10 14:34:20,186 - MQTTClient - 177 - DEBUG - Message published (mid=111)
2026-06-10 14:34:20,195 - MQTTClient - 99 - DEBUG - Published: Rpc/ - {"\u865a\u62df\u8bbe\u5907": {"\u4e8c\u671f6\u53f7\u98ce\u673aSV\u503c": 47.0}}
2026-06-10 14:34:20,195 - MQTTClient - 177 - DEBUG - Message published (mid=112)
2026-06-10 14:34:20,220 - MQTTClient - 99 - DEBUG - Published: /idms/api/v1/createControlX - {"type": "\u66dd\u6c14\u667a\u80fd\u4f53", "time": "2026-06-10 14:34:20", "algorithmVersion": "v1.0.0", "controller": "\u9ec4\u5188AI\u7b97\u6cd5\u63a7\u5236", "outputCommand": "\u98ce\u673a\u8f6e\u6362\uff1a1\u53f7\u8fde\u7eed\u8fd0\u884c0.00\u5929\uff0c\u51c6\u5907\u542f\u52a82\u53f7"}
2026-06-10 14:34:20,220 - MQTTClient - 177 - DEBUG - Message published (mid=113)
2026-06-10 14:34:20,220 - MQTTClient - 99 - DEBUG - Published: Rpc/ - {"\u865a\u62df\u8bbe\u5907": {"\u4e00\u671f2\u53f7\u98ce\u673a\u542f\u505c": 1}}
2026-06-10 14:34:20,220 - MQTTClient - 177 - DEBUG - Message published (mid=114)
2026-06-10 14:34:20,222 - MQTTClient - 99 - DEBUG - Published: Rpc/ - {"\u865a\u62df\u8bbe\u5907": {"\u4e00\u671f2\u53f7\u98ce\u673a\u542f\u505c": 2, "\u4e00\u671f2\u53f7\u98ce\u673aSV\u503c": 78}}
2026-06-10 14:34:20,222 - MQTTClient - 177 - DEBUG - Message published (mid=115)
2026-06-10 14:34:20,222 - MQTTClient - 99 - DEBUG - Published: Rpc/ - {"\u865a\u62df\u8bbe\u5907": {"\u4e00\u671f1\u53f7\u98ce\u673a\u542f\u505c": 3, "\u4e00\u671f1\u53f7\u98ce\u673aSV\u503c": 0}}
2026-06-10 14:34:20,222 - MQTTClient - 177 - DEBUG - Message published (mid=116)
2026-06-10 14:34:20,223 - MQTTClient - 99 - DEBUG - Published: /idms/api/v1/createControlX - {"type": "\u66dd\u6c14\u667a\u80fd\u4f53", "time": "2026-06-10 14:34:20", "algorithmVersion": "v1.0.0", "controller": "\u9ec4\u5188AI\u7b97\u6cd5\u63a7\u5236", "outputCommand": "\u98ce\u673a\u8f6e\u6362\uff1a4\u53f7\u8fde\u7eed\u8fd0\u884c0.00\u5929\uff0c\u51c6\u5907\u542f\u52a85\u53f7"}
2026-06-10 14:34:20,223 - MQTTClient - 177 - DEBUG - Message published (mid=117)
2026-06-10 14:34:20,223 - MQTTClient - 99 - DEBUG - Published: Rpc/ - {"\u865a\u62df\u8bbe\u5907": {"\u4e8c\u671f2\u53f7\u98ce\u673a\u542f\u505c": 1}}
2026-06-10 14:34:20,224 - MQTTClient - 177 - DEBUG - Message published (mid=118)
2026-06-10 14:34:20,224 - MQTTClient - 99 - DEBUG - Published: Rpc/ - {"\u865a\u62df\u8bbe\u5907": {"\u4e8c\u671f2\u53f7\u98ce\u673a\u542f\u505c": 2, "\u4e8c\u671f2\u53f7\u98ce\u673aSV\u503c": 72}}
2026-06-10 14:34:20,224 - MQTTClient - 177 - DEBUG - Message published (mid=119)
2026-06-10 14:34:20,224 - MQTTClient - 99 - DEBUG - Published: Rpc/ - {"\u865a\u62df\u8bbe\u5907": {"\u4e8c\u671f1\u53f7\u98ce\u673a\u542f\u505c": 3, "\u4e8c\u671f1\u53f7\u98ce\u673aSV\u503c": 0}}
2026-06-10 14:34:20,225 - MQTTClient - 177 - DEBUG - Message published (mid=120)
2026-06-10 14:34:20,226 - MQTTClient - 99 - DEBUG - Published: /idms/api/v1/createControlX - {"type": "\u66dd\u6c14\u667a\u80fd\u4f53", "time": "2026-06-10 14:34:20", "algorithmVersion": "v1.0.0", "controller": "\u9ec4\u5188AI\u7b97\u6cd5\u63a7\u5236", "outputCommand": "\u98ce\u673a\u8f6e\u6362\uff1a9\u53f7\u8fde\u7eed\u8fd0\u884c0.00\u5929\uff0c\u51c6\u5907\u542f\u52a88\u53f7"}
2026-06-10 14:34:20,226 - MQTTClient - 177 - DEBUG - Message published (mid=121)
2026-06-10 14:34:20,226 - MQTTClient - 99 - DEBUG - Published: Rpc/ - {"\u865a\u62df\u8bbe\u5907": {"\u4e8c\u671f5\u53f7\u98ce\u673a\u542f\u505c": 1}}
2026-06-10 14:34:20,226 - MQTTClient - 177 - DEBUG - Message published (mid=122)
2026-06-10 14:34:20,226 - MQTTClient - 99 - DEBUG - Published: Rpc/ - {"\u865a\u62df\u8bbe\u5907": {"\u4e8c\u671f5\u53f7\u98ce\u673a\u542f\u505c": 2, "\u4e8c\u671f5\u53f7\u98ce\u673aSV\u503c": 72}}
2026-06-10 14:34:20,226 - MQTTClient - 177 - DEBUG - Message published (mid=123)
2026-06-10 14:34:20,227 - MQTTClient - 99 - DEBUG - Published: Rpc/ - {"\u865a\u62df\u8bbe\u5907": {"\u4e8c\u671f6\u53f7\u98ce\u673a\u542f\u505c": 3, "\u4e8c\u671f6\u53f7\u98ce\u673aSV\u503c": 0}}
2026-06-10 14:34:20,227 - MQTTClient - 177 - DEBUG - Message published (mid=124)
2026-06-10 14:34:35,036 - MQTTClient - 99 - DEBUG - Published: Rpc/ - {"\u865a\u62df\u8bbe\u5907": {"\u4e00\u671f1\u53f7\u98ce\u673aSV\u503c": 8.0}}
2026-06-10 14:34:35,036 - MQTTClient - 177 - DEBUG - Message published (mid=125)
2026-06-10 14:34:35,054 - MQTTClient - 99 - DEBUG - Published: Rpc/ - {"\u865a\u62df\u8bbe\u5907": {"\u4e8c\u671f1\u53f7\u98ce\u673aSV\u503c": 2.0}}
2026-06-10 14:34:35,054 - MQTTClient - 177 - DEBUG - Message published (mid=126)
2026-06-10 14:34:35,070 - MQTTClient - 99 - DEBUG - Published: Rpc/ - {"\u865a\u62df\u8bbe\u5907": {"\u4e8c\u671f6\u53f7\u98ce\u673aSV\u503c": 2.0}}
2026-06-10 14:34:35,070 - MQTTClient - 177 - DEBUG - Message published (mid=127)
2026-06-10 14:34:35,186 - MQTTClient - 99 - DEBUG - Published: Rpc/ - {"\u865a\u62df\u8bbe\u5907": {"\u4e00\u671f1\u53f7\u98ce\u673aSV\u503c": 48.0}}
2026-06-10 14:34:35,187 - MQTTClient - 177 - DEBUG - Message published (mid=128)
2026-06-10 14:34:35,189 - MQTTClient - 99 - DEBUG - Published: Rpc/ - {"\u865a\u62df\u8bbe\u5907": {"\u4e8c\u671f1\u53f7\u98ce\u673aSV\u503c": 42.0}}
2026-06-10 14:34:35,189 - MQTTClient - 177 - DEBUG - Message published (mid=129)
2026-06-10 14:34:35,198 - MQTTClient - 99 - DEBUG - Published: Rpc/ - {"\u865a\u62df\u8bbe\u5907": {"\u4e8c\u671f6\u53f7\u98ce\u673aSV\u503c": 42.0}}
2026-06-10 14:34:35,198 - MQTTClient - 177 - DEBUG - Message published (mid=130)
2026-06-10 14:34:50,037 - MQTTClient - 99 - DEBUG - Published: Rpc/ - {"\u865a\u62df\u8bbe\u5907": {"\u4e00\u671f1\u53f7\u98ce\u673aSV\u503c": 3.0}}
2026-06-10 14:34:50,038 - MQTTClient - 177 - DEBUG - Message published (mid=131)
2026-06-10 14:34:50,056 - MQTTClient - 99 - DEBUG - Published: Rpc/ - {"\u865a\u62df\u8bbe\u5907": {"\u4e8c\u671f1\u53f7\u98ce\u673aSV\u503c": 0.0}}
2026-06-10 14:34:50,056 - MQTTClient - 177 - DEBUG - Message published (mid=132)
2026-06-10 14:34:50,073 - MQTTClient - 99 - DEBUG - Published: Rpc/ - {"\u865a\u62df\u8bbe\u5907": {"\u4e8c\u671f6\u53f7\u98ce\u673aSV\u503c": 0.0}}
2026-06-10 14:34:50,073 - MQTTClient - 177 - DEBUG - Message published (mid=133)
2026-06-10 14:34:50,189 - MQTTClient - 177 - DEBUG - Message published (mid=134)
2026-06-10 14:34:50,189 - MQTTClient - 99 - DEBUG - Published: Rpc/ - {"\u865a\u62df\u8bbe\u5907": {"\u4e00\u671f1\u53f7\u98ce\u673aSV\u503c": 43.0}}
2026-06-10 14:34:50,190 - MQTTClient - 99 - DEBUG - Published: Rpc/ - {"\u865a\u62df\u8bbe\u5907": {"\u4e8c\u671f1\u53f7\u98ce\u673aSV\u503c": 37.0}}
2026-06-10 14:34:50,190 - MQTTClient - 177 - DEBUG - Message published (mid=135)
2026-06-10 14:34:50,200 - MQTTClient - 99 - DEBUG - Published: Rpc/ - {"\u865a\u62df\u8bbe\u5907": {"\u4e8c\u671f6\u53f7\u98ce\u673aSV\u503c": 37.0}}
2026-06-10 14:34:50,200 - MQTTClient - 177 - DEBUG - Message published (mid=136)
2026-06-10 14:35:05,039 - MQTTClient - 99 - DEBUG - Published: Rpc/ - {"\u865a\u62df\u8bbe\u5907": {"\u4e00\u671f1\u53f7\u98ce\u673aSV\u503c": 0.0}}
2026-06-10 14:35:05,039 - MQTTClient - 177 - DEBUG - Message published (mid=137)
2026-06-10 14:35:05,191 - MQTTClient - 99 - DEBUG - Published: Rpc/ - {"\u865a\u62df\u8bbe\u5907": {"\u4e00\u671f1\u53f7\u98ce\u673aSV\u503c": 38.0}}
2026-06-10 14:35:05,191 - MQTTClient - 177 - DEBUG - Message published (mid=138)
2026-06-10 14:35:05,193 - MQTTClient - 99 - DEBUG - Published: Rpc/ - {"\u865a\u62df\u8bbe\u5907": {"\u4e8c\u671f1\u53f7\u98ce\u673aSV\u503c": 32.0}}
2026-06-10 14:35:05,193 - MQTTClient - 177 - DEBUG - Message published (mid=139)
2026-06-10 14:35:05,202 - MQTTClient - 99 - DEBUG - Published: Rpc/ - {"\u865a\u62df\u8bbe\u5907": {"\u4e8c\u671f6\u53f7\u98ce\u673aSV\u503c": 32.0}}
2026-06-10 14:35:05,202 - MQTTClient - 177 - DEBUG - Message published (mid=140)
2026-06-10 14:35:20,195 - MQTTClient - 177 - DEBUG - Message published (mid=141)
2026-06-10 14:35:20,195 - MQTTClient - 99 - DEBUG - Published: Rpc/ - {"\u865a\u62df\u8bbe\u5907": {"\u4e00\u671f1\u53f7\u98ce\u673aSV\u503c": 33.0}}
2026-06-10 14:35:20,196 - MQTTClient - 177 - DEBUG - Message published (mid=142)
2026-06-10 14:35:20,196 - MQTTClient - 99 - DEBUG - Published: Rpc/ - {"\u865a\u62df\u8bbe\u5907": {"\u4e8c\u671f1\u53f7\u98ce\u673aSV\u503c": 27.0}}
2026-06-10 14:35:20,204 - MQTTClient - 99 - DEBUG - Published: Rpc/ - {"\u865a\u62df\u8bbe\u5907": {"\u4e8c\u671f6\u53f7\u98ce\u673aSV\u503c": 27.0}}
2026-06-10 14:35:20,204 - MQTTClient - 177 - DEBUG - Message published (mid=143)
2026-06-10 14:35:20,264 - MQTTClient - 99 - DEBUG - Published: /idms/api/v1/createControlX - {"type": "\u66dd\u6c14\u667a\u80fd\u4f53", "time": "2026-06-10 14:35:20", "algorithmVersion": "v1.0.0", "controller": "\u9ec4\u5188AI\u7b97\u6cd5\u63a7\u5236", "outputCommand": "\u98ce\u673a\u8f6e\u6362\uff1a1\u53f7\u8fde\u7eed\u8fd0\u884c0.00\u5929\uff0c\u51c6\u5907\u542f\u52a82\u53f7"}
2026-06-10 14:35:20,264 - MQTTClient - 177 - DEBUG - Message published (mid=144)
2026-06-10 14:35:20,265 - MQTTClient - 99 - DEBUG - Published: Rpc/ - {"\u865a\u62df\u8bbe\u5907": {"\u4e00\u671f2\u53f7\u98ce\u673a\u542f\u505c": 1}}
2026-06-10 14:35:20,265 - MQTTClient - 177 - DEBUG - Message published (mid=145)
2026-06-10 14:35:20,265 - MQTTClient - 99 - DEBUG - Published: Rpc/ - {"\u865a\u62df\u8bbe\u5907": {"\u4e00\u671f2\u53f7\u98ce\u673a\u542f\u505c": 2, "\u4e00\u671f2\u53f7\u98ce\u673aSV\u503c": 78}}
2026-06-10 14:35:20,266 - MQTTClient - 177 - DEBUG - Message published (mid=146)
2026-06-10 14:35:20,266 - MQTTClient - 99 - DEBUG - Published: Rpc/ - {"\u865a\u62df\u8bbe\u5907": {"\u4e00\u671f1\u53f7\u98ce\u673a\u542f\u505c": 3, "\u4e00\u671f1\u53f7\u98ce\u673aSV\u503c": 0}}
2026-06-10 14:35:20,266 - MQTTClient - 177 - DEBUG - Message published (mid=147)
2026-06-10 14:35:20,267 - MQTTClient - 177 - DEBUG - Message published (mid=148)
2026-06-10 14:35:20,267 - MQTTClient - 99 - DEBUG - Published: /idms/api/v1/createControlX - {"type": "\u66dd\u6c14\u667a\u80fd\u4f53", "time": "2026-06-10 14:35:20", "algorithmVersion": "v1.0.0", "controller": "\u9ec4\u5188AI\u7b97\u6cd5\u63a7\u5236", "outputCommand": "\u98ce\u673a\u8f6e\u6362\uff1a4\u53f7\u8fde\u7eed\u8fd0\u884c0.00\u5929\uff0c\u51c6\u5907\u542f\u52a85\u53f7"}
2026-06-10 14:35:20,268 - MQTTClient - 99 - DEBUG - Published: Rpc/ - {"\u865a\u62df\u8bbe\u5907": {"\u4e8c\u671f2\u53f7\u98ce\u673a\u542f\u505c": 1}}
2026-06-10 14:35:20,268 - MQTTClient - 177 - DEBUG - Message published (mid=149)
2026-06-10 14:35:20,268 - MQTTClient - 99 - DEBUG - Published: Rpc/ - {"\u865a\u62df\u8bbe\u5907": {"\u4e8c\u671f2\u53f7\u98ce\u673a\u542f\u505c": 2, "\u4e8c\u671f2\u53f7\u98ce\u673aSV\u503c": 72}}
2026-06-10 14:35:20,269 - MQTTClient - 177 - DEBUG - Message published (mid=150)
2026-06-10 14:35:20,269 - MQTTClient - 99 - DEBUG - Published: Rpc/ - {"\u865a\u62df\u8bbe\u5907": {"\u4e8c\u671f1\u53f7\u98ce\u673a\u542f\u505c": 3, "\u4e8c\u671f1\u53f7\u98ce\u673aSV\u503c": 0}}
2026-06-10 14:35:20,269 - MQTTClient - 177 - DEBUG - Message published (mid=151)
2026-06-10 14:35:20,270 - MQTTClient - 99 - DEBUG - Published: /idms/api/v1/createControlX - {"type": "\u66dd\u6c14\u667a\u80fd\u4f53", "time": "2026-06-10 14:35:20", "algorithmVersion": "v1.0.0", "controller": "\u9ec4\u5188AI\u7b97\u6cd5\u63a7\u5236", "outputCommand": "\u98ce\u673a\u8f6e\u6362\uff1a9\u53f7\u8fde\u7eed\u8fd0\u884c0.00\u5929\uff0c\u51c6\u5907\u542f\u52a88\u53f7"}
2026-06-10 14:35:20,270 - MQTTClient - 177 - DEBUG - Message published (mid=152)
2026-06-10 14:35:20,270 - MQTTClient - 99 - DEBUG - Published: Rpc/ - {"\u865a\u62df\u8bbe\u5907": {"\u4e8c\u671f5\u53f7\u98ce\u673a\u542f\u505c": 1}}
2026-06-10 14:35:20,270 - MQTTClient - 177 - DEBUG - Message published (mid=153)
2026-06-10 14:35:20,270 - MQTTClient - 99 - DEBUG - Published: Rpc/ - {"\u865a\u62df\u8bbe\u5907": {"\u4e8c\u671f5\u53f7\u98ce\u673a\u542f\u505c": 2, "\u4e8c\u671f5\u53f7\u98ce\u673aSV\u503c": 72}}
2026-06-10 14:35:20,271 - MQTTClient - 177 - DEBUG - Message published (mid=154)
2026-06-10 14:35:20,271 - MQTTClient - 99 - DEBUG - Published: Rpc/ - {"\u865a\u62df\u8bbe\u5907": {"\u4e8c\u671f6\u53f7\u98ce\u673a\u542f\u505c": 3, "\u4e8c\u671f6\u53f7\u98ce\u673aSV\u503c": 0}}
2026-06-10 14:35:20,271 - MQTTClient - 177 - DEBUG - Message published (mid=155)
2026-06-10 14:35:20,271 - MQTTClient - 99 - DEBUG - Published: Rpc/ - {"\u865a\u62df\u8bbe\u5907": {"\u4e00\u671f1\u53f7\u98ce\u673a\u542f\u505c": 1}}
2026-06-10 14:35:20,271 - MQTTClient - 177 - DEBUG - Message published (mid=156)
2026-06-10 14:35:20,274 - MQTTClient - 177 - DEBUG - Message published (mid=157)
2026-06-10 14:35:20,274 - MQTTClient - 99 - DEBUG - Published: Rpc/ - {"\u865a\u62df\u8bbe\u5907": {"\u4e00\u671f1\u53f7\u98ce\u673aSV\u503c": 73.0}}
2026-06-10 14:35:20,274 - MQTTClient - 99 - DEBUG - Published: Rpc/ - {"\u865a\u62df\u8bbe\u5907": {"\u4e00\u671f3\u53f7\u98ce\u673a\u542f\u505c": 1}}
2026-06-10 14:35:20,274 - MQTTClient - 177 - DEBUG - Message published (mid=158)
2026-06-10 14:35:20,275 - MQTTClient - 99 - DEBUG - Published: Rpc/ - {"\u865a\u62df\u8bbe\u5907": {"\u4e00\u671f3\u53f7\u98ce\u673aSV\u503c": 73.0}}
2026-06-10 14:35:20,275 - MQTTClient - 177 - DEBUG - Message published (mid=159)
2026-06-10 14:35:20,276 - MQTTClient - 99 - DEBUG - Published: Rpc/ - {"\u865a\u62df\u8bbe\u5907": {"\u4e8c\u671f1\u53f7\u98ce\u673a\u542f\u505c": 1}}
2026-06-10 14:35:20,276 - MQTTClient - 177 - DEBUG - Message published (mid=160)
2026-06-10 14:35:20,277 - MQTTClient - 99 - DEBUG - Published: Rpc/ - {"\u865a\u62df\u8bbe\u5907": {"\u4e8c\u671f1\u53f7\u98ce\u673aSV\u503c": 67.0}}
2026-06-10 14:35:20,277 - MQTTClient - 177 - DEBUG - Message published (mid=161)
2026-06-10 14:35:20,277 - MQTTClient - 99 - DEBUG - Published: Rpc/ - {"\u865a\u62df\u8bbe\u5907": {"\u4e8c\u671f3\u53f7\u98ce\u673a\u542f\u505c": 1}}
2026-06-10 14:35:20,278 - MQTTClient - 177 - DEBUG - Message published (mid=162)
2026-06-10 14:35:20,279 - MQTTClient - 99 - DEBUG - Published: Rpc/ - {"\u865a\u62df\u8bbe\u5907": {"\u4e8c\u671f3\u53f7\u98ce\u673aSV\u503c": 77.0}}
2026-06-10 14:35:20,279 - MQTTClient - 177 - DEBUG - Message published (mid=163)
2026-06-10 14:35:20,279 - MQTTClient - 99 - DEBUG - Published: Rpc/ - {"\u865a\u62df\u8bbe\u5907": {"\u4e8c\u671f6\u53f7\u98ce\u673a\u542f\u505c": 1}}
2026-06-10 14:35:20,280 - MQTTClient - 177 - DEBUG - Message published (mid=164)
2026-06-10 14:35:20,281 - MQTTClient - 99 - DEBUG - Published: Rpc/ - {"\u865a\u62df\u8bbe\u5907": {"\u4e8c\u671f6\u53f7\u98ce\u673aSV\u503c": 67.0}}
2026-06-10 14:35:20,281 - MQTTClient - 177 - DEBUG - Message published (mid=165)
2026-06-10 14:35:20,281 - MQTTClient - 99 - DEBUG - Published: /idms/api/v1/createControlX - {"type": "\u66dd\u6c14\u667a\u80fd\u4f53", "time": "2026-06-10 14:35:20", "algorithmVersion": "v1.0.0", "controller": "\u9ec4\u5188AI\u7b97\u6cd5\u63a7\u5236", "outputCommand": "\u4e00\u671f\u751f\u7269\u6c60#\u5b9e\u65f6\uff1a\u4e00\u671f\u6eb6\u89e3\u6c27\uff1a3.11mg/L\uff0c\u76ee\u6807\u503c\uff1a2mg/L#\u4e00\u671f1\u53f7\u98ce\u673a\u8fd0\u884c\uff0c\u53cd\u9988\uff1a78%\uff0c\u4e0a\u9650\uff1a100%\uff0c\u4e0b\u9650\uff1a55%\uff0c\u63a7\u5236\u8f93\u51fa\uff1a0%\u4e00\u671f3\u53f7\u98ce\u673a\u8fd0\u884c\uff0c\u53cd\u9988\uff1a78%\uff0c\u4e0a\u9650\uff1a100%\uff0c\u4e0b\u9650\uff1a55%\uff0c\u63a7\u5236\u8f93\u51fa\uff1a71.8%\u4e8c\u671f\u751f\u7269\u6c60#\u5b9e\u65f6\uff1a\u4e8c\u671f\u6eb6\u89e3\u6c27\uff1a1.46mg/L\uff0c\u76ee\u6807\u503c\uff1a2mg/L#\u4e8c\u671f1\u53f7\u98ce\u673a\u8fd0\u884c\uff0c\u53cd\u9988\uff1a72%\uff0c\u4e0a\u9650\uff1a98%\uff0c\u4e0b\u9650\uff1a55%\uff0c\u63a7\u5236\u8f93\u51fa\uff1a0%\u4e8c\u671f3\u53f7\u98ce\u673a\u8fd0\u884c\uff0c\u53cd\u9988\uff1a72%\uff0c\u4e0a\u9650\uff1a98%\uff0c\u4e0b\u9650\uff1a55%\uff0c\u63a7\u5236\u8f93\u51fa\uff1a79.4%\u4e8c\u671f6\u53f7\u98ce\u673a\u8fd0\u884c\uff0c\u53cd\u9988\uff1a72%\uff0c\u4e0a\u9650\uff1a98%\uff0c\u4e0b\u9650\uff1a55%\uff0c\u63a7\u5236\u8f93\u51fa\uff1a0%"}
2026-06-10 14:35:20,281 - MQTTClient - 177 - DEBUG - Message published (mid=166)
2026-06-10 14:35:35,198 - MQTTClient - 99 - DEBUG - Published: Rpc/ - {"\u865a\u62df\u8bbe\u5907": {"\u4e00\u671f1\u53f7\u98ce\u673aSV\u503c": 28.0}}
2026-06-10 14:35:35,199 - MQTTClient - 177 - DEBUG - Message published (mid=167)
2026-06-10 14:35:35,200 - MQTTClient - 99 - DEBUG - Published: Rpc/ - {"\u865a\u62df\u8bbe\u5907": {"\u4e8c\u671f1\u53f7\u98ce\u673aSV\u503c": 22.0}}
2026-06-10 14:35:35,201 - MQTTClient - 177 - DEBUG - Message published (mid=168)
2026-06-10 14:35:35,206 - MQTTClient - 99 - DEBUG - Published: Rpc/ - {"\u865a\u62df\u8bbe\u5907": {"\u4e8c\u671f6\u53f7\u98ce\u673aSV\u503c": 22.0}}
2026-06-10 14:35:35,206 - MQTTClient - 177 - DEBUG - Message published (mid=169)
2026-06-10 14:35:35,276 - MQTTClient - 99 - DEBUG - Published: Rpc/ - {"\u865a\u62df\u8bbe\u5907": {"\u4e00\u671f1\u53f7\u98ce\u673aSV\u503c": 68.0}}
2026-06-10 14:35:35,276 - MQTTClient - 177 - DEBUG - Message published (mid=170)
2026-06-10 14:35:35,277 - MQTTClient - 99 - DEBUG - Published: Rpc/ - {"\u865a\u62df\u8bbe\u5907": {"\u4e00\u671f3\u53f7\u98ce\u673aSV\u503c": 71.8}}
2026-06-10 14:35:35,279 - MQTTClient - 177 - DEBUG - Message published (mid=171)
2026-06-10 14:35:35,279 - MQTTClient - 99 - DEBUG - Published: Rpc/ - {"\u865a\u62df\u8bbe\u5907": {"\u4e8c\u671f1\u53f7\u98ce\u673aSV\u503c": 62.0}}
2026-06-10 14:35:35,280 - MQTTClient - 99 - DEBUG - Published: Rpc/ - {"\u865a\u62df\u8bbe\u5907": {"\u4e8c\u671f3\u53f7\u98ce\u673aSV\u503c": 79.4}}
2026-06-10 14:35:35,281 - MQTTClient - 177 - DEBUG - Message published (mid=172)
2026-06-10 14:35:35,282 - MQTTClient - 99 - DEBUG - Published: Rpc/ - {"\u865a\u62df\u8bbe\u5907": {"\u4e8c\u671f6\u53f7\u98ce\u673aSV\u503c": 62.0}}
2026-06-10 14:35:35,284 - MQTTClient - 177 - DEBUG - Message published (mid=173)
2026-06-10 14:35:35,285 - MQTTClient - 177 - DEBUG - Message published (mid=174)
2026-06-10 14:35:50,203 - MQTTClient - 99 - DEBUG - Published: Rpc/ - {"\u865a\u62df\u8bbe\u5907": {"\u4e00\u671f1\u53f7\u98ce\u673aSV\u503c": 23.0}}
2026-06-10 14:35:50,204 - MQTTClient - 177 - DEBUG - Message published (mid=175)
2026-06-10 14:35:50,204 - MQTTClient - 99 - DEBUG - Published: Rpc/ - {"\u865a\u62df\u8bbe\u5907": {"\u4e8c\u671f1\u53f7\u98ce\u673aSV\u503c": 17.0}}
2026-06-10 14:35:50,205 - MQTTClient - 177 - DEBUG - Message published (mid=176)
2026-06-10 14:35:50,209 - MQTTClient - 99 - DEBUG - Published: Rpc/ - {"\u865a\u62df\u8bbe\u5907": {"\u4e8c\u671f6\u53f7\u98ce\u673aSV\u503c": 17.0}}
2026-06-10 14:35:50,209 - MQTTClient - 177 - DEBUG - Message published (mid=177)
2026-06-10 14:35:50,280 - MQTTClient - 99 - DEBUG - Published: Rpc/ - {"\u865a\u62df\u8bbe\u5907": {"\u4e00\u671f1\u53f7\u98ce\u673aSV\u503c": 63.0}}
2026-06-10 14:35:50,280 - MQTTClient - 177 - DEBUG - Message published (mid=178)
2026-06-10 14:35:50,284 - MQTTClient - 99 - DEBUG - Published: Rpc/ - {"\u865a\u62df\u8bbe\u5907": {"\u4e8c\u671f1\u53f7\u98ce\u673aSV\u503c": 57.0}}
2026-06-10 14:35:50,284 - MQTTClient - 177 - DEBUG - Message published (mid=179)
2026-06-10 14:35:50,286 - MQTTClient - 99 - DEBUG - Published: Rpc/ - {"\u865a\u62df\u8bbe\u5907": {"\u4e8c\u671f6\u53f7\u98ce\u673aSV\u503c": 57.0}}
2026-06-10 14:35:50,286 - MQTTClient - 177 - DEBUG - Message published (mid=180)
2026-06-10 14:36:05,206 - MQTTClient - 99 - DEBUG - Published: Rpc/ - {"\u865a\u62df\u8bbe\u5907": {"\u4e00\u671f1\u53f7\u98ce\u673aSV\u503c": 18.0}}
2026-06-10 14:36:05,206 - MQTTClient - 177 - DEBUG - Message published (mid=181)
2026-06-10 14:36:05,207 - MQTTClient - 99 - DEBUG - Published: Rpc/ - {"\u865a\u62df\u8bbe\u5907": {"\u4e8c\u671f1\u53f7\u98ce\u673aSV\u503c": 12.0}}
2026-06-10 14:36:05,207 - MQTTClient - 177 - DEBUG - Message published (mid=182)
2026-06-10 14:36:05,211 - MQTTClient - 99 - DEBUG - Published: Rpc/ - {"\u865a\u62df\u8bbe\u5907": {"\u4e8c\u671f6\u53f7\u98ce\u673aSV\u503c": 12.0}}
2026-06-10 14:36:05,211 - MQTTClient - 177 - DEBUG - Message published (mid=183)
2026-06-10 14:36:05,284 - MQTTClient - 99 - DEBUG - Published: Rpc/ - {"\u865a\u62df\u8bbe\u5907": {"\u4e00\u671f1\u53f7\u98ce\u673aSV\u503c": 58.0}}
2026-06-10 14:36:05,284 - MQTTClient - 177 - DEBUG - Message published (mid=184)
2026-06-10 14:36:05,287 - MQTTClient - 99 - DEBUG - Published: Rpc/ - {"\u865a\u62df\u8bbe\u5907": {"\u4e8c\u671f1\u53f7\u98ce\u673aSV\u503c": 52.0}}
2026-06-10 14:36:05,287 - MQTTClient - 177 - DEBUG - Message published (mid=185)
2026-06-10 14:36:05,289 - MQTTClient - 99 - DEBUG - Published: Rpc/ - {"\u865a\u62df\u8bbe\u5907": {"\u4e8c\u671f6\u53f7\u98ce\u673aSV\u503c": 52.0}}
2026-06-10 14:36:05,289 - MQTTClient - 177 - DEBUG - Message published (mid=186)
2026-06-10 14:36:20,208 - MQTTClient - 99 - DEBUG - Published: Rpc/ - {"\u865a\u62df\u8bbe\u5907": {"\u4e00\u671f1\u53f7\u98ce\u673aSV\u503c": 13.0}}
2026-06-10 14:36:20,208 - MQTTClient - 177 - DEBUG - Message published (mid=187)
2026-06-10 14:36:20,210 - MQTTClient - 99 - DEBUG - Published: Rpc/ - {"\u865a\u62df\u8bbe\u5907": {"\u4e8c\u671f1\u53f7\u98ce\u673aSV\u503c": 7.0}}
2026-06-10 14:36:20,210 - MQTTClient - 177 - DEBUG - Message published (mid=188)
2026-06-10 14:36:20,214 - MQTTClient - 99 - DEBUG - Published: Rpc/ - {"\u865a\u62df\u8bbe\u5907": {"\u4e8c\u671f6\u53f7\u98ce\u673aSV\u503c": 7.0}}
2026-06-10 14:36:20,214 - MQTTClient - 177 - DEBUG - Message published (mid=189)
2026-06-10 14:36:20,286 - MQTTClient - 99 - DEBUG - Published: Rpc/ - {"\u865a\u62df\u8bbe\u5907": {"\u4e00\u671f1\u53f7\u98ce\u673aSV\u503c": 53.0}}
2026-06-10 14:36:20,286 - MQTTClient - 177 - DEBUG - Message published (mid=190)
2026-06-10 14:36:20,288 - MQTTClient - 99 - DEBUG - Published: Rpc/ - {"\u865a\u62df\u8bbe\u5907": {"\u4e8c\u671f1\u53f7\u98ce\u673aSV\u503c": 47.0}}
2026-06-10 14:36:20,288 - MQTTClient - 177 - DEBUG - Message published (mid=191)
2026-06-10 14:36:20,290 - MQTTClient - 99 - DEBUG - Published: Rpc/ - {"\u865a\u62df\u8bbe\u5907": {"\u4e8c\u671f6\u53f7\u98ce\u673aSV\u503c": 47.0}}
2026-06-10 14:36:20,290 - MQTTClient - 177 - DEBUG - Message published (mid=192)
2026-06-10 14:36:20,312 - MQTTClient - 177 - DEBUG - Message published (mid=193)
2026-06-10 14:36:20,312 - MQTTClient - 99 - DEBUG - Published: /idms/api/v1/createControlX - {"type": "\u66dd\u6c14\u667a\u80fd\u4f53", "time": "2026-06-10 14:36:20", "algorithmVersion": "v1.0.0", "controller": "\u9ec4\u5188AI\u7b97\u6cd5\u63a7\u5236", "outputCommand": "\u98ce\u673a\u8f6e\u6362\uff1a1\u53f7\u8fde\u7eed\u8fd0\u884c0.00\u5929\uff0c\u51c6\u5907\u542f\u52a82\u53f7"}
2026-06-10 14:36:20,313 - MQTTClient - 99 - DEBUG - Published: Rpc/ - {"\u865a\u62df\u8bbe\u5907": {"\u4e00\u671f2\u53f7\u98ce\u673a\u542f\u505c": 1}}
2026-06-10 14:36:20,313 - MQTTClient - 177 - DEBUG - Message published (mid=194)
2026-06-10 14:36:20,313 - MQTTClient - 99 - DEBUG - Published: Rpc/ - {"\u865a\u62df\u8bbe\u5907": {"\u4e00\u671f2\u53f7\u98ce\u673a\u542f\u505c": 2, "\u4e00\u671f2\u53f7\u98ce\u673aSV\u503c": 78}}
2026-06-10 14:36:20,313 - MQTTClient - 177 - DEBUG - Message published (mid=195)
2026-06-10 14:36:20,314 - MQTTClient - 99 - DEBUG - Published: Rpc/ - {"\u865a\u62df\u8bbe\u5907": {"\u4e00\u671f1\u53f7\u98ce\u673a\u542f\u505c": 3, "\u4e00\u671f1\u53f7\u98ce\u673aSV\u503c": 0}}
2026-06-10 14:36:20,315 - MQTTClient - 177 - DEBUG - Message published (mid=196)
2026-06-10 14:36:20,316 - MQTTClient - 99 - DEBUG - Published: /idms/api/v1/createControlX - {"type": "\u66dd\u6c14\u667a\u80fd\u4f53", "time": "2026-06-10 14:36:20", "algorithmVersion": "v1.0.0", "controller": "\u9ec4\u5188AI\u7b97\u6cd5\u63a7\u5236", "outputCommand": "\u98ce\u673a\u8f6e\u6362\uff1a4\u53f7\u8fde\u7eed\u8fd0\u884c0.00\u5929\uff0c\u51c6\u5907\u542f\u52a85\u53f7"}
2026-06-10 14:36:20,316 - MQTTClient - 177 - DEBUG - Message published (mid=197)
2026-06-10 14:36:20,317 - MQTTClient - 99 - DEBUG - Published: Rpc/ - {"\u865a\u62df\u8bbe\u5907": {"\u4e8c\u671f2\u53f7\u98ce\u673a\u542f\u505c": 1}}
2026-06-10 14:36:20,317 - MQTTClient - 177 - DEBUG - Message published (mid=198)
2026-06-10 14:36:20,318 - MQTTClient - 99 - DEBUG - Published: Rpc/ - {"\u865a\u62df\u8bbe\u5907": {"\u4e8c\u671f2\u53f7\u98ce\u673a\u542f\u505c": 2, "\u4e8c\u671f2\u53f7\u98ce\u673aSV\u503c": 72}}
2026-06-10 14:36:20,318 - MQTTClient - 177 - DEBUG - Message published (mid=199)
2026-06-10 14:36:20,319 - MQTTClient - 99 - DEBUG - Published: Rpc/ - {"\u865a\u62df\u8bbe\u5907": {"\u4e8c\u671f1\u53f7\u98ce\u673a\u542f\u505c": 3, "\u4e8c\u671f1\u53f7\u98ce\u673aSV\u503c": 0}}
2026-06-10 14:36:20,320 - MQTTClient - 177 - DEBUG - Message published (mid=200)
2026-06-10 14:36:20,321 - MQTTClient - 99 - DEBUG - Published: /idms/api/v1/createControlX - {"type": "\u66dd\u6c14\u667a\u80fd\u4f53", "time": "2026-06-10 14:36:20", "algorithmVersion": "v1.0.0", "controller": "\u9ec4\u5188AI\u7b97\u6cd5\u63a7\u5236", "outputCommand": "\u98ce\u673a\u8f6e\u6362\uff1a9\u53f7\u8fde\u7eed\u8fd0\u884c0.00\u5929\uff0c\u51c6\u5907\u542f\u52a88\u53f7"}
2026-06-10 14:36:20,322 - MQTTClient - 177 - DEBUG - Message published (mid=201)
2026-06-10 14:36:20,323 - MQTTClient - 99 - DEBUG - Published: Rpc/ - {"\u865a\u62df\u8bbe\u5907": {"\u4e8c\u671f5\u53f7\u98ce\u673a\u542f\u505c": 1}}
2026-06-10 14:36:20,323 - MQTTClient - 177 - DEBUG - Message published (mid=202)
2026-06-10 14:36:20,324 - MQTTClient - 99 - DEBUG - Published: Rpc/ - {"\u865a\u62df\u8bbe\u5907": {"\u4e8c\u671f5\u53f7\u98ce\u673a\u542f\u505c": 2, "\u4e8c\u671f5\u53f7\u98ce\u673aSV\u503c": 72}}
2026-06-10 14:36:20,324 - MQTTClient - 177 - DEBUG - Message published (mid=203)
2026-06-10 14:36:20,324 - MQTTClient - 99 - DEBUG - Published: Rpc/ - {"\u865a\u62df\u8bbe\u5907": {"\u4e8c\u671f6\u53f7\u98ce\u673a\u542f\u505c": 3, "\u4e8c\u671f6\u53f7\u98ce\u673aSV\u503c": 0}}
2026-06-10 14:36:20,324 - MQTTClient - 177 - DEBUG - Message published (mid=204)
2026-06-10 14:36:35,210 - MQTTClient - 99 - DEBUG - Published: Rpc/ - {"\u865a\u62df\u8bbe\u5907": {"\u4e00\u671f1\u53f7\u98ce\u673aSV\u503c": 8.0}}
2026-06-10 14:36:35,210 - MQTTClient - 177 - DEBUG - Message published (mid=205)
2026-06-10 14:36:35,212 - MQTTClient - 99 - DEBUG - Published: Rpc/ - {"\u865a\u62df\u8bbe\u5907": {"\u4e8c\u671f1\u53f7\u98ce\u673aSV\u503c": 2.0}}
2026-06-10 14:36:35,212 - MQTTClient - 177 - DEBUG - Message published (mid=206)
2026-06-10 14:36:35,215 - MQTTClient - 99 - DEBUG - Published: Rpc/ - {"\u865a\u62df\u8bbe\u5907": {"\u4e8c\u671f6\u53f7\u98ce\u673aSV\u503c": 2.0}}
2026-06-10 14:36:35,215 - MQTTClient - 177 - DEBUG - Message published (mid=207)
2026-06-10 14:36:35,287 - MQTTClient - 177 - DEBUG - Message published (mid=208)
2026-06-10 14:36:35,287 - MQTTClient - 99 - DEBUG - Published: Rpc/ - {"\u865a\u62df\u8bbe\u5907": {"\u4e00\u671f1\u53f7\u98ce\u673aSV\u503c": 48.0}}
2026-06-10 14:36:35,290 - MQTTClient - 99 - DEBUG - Published: Rpc/ - {"\u865a\u62df\u8bbe\u5907": {"\u4e8c\u671f1\u53f7\u98ce\u673aSV\u503c": 42.0}}
2026-06-10 14:36:35,290 - MQTTClient - 177 - DEBUG - Message published (mid=209)
2026-06-10 14:36:35,293 - MQTTClient - 99 - DEBUG - Published: Rpc/ - {"\u865a\u62df\u8bbe\u5907": {"\u4e8c\u671f6\u53f7\u98ce\u673aSV\u503c": 42.0}}
2026-06-10 14:36:35,293 - MQTTClient - 177 - DEBUG - Message published (mid=210)
2026-06-10 14:36:50,211 - MQTTClient - 99 - DEBUG - Published: Rpc/ - {"\u865a\u62df\u8bbe\u5907": {"\u4e00\u671f1\u53f7\u98ce\u673aSV\u503c": 3.0}}
2026-06-10 14:36:50,211 - MQTTClient - 177 - DEBUG - Message published (mid=211)
2026-06-10 14:36:50,213 - MQTTClient - 99 - DEBUG - Published: Rpc/ - {"\u865a\u62df\u8bbe\u5907": {"\u4e8c\u671f1\u53f7\u98ce\u673aSV\u503c": 0.0}}
2026-06-10 14:36:50,213 - MQTTClient - 177 - DEBUG - Message published (mid=212)
2026-06-10 14:36:50,217 - MQTTClient - 99 - DEBUG - Published: Rpc/ - {"\u865a\u62df\u8bbe\u5907": {"\u4e8c\u671f6\u53f7\u98ce\u673aSV\u503c": 0.0}}
2026-06-10 14:36:50,217 - MQTTClient - 177 - DEBUG - Message published (mid=213)
2026-06-10 14:36:50,290 - MQTTClient - 99 - DEBUG - Published: Rpc/ - {"\u865a\u62df\u8bbe\u5907": {"\u4e00\u671f1\u53f7\u98ce\u673aSV\u503c": 43.0}}
2026-06-10 14:36:50,290 - MQTTClient - 177 - DEBUG - Message published (mid=214)
2026-06-10 14:36:50,291 - MQTTClient - 99 - DEBUG - Published: Rpc/ - {"\u865a\u62df\u8bbe\u5907": {"\u4e8c\u671f1\u53f7\u98ce\u673aSV\u503c": 37.0}}
2026-06-10 14:36:50,291 - MQTTClient - 177 - DEBUG - Message published (mid=215)
2026-06-10 14:36:50,295 - MQTTClient - 177 - DEBUG - Message published (mid=216)
2026-06-10 14:36:50,295 - MQTTClient - 99 - DEBUG - Published: Rpc/ - {"\u865a\u62df\u8bbe\u5907": {"\u4e8c\u671f6\u53f7\u98ce\u673aSV\u503c": 37.0}}
2026-06-10 14:37:05,214 - MQTTClient - 99 - DEBUG - Published: Rpc/ - {"\u865a\u62df\u8bbe\u5907": {"\u4e00\u671f1\u53f7\u98ce\u673aSV\u503c": 0.0}}
2026-06-10 14:37:05,214 - MQTTClient - 177 - DEBUG - Message published (mid=217)
2026-06-10 14:37:05,291 - MQTTClient - 99 - DEBUG - Published: Rpc/ - {"\u865a\u62df\u8bbe\u5907": {"\u4e00\u671f1\u53f7\u98ce\u673aSV\u503c": 38.0}}
2026-06-10 14:37:05,292 - MQTTClient - 177 - DEBUG - Message published (mid=218)
2026-06-10 14:37:05,292 - MQTTClient - 99 - DEBUG - Published: Rpc/ - {"\u865a\u62df\u8bbe\u5907": {"\u4e8c\u671f1\u53f7\u98ce\u673aSV\u503c": 32.0}}
2026-06-10 14:37:05,294 - MQTTClient - 177 - DEBUG - Message published (mid=219)
2026-06-10 14:37:05,297 - MQTTClient - 99 - DEBUG - Published: Rpc/ - {"\u865a\u62df\u8bbe\u5907": {"\u4e8c\u671f6\u53f7\u98ce\u673aSV\u503c": 32.0}}
2026-06-10 14:37:05,297 - MQTTClient - 177 - DEBUG - Message published (mid=220)
2026-06-10 14:37:20,297 - MQTTClient - 99 - DEBUG - Published: Rpc/ - {"\u865a\u62df\u8bbe\u5907": {"\u4e00\u671f1\u53f7\u98ce\u673aSV\u503c": 33.0}}
2026-06-10 14:37:20,297 - MQTTClient - 177 - DEBUG - Message published (mid=221)
2026-06-10 14:37:20,301 - MQTTClient - 99 - DEBUG - Published: Rpc/ - {"\u865a\u62df\u8bbe\u5907": {"\u4e8c\u671f1\u53f7\u98ce\u673aSV\u503c": 27.0}}
2026-06-10 14:37:20,301 - MQTTClient - 177 - DEBUG - Message published (mid=222)
2026-06-10 14:37:20,302 - MQTTClient - 99 - DEBUG - Published: Rpc/ - {"\u865a\u62df\u8bbe\u5907": {"\u4e8c\u671f6\u53f7\u98ce\u673aSV\u503c": 27.0}}
2026-06-10 14:37:20,304 - MQTTClient - 177 - DEBUG - Message published (mid=223)
2026-06-10 14:37:20,387 - MQTTClient - 99 - DEBUG - Published: /idms/api/v1/createControlX - {"type": "\u66dd\u6c14\u667a\u80fd\u4f53", "time": "2026-06-10 14:37:20", "algorithmVersion": "v1.0.0", "controller": "\u9ec4\u5188AI\u7b97\u6cd5\u63a7\u5236", "outputCommand": "\u98ce\u673a\u8f6e\u6362\uff1a1\u53f7\u8fde\u7eed\u8fd0\u884c0.01\u5929\uff0c\u51c6\u5907\u542f\u52a82\u53f7"}
2026-06-10 14:37:20,387 - MQTTClient - 177 - DEBUG - Message published (mid=224)
2026-06-10 14:37:20,388 - MQTTClient - 99 - DEBUG - Published: Rpc/ - {"\u865a\u62df\u8bbe\u5907": {"\u4e00\u671f2\u53f7\u98ce\u673a\u542f\u505c": 1}}
2026-06-10 14:37:20,388 - MQTTClient - 177 - DEBUG - Message published (mid=225)
2026-06-10 14:37:20,390 - MQTTClient - 99 - DEBUG - Published: Rpc/ - {"\u865a\u62df\u8bbe\u5907": {"\u4e00\u671f2\u53f7\u98ce\u673a\u542f\u505c": 2, "\u4e00\u671f2\u53f7\u98ce\u673aSV\u503c": 78}}
2026-06-10 14:37:20,390 - MQTTClient - 177 - DEBUG - Message published (mid=226)
2026-06-10 14:37:20,391 - MQTTClient - 99 - DEBUG - Published: Rpc/ - {"\u865a\u62df\u8bbe\u5907": {"\u4e00\u671f1\u53f7\u98ce\u673a\u542f\u505c": 3, "\u4e00\u671f1\u53f7\u98ce\u673aSV\u503c": 0}}
2026-06-10 14:37:20,391 - MQTTClient - 177 - DEBUG - Message published (mid=227)
2026-06-10 14:37:20,393 - MQTTClient - 99 - DEBUG - Published: /idms/api/v1/createControlX - {"type": "\u66dd\u6c14\u667a\u80fd\u4f53", "time": "2026-06-10 14:37:20", "algorithmVersion": "v1.0.0", "controller": "\u9ec4\u5188AI\u7b97\u6cd5\u63a7\u5236", "outputCommand": "\u98ce\u673a\u8f6e\u6362\uff1a4\u53f7\u8fde\u7eed\u8fd0\u884c0.01\u5929\uff0c\u51c6\u5907\u542f\u52a85\u53f7"}
2026-06-10 14:37:20,394 - MQTTClient - 177 - DEBUG - Message published (mid=228)
2026-06-10 14:37:20,394 - MQTTClient - 99 - DEBUG - Published: Rpc/ - {"\u865a\u62df\u8bbe\u5907": {"\u4e8c\u671f2\u53f7\u98ce\u673a\u542f\u505c": 1}}
2026-06-10 14:37:20,395 - MQTTClient - 177 - DEBUG - Message published (mid=229)
2026-06-10 14:37:20,396 - MQTTClient - 99 - DEBUG - Published: Rpc/ - {"\u865a\u62df\u8bbe\u5907": {"\u4e8c\u671f2\u53f7\u98ce\u673a\u542f\u505c": 2, "\u4e8c\u671f2\u53f7\u98ce\u673aSV\u503c": 72}}
2026-06-10 14:37:20,396 - MQTTClient - 177 - DEBUG - Message published (mid=230)
2026-06-10 14:37:20,397 - MQTTClient - 99 - DEBUG - Published: Rpc/ - {"\u865a\u62df\u8bbe\u5907": {"\u4e8c\u671f1\u53f7\u98ce\u673a\u542f\u505c": 3, "\u4e8c\u671f1\u53f7\u98ce\u673aSV\u503c": 0}}
2026-06-10 14:37:20,397 - MQTTClient - 177 - DEBUG - Message published (mid=231)
2026-06-10 14:37:20,400 - MQTTClient - 99 - DEBUG - Published: /idms/api/v1/createControlX - {"type": "\u66dd\u6c14\u667a\u80fd\u4f53", "time": "2026-06-10 14:37:20", "algorithmVersion": "v1.0.0", "controller": "\u9ec4\u5188AI\u7b97\u6cd5\u63a7\u5236", "outputCommand": "\u98ce\u673a\u8f6e\u6362\uff1a9\u53f7\u8fde\u7eed\u8fd0\u884c0.01\u5929\uff0c\u51c6\u5907\u542f\u52a88\u53f7"}
2026-06-10 14:37:20,400 - MQTTClient - 177 - DEBUG - Message published (mid=232)
2026-06-10 14:37:20,401 - MQTTClient - 99 - DEBUG - Published: Rpc/ - {"\u865a\u62df\u8bbe\u5907": {"\u4e8c\u671f5\u53f7\u98ce\u673a\u542f\u505c": 1}}
2026-06-10 14:37:20,402 - MQTTClient - 177 - DEBUG - Message published (mid=233)
2026-06-10 14:37:20,402 - MQTTClient - 99 - DEBUG - Published: Rpc/ - {"\u865a\u62df\u8bbe\u5907": {"\u4e8c\u671f5\u53f7\u98ce\u673a\u542f\u505c": 2, "\u4e8c\u671f5\u53f7\u98ce\u673aSV\u503c": 72}}
2026-06-10 14:37:20,403 - MQTTClient - 177 - DEBUG - Message published (mid=234)
2026-06-10 14:37:20,404 - MQTTClient - 99 - DEBUG - Published: Rpc/ - {"\u865a\u62df\u8bbe\u5907": {"\u4e8c\u671f6\u53f7\u98ce\u673a\u542f\u505c": 3, "\u4e8c\u671f6\u53f7\u98ce\u673aSV\u503c": 0}}
2026-06-10 14:37:20,404 - MQTTClient - 177 - DEBUG - Message published (mid=235)
2026-06-10 14:37:20,405 - MQTTClient - 99 - DEBUG - Published: Rpc/ - {"\u865a\u62df\u8bbe\u5907": {"\u4e00\u671f1\u53f7\u98ce\u673a\u542f\u505c": 1}}
2026-06-10 14:37:20,406 - MQTTClient - 177 - DEBUG - Message published (mid=236)
2026-06-10 14:37:20,409 - MQTTClient - 99 - DEBUG - Published: Rpc/ - {"\u865a\u62df\u8bbe\u5907": {"\u4e00\u671f1\u53f7\u98ce\u673aSV\u503c": 73.0}}
2026-06-10 14:37:20,409 - MQTTClient - 177 - DEBUG - Message published (mid=237)
2026-06-10 14:37:20,410 - MQTTClient - 99 - DEBUG - Published: Rpc/ - {"\u865a\u62df\u8bbe\u5907": {"\u4e00\u671f3\u53f7\u98ce\u673a\u542f\u505c": 1}}
2026-06-10 14:37:20,411 - MQTTClient - 177 - DEBUG - Message published (mid=238)
2026-06-10 14:37:20,413 - MQTTClient - 99 - DEBUG - Published: Rpc/ - {"\u865a\u62df\u8bbe\u5907": {"\u4e00\u671f3\u53f7\u98ce\u673aSV\u503c": 73.0}}
2026-06-10 14:37:20,413 - MQTTClient - 177 - DEBUG - Message published (mid=239)
2026-06-10 14:37:20,414 - MQTTClient - 99 - DEBUG - Published: Rpc/ - {"\u865a\u62df\u8bbe\u5907": {"\u4e8c\u671f1\u53f7\u98ce\u673a\u542f\u505c": 1}}
2026-06-10 14:37:20,415 - MQTTClient - 177 - DEBUG - Message published (mid=240)
2026-06-10 14:37:20,417 - MQTTClient - 99 - DEBUG - Published: Rpc/ - {"\u865a\u62df\u8bbe\u5907": {"\u4e8c\u671f1\u53f7\u98ce\u673aSV\u503c": 67.0}}
2026-06-10 14:37:20,417 - MQTTClient - 177 - DEBUG - Message published (mid=241)
2026-06-10 14:37:20,418 - MQTTClient - 99 - DEBUG - Published: Rpc/ - {"\u865a\u62df\u8bbe\u5907": {"\u4e8c\u671f3\u53f7\u98ce\u673a\u542f\u505c": 1}}
2026-06-10 14:37:20,419 - MQTTClient - 177 - DEBUG - Message published (mid=242)
2026-06-10 14:37:20,422 - MQTTClient - 99 - DEBUG - Published: Rpc/ - {"\u865a\u62df\u8bbe\u5907": {"\u4e8c\u671f3\u53f7\u98ce\u673aSV\u503c": 75.7}}
2026-06-10 14:37:20,423 - MQTTClient - 177 - DEBUG - Message published (mid=243)
2026-06-10 14:37:20,423 - MQTTClient - 99 - DEBUG - Published: Rpc/ - {"\u865a\u62df\u8bbe\u5907": {"\u4e8c\u671f6\u53f7\u98ce\u673a\u542f\u505c": 1}}
2026-06-10 14:37:20,424 - MQTTClient - 177 - DEBUG - Message published (mid=244)
2026-06-10 14:37:20,425 - MQTTClient - 99 - DEBUG - Published: Rpc/ - {"\u865a\u62df\u8bbe\u5907": {"\u4e8c\u671f6\u53f7\u98ce\u673aSV\u503c": 67.0}}
2026-06-10 14:37:20,426 - MQTTClient - 177 - DEBUG - Message published (mid=245)
2026-06-10 14:37:20,427 - MQTTClient - 99 - DEBUG - Published: /idms/api/v1/createControlX - {"type": "\u66dd\u6c14\u667a\u80fd\u4f53", "time": "2026-06-10 14:37:20", "algorithmVersion": "v1.0.0", "controller": "\u9ec4\u5188AI\u7b97\u6cd5\u63a7\u5236", "outputCommand": "\u4e00\u671f\u751f\u7269\u6c60#\u5b9e\u65f6\uff1a\u4e00\u671f\u6eb6\u89e3\u6c27\uff1a3.17mg/L\uff0c\u76ee\u6807\u503c\uff1a2mg/L#\u4e00\u671f1\u53f7\u98ce\u673a\u8fd0\u884c\uff0c\u53cd\u9988\uff1a78%\uff0c\u4e0a\u9650\uff1a100%\uff0c\u4e0b\u9650\uff1a55%\uff0c\u63a7\u5236\u8f93\u51fa\uff1a0%\u4e00\u671f3\u53f7\u98ce\u673a\u8fd0\u884c\uff0c\u53cd\u9988\uff1a78%\uff0c\u4e0a\u9650\uff1a100%\uff0c\u4e0b\u9650\uff1a55%\uff0c\u63a7\u5236\u8f93\u51fa\uff1a71.7%\u4e8c\u671f\u751f\u7269\u6c60#\u5b9e\u65f6\uff1a\u4e8c\u671f\u6eb6\u89e3\u6c27\uff1a1.64mg/L\uff0c\u76ee\u6807\u503c\uff1a2mg/L#\u4e8c\u671f1\u53f7\u98ce\u673a\u8fd0\u884c\uff0c\u53cd\u9988\uff1a72%\uff0c\u4e0a\u9650\uff1a98%\uff0c\u4e0b\u9650\uff1a55%\uff0c\u63a7\u5236\u8f93\u51fa\uff1a0%\u4e8c\u671f3\u53f7\u98ce\u673a\u8fd0\u884c\uff0c\u53cd\u9988\uff1a72%\uff0c\u4e0a\u9650\uff1a98%\uff0c\u4e0b\u9650\uff1a55%\uff0c\u63a7\u5236\u8f93\u51fa\uff1a75.7%\u4e8c\u671f6\u53f7\u98ce\u673a\u8fd0\u884c\uff0c\u53cd\u9988\uff1a72%\uff0c\u4e0a\u9650\uff1a98%\uff0c\u4e0b\u9650\uff1a55%\uff0c\u63a7\u5236\u8f93\u51fa\uff1a0%"}
2026-06-10 14:37:20,427 - MQTTClient - 177 - DEBUG - Message published (mid=246)
2026-06-10 14:37:35,300 - MQTTClient - 99 - DEBUG - Published: Rpc/ - {"\u865a\u62df\u8bbe\u5907": {"\u4e00\u671f1\u53f7\u98ce\u673aSV\u503c": 28.0}}
2026-06-10 14:37:35,300 - MQTTClient - 177 - DEBUG - Message published (mid=247)
2026-06-10 14:37:35,305 - MQTTClient - 99 - DEBUG - Published: Rpc/ - {"\u865a\u62df\u8bbe\u5907": {"\u4e8c\u671f1\u53f7\u98ce\u673aSV\u503c": 22.0}}
2026-06-10 14:37:35,305 - MQTTClient - 177 - DEBUG - Message published (mid=248)
2026-06-10 14:37:35,307 - MQTTClient - 99 - DEBUG - Published: Rpc/ - {"\u865a\u62df\u8bbe\u5907": {"\u4e8c\u671f6\u53f7\u98ce\u673aSV\u503c": 22.0}}
2026-06-10 14:37:35,307 - MQTTClient - 177 - DEBUG - Message published (mid=249)
2026-06-10 14:37:35,412 - MQTTClient - 99 - DEBUG - Published: Rpc/ - {"\u865a\u62df\u8bbe\u5907": {"\u4e00\u671f1\u53f7\u98ce\u673aSV\u503c": 68.0}}
2026-06-10 14:37:35,413 - MQTTClient - 177 - DEBUG - Message published (mid=250)
2026-06-10 14:37:35,415 - MQTTClient - 99 - DEBUG - Published: Rpc/ - {"\u865a\u62df\u8bbe\u5907": {"\u4e00\u671f3\u53f7\u98ce\u673aSV\u503c": 71.7}}
2026-06-10 14:37:35,415 - MQTTClient - 177 - DEBUG - Message published (mid=251)
2026-06-10 14:37:35,420 - MQTTClient - 177 - DEBUG - Message published (mid=252)
2026-06-10 14:37:35,420 - MQTTClient - 99 - DEBUG - Published: Rpc/ - {"\u865a\u62df\u8bbe\u5907": {"\u4e8c\u671f1\u53f7\u98ce\u673aSV\u503c": 62.0}}
2026-06-10 14:37:35,428 - MQTTClient - 99 - DEBUG - Published: Rpc/ - {"\u865a\u62df\u8bbe\u5907": {"\u4e8c\u671f6\u53f7\u98ce\u673aSV\u503c": 62.0}}
2026-06-10 14:37:35,428 - MQTTClient - 177 - DEBUG - Message published (mid=253)
2026-06-10 14:37:50,303 - MQTTClient - 99 - DEBUG - Published: Rpc/ - {"\u865a\u62df\u8bbe\u5907": {"\u4e00\u671f1\u53f7\u98ce\u673aSV\u503c": 23.0}}
2026-06-10 14:37:50,304 - MQTTClient - 177 - DEBUG - Message published (mid=254)
2026-06-10 14:37:50,308 - MQTTClient - 177 - DEBUG - Message published (mid=255)
2026-06-10 14:37:50,308 - MQTTClient - 99 - DEBUG - Published: Rpc/ - {"\u865a\u62df\u8bbe\u5907": {"\u4e8c\u671f1\u53f7\u98ce\u673aSV\u503c": 17.0}}
2026-06-10 14:37:50,309 - MQTTClient - 177 - DEBUG - Message published (mid=256)
2026-06-10 14:37:50,309 - MQTTClient - 99 - DEBUG - Published: Rpc/ - {"\u865a\u62df\u8bbe\u5907": {"\u4e8c\u671f6\u53f7\u98ce\u673aSV\u503c": 17.0}}
2026-06-10 14:37:50,415 - MQTTClient - 99 - DEBUG - Published: Rpc/ - {"\u865a\u62df\u8bbe\u5907": {"\u4e00\u671f1\u53f7\u98ce\u673aSV\u503c": 63.0}}
2026-06-10 14:37:50,415 - MQTTClient - 177 - DEBUG - Message published (mid=257)
2026-06-10 14:37:50,422 - MQTTClient - 99 - DEBUG - Published: Rpc/ - {"\u865a\u62df\u8bbe\u5907": {"\u4e8c\u671f1\u53f7\u98ce\u673aSV\u503c": 57.0}}
2026-06-10 14:37:50,422 - MQTTClient - 177 - DEBUG - Message published (mid=258)
2026-06-10 14:37:50,430 - MQTTClient - 99 - DEBUG - Published: Rpc/ - {"\u865a\u62df\u8bbe\u5907": {"\u4e8c\u671f6\u53f7\u98ce\u673aSV\u503c": 57.0}}
2026-06-10 14:37:50,431 - MQTTClient - 177 - DEBUG - Message published (mid=259)
2026-06-10 14:38:05,306 - MQTTClient - 99 - DEBUG - Published: Rpc/ - {"\u865a\u62df\u8bbe\u5907": {"\u4e00\u671f1\u53f7\u98ce\u673aSV\u503c": 18.0}}
2026-06-10 14:38:05,306 - MQTTClient - 177 - DEBUG - Message published (mid=260)
2026-06-10 14:38:05,311 - MQTTClient - 177 - DEBUG - Message published (mid=261)
2026-06-10 14:38:05,311 - MQTTClient - 99 - DEBUG - Published: Rpc/ - {"\u865a\u62df\u8bbe\u5907": {"\u4e8c\u671f1\u53f7\u98ce\u673aSV\u503c": 12.0}}
2026-06-10 14:38:05,312 - MQTTClient - 99 - DEBUG - Published: Rpc/ - {"\u865a\u62df\u8bbe\u5907": {"\u4e8c\u671f6\u53f7\u98ce\u673aSV\u503c": 12.0}}
2026-06-10 14:38:05,312 - MQTTClient - 177 - DEBUG - Message published (mid=262)
2026-06-10 14:38:05,418 - MQTTClient - 99 - DEBUG - Published: Rpc/ - {"\u865a\u62df\u8bbe\u5907": {"\u4e00\u671f1\u53f7\u98ce\u673aSV\u503c": 58.0}}
2026-06-10 14:38:05,419 - MQTTClient - 177 - DEBUG - Message published (mid=263)
2026-06-10 14:38:05,425 - MQTTClient - 99 - DEBUG - Published: Rpc/ - {"\u865a\u62df\u8bbe\u5907": {"\u4e8c\u671f1\u53f7\u98ce\u673aSV\u503c": 52.0}}
2026-06-10 14:38:05,426 - MQTTClient - 177 - DEBUG - Message published (mid=264)
2026-06-10 14:38:05,435 - MQTTClient - 99 - DEBUG - Published: Rpc/ - {"\u865a\u62df\u8bbe\u5907": {"\u4e8c\u671f6\u53f7\u98ce\u673aSV\u503c": 52.0}}
2026-06-10 14:38:05,435 - MQTTClient - 177 - DEBUG - Message published (mid=265)
2026-06-10 14:38:20,308 - MQTTClient - 177 - DEBUG - Message published (mid=266)
2026-06-10 14:38:20,308 - MQTTClient - 99 - DEBUG - Published: Rpc/ - {"\u865a\u62df\u8bbe\u5907": {"\u4e00\u671f1\u53f7\u98ce\u673aSV\u503c": 13.0}}
2026-06-10 14:38:20,314 - MQTTClient - 177 - DEBUG - Message published (mid=267)
2026-06-10 14:38:20,314 - MQTTClient - 99 - DEBUG - Published: Rpc/ - {"\u865a\u62df\u8bbe\u5907": {"\u4e8c\u671f1\u53f7\u98ce\u673aSV\u503c": 7.0}}
2026-06-10 14:38:20,316 - MQTTClient - 177 - DEBUG - Message published (mid=268)
2026-06-10 14:38:20,316 - MQTTClient - 99 - DEBUG - Published: Rpc/ - {"\u865a\u62df\u8bbe\u5907": {"\u4e8c\u671f6\u53f7\u98ce\u673aSV\u503c": 7.0}}
2026-06-10 14:38:20,422 - MQTTClient - 99 - DEBUG - Published: Rpc/ - {"\u865a\u62df\u8bbe\u5907": {"\u4e00\u671f1\u53f7\u98ce\u673aSV\u503c": 53.0}}
2026-06-10 14:38:20,422 - MQTTClient - 177 - DEBUG - Message published (mid=269)
2026-06-10 14:38:20,430 - MQTTClient - 177 - DEBUG - Message published (mid=270)
2026-06-10 14:38:20,430 - MQTTClient - 99 - DEBUG - Published: Rpc/ - {"\u865a\u62df\u8bbe\u5907": {"\u4e8c\u671f1\u53f7\u98ce\u673aSV\u503c": 47.0}}
2026-06-10 14:38:20,440 - MQTTClient - 99 - DEBUG - Published: Rpc/ - {"\u865a\u62df\u8bbe\u5907": {"\u4e8c\u671f6\u53f7\u98ce\u673aSV\u503c": 47.0}}
2026-06-10 14:38:20,440 - MQTTClient - 177 - DEBUG - Message published (mid=271)
2026-06-10 14:38:20,504 - MQTTClient - 99 - DEBUG - Published: /idms/api/v1/createControlX - {"type": "\u66dd\u6c14\u667a\u80fd\u4f53", "time": "2026-06-10 14:38:20", "algorithmVersion": "v1.0.0", "controller": "\u9ec4\u5188AI\u7b97\u6cd5\u63a7\u5236", "outputCommand": "\u98ce\u673a\u8f6e\u6362\uff1a1\u53f7\u8fde\u7eed\u8fd0\u884c0.01\u5929\uff0c\u51c6\u5907\u542f\u52a82\u53f7"}
2026-06-10 14:38:20,504 - MQTTClient - 177 - DEBUG - Message published (mid=272)
2026-06-10 14:38:20,505 - MQTTClient - 99 - DEBUG - Published: Rpc/ - {"\u865a\u62df\u8bbe\u5907": {"\u4e00\u671f2\u53f7\u98ce\u673a\u542f\u505c": 1}}
2026-06-10 14:38:20,507 - MQTTClient - 177 - DEBUG - Message published (mid=273)
2026-06-10 14:38:20,507 - MQTTClient - 99 - DEBUG - Published: Rpc/ - {"\u865a\u62df\u8bbe\u5907": {"\u4e00\u671f2\u53f7\u98ce\u673a\u542f\u505c": 2, "\u4e00\u671f2\u53f7\u98ce\u673aSV\u503c": 78}}
2026-06-10 14:38:20,508 - MQTTClient - 177 - DEBUG - Message published (mid=274)
2026-06-10 14:38:20,509 - MQTTClient - 99 - DEBUG - Published: Rpc/ - {"\u865a\u62df\u8bbe\u5907": {"\u4e00\u671f1\u53f7\u98ce\u673a\u542f\u505c": 3, "\u4e00\u671f1\u53f7\u98ce\u673aSV\u503c": 0}}
2026-06-10 14:38:20,509 - MQTTClient - 177 - DEBUG - Message published (mid=275)
2026-06-10 14:38:20,511 - MQTTClient - 177 - DEBUG - Message published (mid=276)
2026-06-10 14:38:20,512 - MQTTClient - 99 - DEBUG - Published: /idms/api/v1/createControlX - {"type": "\u66dd\u6c14\u667a\u80fd\u4f53", "time": "2026-06-10 14:38:20", "algorithmVersion": "v1.0.0", "controller": "\u9ec4\u5188AI\u7b97\u6cd5\u63a7\u5236", "outputCommand": "\u98ce\u673a\u8f6e\u6362\uff1a4\u53f7\u8fde\u7eed\u8fd0\u884c0.01\u5929\uff0c\u51c6\u5907\u542f\u52a85\u53f7"}
2026-06-10 14:38:20,513 - MQTTClient - 177 - DEBUG - Message published (mid=277)
2026-06-10 14:38:20,513 - MQTTClient - 99 - DEBUG - Published: Rpc/ - {"\u865a\u62df\u8bbe\u5907": {"\u4e8c\u671f2\u53f7\u98ce\u673a\u542f\u505c": 1}}
2026-06-10 14:38:20,515 - MQTTClient - 99 - DEBUG - Published: Rpc/ - {"\u865a\u62df\u8bbe\u5907": {"\u4e8c\u671f2\u53f7\u98ce\u673a\u542f\u505c": 2, "\u4e8c\u671f2\u53f7\u98ce\u673aSV\u503c": 72}}
2026-06-10 14:38:20,515 - MQTTClient - 177 - DEBUG - Message published (mid=278)
2026-06-10 14:38:20,516 - MQTTClient - 99 - DEBUG - Published: Rpc/ - {"\u865a\u62df\u8bbe\u5907": {"\u4e8c\u671f1\u53f7\u98ce\u673a\u542f\u505c": 3, "\u4e8c\u671f1\u53f7\u98ce\u673aSV\u503c": 0}}
2026-06-10 14:38:20,516 - MQTTClient - 177 - DEBUG - Message published (mid=279)
2026-06-10 14:38:20,518 - MQTTClient - 99 - DEBUG - Published: /idms/api/v1/createControlX - {"type": "\u66dd\u6c14\u667a\u80fd\u4f53", "time": "2026-06-10 14:38:20", "algorithmVersion": "v1.0.0", "controller": "\u9ec4\u5188AI\u7b97\u6cd5\u63a7\u5236", "outputCommand": "\u98ce\u673a\u8f6e\u6362\uff1a9\u53f7\u8fde\u7eed\u8fd0\u884c0.01\u5929\uff0c\u51c6\u5907\u542f\u52a88\u53f7"}
2026-06-10 14:38:20,518 - MQTTClient - 177 - DEBUG - Message published (mid=280)
2026-06-10 14:38:20,519 - MQTTClient - 99 - DEBUG - Published: Rpc/ - {"\u865a\u62df\u8bbe\u5907": {"\u4e8c\u671f5\u53f7\u98ce\u673a\u542f\u505c": 1}}
2026-06-10 14:38:20,520 - MQTTClient - 177 - DEBUG - Message published (mid=281)
2026-06-10 14:38:20,520 - MQTTClient - 99 - DEBUG - Published: Rpc/ - {"\u865a\u62df\u8bbe\u5907": {"\u4e8c\u671f5\u53f7\u98ce\u673a\u542f\u505c": 2, "\u4e8c\u671f5\u53f7\u98ce\u673aSV\u503c": 72}}
2026-06-10 14:38:20,521 - MQTTClient - 177 - DEBUG - Message published (mid=282)
2026-06-10 14:38:20,522 - MQTTClient - 99 - DEBUG - Published: Rpc/ - {"\u865a\u62df\u8bbe\u5907": {"\u4e8c\u671f6\u53f7\u98ce\u673a\u542f\u505c": 3, "\u4e8c\u671f6\u53f7\u98ce\u673aSV\u503c": 0}}
2026-06-10 14:38:20,522 - MQTTClient - 177 - DEBUG - Message published (mid=283)
2026-06-10 14:39:34,041 - MQTTClient - 141 - DEBUG - Connected to 10.7.7.62 successfully
2026-06-10 14:39:34,042 - MQTTClient - 174 - DEBUG - Subscribed with QOS: (0,)
2026-06-10 14:39:34,057 - MQTTClient - 174 - DEBUG - Subscribed with QOS: (0,)
